RegionID,RegionName,City,County,State,Metro,SizeRank,Month,MedianPctOfPriceReduction
121697,Columbia Heights,Washington,District of Columbia,DC,Washington,282,2010-09,4.761914
121697,Columbia Heights,Washington,District of Columbia,DC,Washington,282,2010-10,3.644262
121697,Columbia Heights,Washington,District of Columbia,DC,Washington,282,2010-11,4.168028
121697,Columbia Heights,Washington,District of Columbia,DC,Washington,282,2010-12,2.70622
121697,Columbia Heights,Washington,District of Columbia,DC,Washington,282,2011-01,3.039514
121697,Columbia Heights,Washington,District of Columbia,DC,Washington,282,2011-02,4.094426
121697,Columbia Heights,Washington,District of Columbia,DC,Washington,282,2011-03,3.90117
121697,Columbia Heights,Washington,District of Columbia,DC,Washington,282,2011-04,2.915452
121697,Columbia Heights,Washington,District of Columbia,DC,Washington,282,2011-05,2.862986
121697,Columbia Heights,Washington,District of Columbia,DC,Washington,282,2011-06,3.106796
121697,Columbia Heights,Washington,District of Columbia,DC,Washington,282,2011-07,2.643953
121697,Columbia Heights,Washington,District of Columbia,DC,Washington,282,2011-08,3.077397
121697,Columbia Heights,Washington,District of Columbia,DC,Washington,282,2011-09,2.28102
121697,Columbia Heights,Washington,District of Columbia,DC,Washington,282,2011-10,3.208505
121697,Columbia Heights,Washington,District of Columbia,DC,Washington,282,2011-11,3.897116
121697,Columbia Heights,Washington,District of Columbia,DC,Washington,282,2011-12,5.357143
121697,Columbia Heights,Washington,District of Columbia,DC,Washington,282,2012-01,2.944667
121697,Columbia Heights,Washington,District of Columbia,DC,Washington,282,2012-02,2.574558
121697,Columbia Heights,Washington,District of Columbia,DC,Washington,282,2012-03,5.345212
121697,Columbia Heights,Washington,District of Columbia,DC,Washington,282,2012-04,3.192169
121697,Columbia Heights,Washington,District of Columbia,DC,Washington,282,2012-05,3.136103
121697,Columbia Heights,Washington,District of Columbia,DC,Washington,282,2012-06,2.535524
121697,Columbia Heights,Washington,District of Columbia,DC,Washington,282,2012-07,2.832132
121697,Columbia Heights,Washington,District of Columbia,DC,Washington,282,2012-08,4.115538
121697,Columbia Heights,Washington,District of Columbia,DC,Washington,282,2012-09,3.737325
121697,Columbia Heights,Washington,District of Columbia,DC,Washington,282,2012-10,3.241307
121697,Columbia Heights,Washington,District of Columbia,DC,Washington,282,2012-11,3.268909
121697,Columbia Heights,Washington,District of Columbia,DC,Washington,282,2012-12,4.528096
121697,Columbia Heights,Washington,District of Columbia,DC,Washington,282,2013-01,4.416404
121697,Columbia Heights,Washington,District of Columbia,DC,Washington,282,2013-02,2.607385
121697,Columbia Heights,Washington,District of Columbia,DC,Washington,282,2013-03,4.16
121697,Columbia Heights,Washington,District of Columbia,DC,Washington,282,2013-04,3.15365
121697,Columbia Heights,Washington,District of Columbia,DC,Washington,282,2013-05,3.74147
121697,Columbia Heights,Washington,District of Columbia,DC,Washington,282,2013-06,4.166667
121697,Columbia Heights,Washington,District of Columbia,DC,Washington,282,2013-07,4.147176
121697,Columbia Heights,Washington,District of Columbia,DC,Washington,282,2013-08,2.068966
121697,Columbia Heights,Washington,District of Columbia,DC,Washington,282,2013-09,1.613424
121697,Columbia Heights,Washington,District of Columbia,DC,Washington,282,2013-10,2.337052
121697,Columbia Heights,Washington,District of Columbia,DC,Washington,282,2013-11,3.338898
121697,Columbia Heights,Washington,District of Columbia,DC,Washington,282,2013-12,2.638522
121697,Columbia Heights,Washington,District of Columbia,DC,Washington,282,2014-01,5.64156
121697,Columbia Heights,Washington,District of Columbia,DC,Washington,282,2014-02,3.847634
121697,Columbia Heights,Washington,District of Columbia,DC,Washington,282,2014-03,2.899391
121697,Columbia Heights,Washington,District of Columbia,DC,Washington,282,2014-04,3.307396
121697,Columbia Heights,Washington,District of Columbia,DC,Washington,282,2014-05,2.874384
121697,Columbia Heights,Washington,District of Columbia,DC,Washington,282,2014-06,1.904762
121697,Columbia Heights,Washington,District of Columbia,DC,Washington,282,2014-07,2.328884
121697,Columbia Heights,Washington,District of Columbia,DC,Washington,282,2014-08,3.638554
121697,Columbia Heights,Washington,District of Columbia,DC,Washington,282,2014-09,2.921642
121697,Columbia Heights,Washington,District of Columbia,DC,Washington,282,2014-10,3.002493
121697,Columbia Heights,Washington,District of Columbia,DC,Washington,282,2014-11,3.899721
121697,Columbia Heights,Washington,District of Columbia,DC,Washington,282,2014-12,3.231018
121697,Columbia Heights,Washington,District of Columbia,DC,Washington,282,2015-01,3.725931
121697,Columbia Heights,Washington,District of Columbia,DC,Washington,282,2015-02,2.86533
121697,Columbia Heights,Washington,District of Columbia,DC,Washington,282,2015-03,3.22584
121697,Columbia Heights,Washington,District of Columbia,DC,Washington,282,2015-04,3.532828
121697,Columbia Heights,Washington,District of Columbia,DC,Washington,282,2015-05,3.139325
121697,Columbia Heights,Washington,District of Columbia,DC,Washington,282,2015-06,4.461522
121697,Columbia Heights,Washington,District of Columbia,DC,Washington,282,2015-07,3.448276
121697,Columbia Heights,Washington,District of Columbia,DC,Washington,282,2015-08,3.017213
121697,Columbia Heights,Washington,District of Columbia,DC,Washington,282,2015-09,3.336207
121697,Columbia Heights,Washington,District of Columbia,DC,Washington,282,2015-10,2.698453
121697,Columbia Heights,Washington,District of Columbia,DC,Washington,282,2015-11,3.190914
121697,Columbia Heights,Washington,District of Columbia,DC,Washington,282,2015-12,2.930739
121697,Columbia Heights,Washington,District of Columbia,DC,Washington,282,2016-01,3.704252
121697,Columbia Heights,Washington,District of Columbia,DC,Washington,282,2016-02,3.333333
121697,Columbia Heights,Washington,District of Columbia,DC,Washington,282,2016-03,3.125391
121697,Columbia Heights,Washington,District of Columbia,DC,Washington,282,2016-04,3.666667
121697,Columbia Heights,Washington,District of Columbia,DC,Washington,282,2016-05,2.483745
121697,Columbia Heights,Washington,District of Columbia,DC,Washington,282,2016-06,2.709686
121697,Columbia Heights,Washington,District of Columbia,DC,Washington,282,2016-07,2.542543
121697,Columbia Heights,Washington,District of Columbia,DC,Washington,282,2016-08,3.263158
121685,Capitol Hill,Washington,District of Columbia,DC,Washington,348,2010-09,2.494219
121685,Capitol Hill,Washington,District of Columbia,DC,Washington,348,2010-10,3.130844
121685,Capitol Hill,Washington,District of Columbia,DC,Washington,348,2010-11,3.863172
121685,Capitol Hill,Washington,District of Columbia,DC,Washington,348,2010-12,3.348843
121685,Capitol Hill,Washington,District of Columbia,DC,Washington,348,2011-01,3.166108
121685,Capitol Hill,Washington,District of Columbia,DC,Washington,348,2011-02,4.639624
121685,Capitol Hill,Washington,District of Columbia,DC,Washington,348,2011-03,3.821437
121685,Capitol Hill,Washington,District of Columbia,DC,Washington,348,2011-04,2.556592
121685,Capitol Hill,Washington,District of Columbia,DC,Washington,348,2011-05,3.638554
121685,Capitol Hill,Washington,District of Columbia,DC,Washington,348,2011-06,3.236246
121685,Capitol Hill,Washington,District of Columbia,DC,Washington,348,2011-07,4.00016
121685,Capitol Hill,Washington,District of Columbia,DC,Washington,348,2011-08,4.203269
121685,Capitol Hill,Washington,District of Columbia,DC,Washington,348,2011-09,3.218975
121685,Capitol Hill,Washington,District of Columbia,DC,Washington,348,2011-10,2.603175
121685,Capitol Hill,Washington,District of Columbia,DC,Washington,348,2011-11,3.231018
121685,Capitol Hill,Washington,District of Columbia,DC,Washington,348,2011-12,2.520616
121685,Capitol Hill,Washington,District of Columbia,DC,Washington,348,2012-01,2.586284
121685,Capitol Hill,Washington,District of Columbia,DC,Washington,348,2012-02,2.501959
121685,Capitol Hill,Washington,District of Columbia,DC,Washington,348,2012-03,2.087683
121685,Capitol Hill,Washington,District of Columbia,DC,Washington,348,2012-04,3.773585
121685,Capitol Hill,Washington,District of Columbia,DC,Washington,348,2012-05,3.266667
121685,Capitol Hill,Washington,District of Columbia,DC,Washington,348,2012-06,3.15805
121685,Capitol Hill,Washington,District of Columbia,DC,Washington,348,2012-07,3.346606
121685,Capitol Hill,Washington,District of Columbia,DC,Washington,348,2012-08,4.56621
121685,Capitol Hill,Washington,District of Columbia,DC,Washington,348,2012-09,3.846647
121685,Capitol Hill,Washington,District of Columbia,DC,Washington,348,2012-10,2.762287
121685,Capitol Hill,Washington,District of Columbia,DC,Washington,348,2012-11,3.467879
121685,Capitol Hill,Washington,District of Columbia,DC,Washington,348,2012-12,1.774398
121685,Capitol Hill,Washington,District of Columbia,DC,Washington,348,2013-01,4.096589
121685,Capitol Hill,Washington,District of Columbia,DC,Washington,348,2013-02,2.564103
121685,Capitol Hill,Washington,District of Columbia,DC,Washington,348,2013-03,3.615961
121685,Capitol Hill,Washington,District of Columbia,DC,Washington,348,2013-04,4.347845
121685,Capitol Hill,Washington,District of Columbia,DC,Washington,348,2013-05,3.855422
121685,Capitol Hill,Washington,District of Columbia,DC,Washington,348,2013-06,3.372681
121685,Capitol Hill,Washington,District of Columbia,DC,Washington,348,2013-07,3.241935
121685,Capitol Hill,Washington,District of Columbia,DC,Washington,348,2013-08,2.440685
121685,Capitol Hill,Washington,District of Columbia,DC,Washington,348,2013-09,3.069628
121685,Capitol Hill,Washington,District of Columbia,DC,Washington,348,2013-10,1.89781
121685,Capitol Hill,Washington,District of Columbia,DC,Washington,348,2013-11,2.698518
121685,Capitol Hill,Washington,District of Columbia,DC,Washington,348,2013-12,1.884358
121685,Capitol Hill,Washington,District of Columbia,DC,Washington,348,2014-01,3.483726
121685,Capitol Hill,Washington,District of Columbia,DC,Washington,348,2014-02,2.521566
121685,Capitol Hill,Washington,District of Columbia,DC,Washington,348,2014-03,2.666667
121685,Capitol Hill,Washington,District of Columbia,DC,Washington,348,2014-04,2.409882
121685,Capitol Hill,Washington,District of Columbia,DC,Washington,348,2014-05,1.87459
121685,Capitol Hill,Washington,District of Columbia,DC,Washington,348,2014-06,3.641296
121685,Capitol Hill,Washington,District of Columbia,DC,Washington,348,2014-07,4
121685,Capitol Hill,Washington,District of Columbia,DC,Washington,348,2014-08,3.361869
121685,Capitol Hill,Washington,District of Columbia,DC,Washington,348,2014-09,4.366197
121685,Capitol Hill,Washington,District of Columbia,DC,Washington,348,2014-10,3.932343
121685,Capitol Hill,Washington,District of Columbia,DC,Washington,348,2014-11,2.421003
121685,Capitol Hill,Washington,District of Columbia,DC,Washington,348,2014-12,2.891209
121685,Capitol Hill,Washington,District of Columbia,DC,Washington,348,2015-01,6.618705
121685,Capitol Hill,Washington,District of Columbia,DC,Washington,348,2015-02,1.777251
121685,Capitol Hill,Washington,District of Columbia,DC,Washington,348,2015-03,3.539823
121685,Capitol Hill,Washington,District of Columbia,DC,Washington,348,2015-04,2.940759
121685,Capitol Hill,Washington,District of Columbia,DC,Washington,348,2015-05,3.393561
121685,Capitol Hill,Washington,District of Columbia,DC,Washington,348,2015-06,3.629827
121685,Capitol Hill,Washington,District of Columbia,DC,Washington,348,2015-07,3.510253
121685,Capitol Hill,Washington,District of Columbia,DC,Washington,348,2015-08,3.216776
121685,Capitol Hill,Washington,District of Columbia,DC,Washington,348,2015-09,2.86533
121685,Capitol Hill,Washington,District of Columbia,DC,Washington,348,2015-10,2.971429
121685,Capitol Hill,Washington,District of Columbia,DC,Washington,348,2015-11,3.873588
121685,Capitol Hill,Washington,District of Columbia,DC,Washington,348,2015-12,2.305476
121685,Capitol Hill,Washington,District of Columbia,DC,Washington,348,2016-01,2.830723
121685,Capitol Hill,Washington,District of Columbia,DC,Washington,348,2016-02,3.901515
121685,Capitol Hill,Washington,District of Columbia,DC,Washington,348,2016-03,3.053874
121685,Capitol Hill,Washington,District of Columbia,DC,Washington,348,2016-04,3.010033
121685,Capitol Hill,Washington,District of Columbia,DC,Washington,348,2016-05,2.562674
121685,Capitol Hill,Washington,District of Columbia,DC,Washington,348,2016-06,3.289636
121685,Capitol Hill,Washington,District of Columbia,DC,Washington,348,2016-07,2.061856
121685,Capitol Hill,Washington,District of Columbia,DC,Washington,348,2016-08,2.212858
121774,Petworth,Washington,District of Columbia,DC,Washington,518,2010-09,5.556111
121774,Petworth,Washington,District of Columbia,DC,Washington,518,2010-10,4.275053
121774,Petworth,Washington,District of Columbia,DC,Washington,518,2010-11,4.535689
121774,Petworth,Washington,District of Columbia,DC,Washington,518,2010-12,4.348771
121774,Petworth,Washington,District of Columbia,DC,Washington,518,2011-01,4.140039
121774,Petworth,Washington,District of Columbia,DC,Washington,518,2011-02,2.758243
121774,Petworth,Washington,District of Columbia,DC,Washington,518,2011-03,3.334445
121774,Petworth,Washington,District of Columbia,DC,Washington,518,2011-04,3.615329
121774,Petworth,Washington,District of Columbia,DC,Washington,518,2011-05,3.614467
121774,Petworth,Washington,District of Columbia,DC,Washington,518,2011-06,3.846154
121774,Petworth,Washington,District of Columbia,DC,Washington,518,2011-07,4.008016
121774,Petworth,Washington,District of Columbia,DC,Washington,518,2011-08,4.175365
121774,Petworth,Washington,District of Columbia,DC,Washington,518,2011-09,4.485488
121774,Petworth,Washington,District of Columbia,DC,Washington,518,2011-10,4.865385
121774,Petworth,Washington,District of Columbia,DC,Washington,518,2011-11,5.60472
121774,Petworth,Washington,District of Columbia,DC,Washington,518,2011-12,3.508772
121774,Petworth,Washington,District of Columbia,DC,Washington,518,2012-01,3.242784
121774,Petworth,Washington,District of Columbia,DC,Washington,518,2012-02,5.006266
121774,Petworth,Washington,District of Columbia,DC,Washington,518,2012-03,3.412969
121774,Petworth,Washington,District of Columbia,DC,Washington,518,2012-04,2.298851
121774,Petworth,Washington,District of Columbia,DC,Washington,518,2012-05,3.000006
121774,Petworth,Washington,District of Columbia,DC,Washington,518,2012-06,4.831782
121774,Petworth,Washington,District of Columbia,DC,Washington,518,2012-07,2.620982
121774,Petworth,Washington,District of Columbia,DC,Washington,518,2012-08,3.780718
121774,Petworth,Washington,District of Columbia,DC,Washington,518,2012-09,3.115576
121774,Petworth,Washington,District of Columbia,DC,Washington,518,2012-10,2.352941
121774,Petworth,Washington,District of Columbia,DC,Washington,518,2012-11,3.283614
121774,Petworth,Washington,District of Columbia,DC,Washington,518,2012-12,1.880035
121774,Petworth,Washington,District of Columbia,DC,Washington,518,2013-01,1.953342
121774,Petworth,Washington,District of Columbia,DC,Washington,518,2013-02,4.199808
121774,Petworth,Washington,District of Columbia,DC,Washington,518,2013-03,4.771882
121774,Petworth,Washington,District of Columbia,DC,Washington,518,2013-04,2.176673
121774,Petworth,Washington,District of Columbia,DC,Washington,518,2013-05,2.738593
121774,Petworth,Washington,District of Columbia,DC,Washington,518,2013-06,2.98552
121774,Petworth,Washington,District of Columbia,DC,Washington,518,2013-07,1.714843
121774,Petworth,Washington,District of Columbia,DC,Washington,518,2013-08,3.27016
121774,Petworth,Washington,District of Columbia,DC,Washington,518,2013-09,4.404586
121774,Petworth,Washington,District of Columbia,DC,Washington,518,2013-10,3.231018
121774,Petworth,Washington,District of Columbia,DC,Washington,518,2013-11,1.905125
121774,Petworth,Washington,District of Columbia,DC,Washington,518,2013-12,3.676476
121774,Petworth,Washington,District of Columbia,DC,Washington,518,2014-01,3.226327
121774,Petworth,Washington,District of Columbia,DC,Washington,518,2014-02,3.556464
121774,Petworth,Washington,District of Columbia,DC,Washington,518,2014-03,3.226327
121774,Petworth,Washington,District of Columbia,DC,Washington,518,2014-04,3.394933
121774,Petworth,Washington,District of Columbia,DC,Washington,518,2014-05,3.511853
121774,Petworth,Washington,District of Columbia,DC,Washington,518,2014-06,2.778164
121774,Petworth,Washington,District of Columbia,DC,Washington,518,2014-07,3.212156
121774,Petworth,Washington,District of Columbia,DC,Washington,518,2014-08,3.225187
121774,Petworth,Washington,District of Columbia,DC,Washington,518,2014-09,3.39334
121774,Petworth,Washington,District of Columbia,DC,Washington,518,2014-10,3.704252
121774,Petworth,Washington,District of Columbia,DC,Washington,518,2014-11,3.481904
121774,Petworth,Washington,District of Columbia,DC,Washington,518,2014-12,3.557651
121774,Petworth,Washington,District of Columbia,DC,Washington,518,2015-01,2.689076
121774,Petworth,Washington,District of Columbia,DC,Washington,518,2015-02,3.311847
121774,Petworth,Washington,District of Columbia,DC,Washington,518,2015-03,4.166667
121774,Petworth,Washington,District of Columbia,DC,Washington,518,2015-04,3.335557
121774,Petworth,Washington,District of Columbia,DC,Washington,518,2015-05,3.662207
121774,Petworth,Washington,District of Columbia,DC,Washington,518,2015-06,1.960784
121774,Petworth,Washington,District of Columbia,DC,Washington,518,2015-07,3.366428
121774,Petworth,Washington,District of Columbia,DC,Washington,518,2015-08,3.000732
121774,Petworth,Washington,District of Columbia,DC,Washington,518,2015-09,3.653887
121774,Petworth,Washington,District of Columbia,DC,Washington,518,2015-10,2.612827
121774,Petworth,Washington,District of Columbia,DC,Washington,518,2015-11,3.081664
121774,Petworth,Washington,District of Columbia,DC,Washington,518,2015-12,4.317386
121774,Petworth,Washington,District of Columbia,DC,Washington,518,2016-01,3.544013
121774,Petworth,Washington,District of Columbia,DC,Washington,518,2016-02,3.226327
121774,Petworth,Washington,District of Columbia,DC,Washington,518,2016-03,2.857143
121774,Petworth,Washington,District of Columbia,DC,Washington,518,2016-04,3.433476
121774,Petworth,Washington,District of Columbia,DC,Washington,518,2016-05,2.537061
121774,Petworth,Washington,District of Columbia,DC,Washington,518,2016-06,2.78979
121774,Petworth,Washington,District of Columbia,DC,Washington,518,2016-07,2.732475
121774,Petworth,Washington,District of Columbia,DC,Washington,518,2016-08,2.89184
121668,Adams Morgan,Washington,District of Columbia,DC,Washington,618,2010-09,4.537903
121668,Adams Morgan,Washington,District of Columbia,DC,Washington,618,2010-10,3.125
121668,Adams Morgan,Washington,District of Columbia,DC,Washington,618,2010-11,4.058803
121668,Adams Morgan,Washington,District of Columbia,DC,Washington,618,2010-12,4.362478
121668,Adams Morgan,Washington,District of Columbia,DC,Washington,618,2011-01,2.713514
121668,Adams Morgan,Washington,District of Columbia,DC,Washington,618,2011-02,4.740118
121668,Adams Morgan,Washington,District of Columbia,DC,Washington,618,2011-03,2.978056
121668,Adams Morgan,Washington,District of Columbia,DC,Washington,618,2011-04,2.593496
121668,Adams Morgan,Washington,District of Columbia,DC,Washington,618,2011-05,3.106796
121668,Adams Morgan,Washington,District of Columbia,DC,Washington,618,2011-06,2.857959
121668,Adams Morgan,Washington,District of Columbia,DC,Washington,618,2011-07,3.370034
121668,Adams Morgan,Washington,District of Columbia,DC,Washington,618,2011-08,3.367289
121668,Adams Morgan,Washington,District of Columbia,DC,Washington,618,2011-09,4.3898
121668,Adams Morgan,Washington,District of Columbia,DC,Washington,618,2011-10,4.586332
121668,Adams Morgan,Washington,District of Columbia,DC,Washington,618,2011-11,3.387097
121668,Adams Morgan,Washington,District of Columbia,DC,Washington,618,2011-12,3.135929
121668,Adams Morgan,Washington,District of Columbia,DC,Washington,618,2012-01,4.548364
121668,Adams Morgan,Washington,District of Columbia,DC,Washington,618,2012-02,4.056882
121668,Adams Morgan,Washington,District of Columbia,DC,Washington,618,2012-03,4.77327
121668,Adams Morgan,Washington,District of Columbia,DC,Washington,618,2012-04,4.733437
121668,Adams Morgan,Washington,District of Columbia,DC,Washington,618,2012-05,3.492074
121668,Adams Morgan,Washington,District of Columbia,DC,Washington,618,2012-06,2.626087
121668,Adams Morgan,Washington,District of Columbia,DC,Washington,618,2012-07,3.345328
121668,Adams Morgan,Washington,District of Columbia,DC,Washington,618,2012-08,3.037472
121668,Adams Morgan,Washington,District of Columbia,DC,Washington,618,2012-09,2.919864
121668,Adams Morgan,Washington,District of Columbia,DC,Washington,618,2012-10,3.097257
121668,Adams Morgan,Washington,District of Columbia,DC,Washington,618,2012-11,3.080394
121668,Adams Morgan,Washington,District of Columbia,DC,Washington,618,2012-12,3.79914
121668,Adams Morgan,Washington,District of Columbia,DC,Washington,618,2013-01,3.321109
121668,Adams Morgan,Washington,District of Columbia,DC,Washington,618,2013-02,4.981196
121668,Adams Morgan,Washington,District of Columbia,DC,Washington,618,2013-03,3.125391
121668,Adams Morgan,Washington,District of Columbia,DC,Washington,618,2013-04,4.653327
121668,Adams Morgan,Washington,District of Columbia,DC,Washington,618,2013-05,4.366812
121668,Adams Morgan,Washington,District of Columbia,DC,Washington,618,2013-06,4.221054
121668,Adams Morgan,Washington,District of Columbia,DC,Washington,618,2013-07,3.237905
121668,Adams Morgan,Washington,District of Columbia,DC,Washington,618,2013-08,2.53848
121668,Adams Morgan,Washington,District of Columbia,DC,Washington,618,2013-09,2.805861
121668,Adams Morgan,Washington,District of Columbia,DC,Washington,618,2013-10,3.261649
121668,Adams Morgan,Washington,District of Columbia,DC,Washington,618,2013-11,3.878205
121668,Adams Morgan,Washington,District of Columbia,DC,Washington,618,2013-12,2.941609
121668,Adams Morgan,Washington,District of Columbia,DC,Washington,618,2014-01,2.524898
121668,Adams Morgan,Washington,District of Columbia,DC,Washington,618,2014-02,2.380952
121668,Adams Morgan,Washington,District of Columbia,DC,Washington,618,2014-03,3.261649
121668,Adams Morgan,Washington,District of Columbia,DC,Washington,618,2014-04,3.463268
121668,Adams Morgan,Washington,District of Columbia,DC,Washington,618,2014-05,3.003755
121668,Adams Morgan,Washington,District of Columbia,DC,Washington,618,2014-06,2.701351
121668,Adams Morgan,Washington,District of Columbia,DC,Washington,618,2014-07,2.500006
121668,Adams Morgan,Washington,District of Columbia,DC,Washington,618,2014-08,3.20902
121668,Adams Morgan,Washington,District of Columbia,DC,Washington,618,2014-09,3.681286
121668,Adams Morgan,Washington,District of Columbia,DC,Washington,618,2014-10,2.982174
121668,Adams Morgan,Washington,District of Columbia,DC,Washington,618,2014-11,3.359156
121668,Adams Morgan,Washington,District of Columbia,DC,Washington,618,2014-12,3.334445
121668,Adams Morgan,Washington,District of Columbia,DC,Washington,618,2015-01,3.586207
121668,Adams Morgan,Washington,District of Columbia,DC,Washington,618,2015-02,3.462069
121668,Adams Morgan,Washington,District of Columbia,DC,Washington,618,2015-03,4.434783
121668,Adams Morgan,Washington,District of Columbia,DC,Washington,618,2015-04,3.856088
121668,Adams Morgan,Washington,District of Columbia,DC,Washington,618,2015-05,3.067237
121668,Adams Morgan,Washington,District of Columbia,DC,Washington,618,2015-06,4.244482
121668,Adams Morgan,Washington,District of Columbia,DC,Washington,618,2015-07,2.739726
121668,Adams Morgan,Washington,District of Columbia,DC,Washington,618,2015-08,3.286458
121668,Adams Morgan,Washington,District of Columbia,DC,Washington,618,2015-09,2.82632
121668,Adams Morgan,Washington,District of Columbia,DC,Washington,618,2015-10,3.794038
121668,Adams Morgan,Washington,District of Columbia,DC,Washington,618,2015-11,3.336043
121668,Adams Morgan,Washington,District of Columbia,DC,Washington,618,2015-12,4.189373
121668,Adams Morgan,Washington,District of Columbia,DC,Washington,618,2016-01,3.21877
121668,Adams Morgan,Washington,District of Columbia,DC,Washington,618,2016-02,4.110715
121668,Adams Morgan,Washington,District of Columbia,DC,Washington,618,2016-03,3.418566
121668,Adams Morgan,Washington,District of Columbia,DC,Washington,618,2016-04,3.325815
121668,Adams Morgan,Washington,District of Columbia,DC,Washington,618,2016-05,5.415552
121668,Adams Morgan,Washington,District of Columbia,DC,Washington,618,2016-06,3.44086
121668,Adams Morgan,Washington,District of Columbia,DC,Washington,618,2016-07,4.179061
121668,Adams Morgan,Washington,District of Columbia,DC,Washington,618,2016-08,2.5
121754,Logan Circle,Washington,District of Columbia,DC,Washington,635,2010-09,3.638554
121754,Logan Circle,Washington,District of Columbia,DC,Washington,635,2010-10,2.550091
121754,Logan Circle,Washington,District of Columbia,DC,Washington,635,2010-11,3.374578
121754,Logan Circle,Washington,District of Columbia,DC,Washington,635,2010-12,3.433141
121754,Logan Circle,Washington,District of Columbia,DC,Washington,635,2011-01,3.861253
121754,Logan Circle,Washington,District of Columbia,DC,Washington,635,2011-02,2.728653
121754,Logan Circle,Washington,District of Columbia,DC,Washington,635,2011-03,3.008422
121754,Logan Circle,Washington,District of Columbia,DC,Washington,635,2011-04,4.540764
121754,Logan Circle,Washington,District of Columbia,DC,Washington,635,2011-05,3.088235
121754,Logan Circle,Washington,District of Columbia,DC,Washington,635,2011-06,3.766731
121754,Logan Circle,Washington,District of Columbia,DC,Washington,635,2011-07,2.879891
121754,Logan Circle,Washington,District of Columbia,DC,Washington,635,2011-08,3.185475
121754,Logan Circle,Washington,District of Columbia,DC,Washington,635,2011-09,3.863656
121754,Logan Circle,Washington,District of Columbia,DC,Washington,635,2011-10,3.429061
121754,Logan Circle,Washington,District of Columbia,DC,Washington,635,2011-11,3.563218
121754,Logan Circle,Washington,District of Columbia,DC,Washington,635,2011-12,3.252121
121754,Logan Circle,Washington,District of Columbia,DC,Washington,635,2012-01,4.793651
121754,Logan Circle,Washington,District of Columbia,DC,Washington,635,2012-02,2.257846
121754,Logan Circle,Washington,District of Columbia,DC,Washington,635,2012-03,2.380952
121754,Logan Circle,Washington,District of Columbia,DC,Washington,635,2012-04,2.862986
121754,Logan Circle,Washington,District of Columbia,DC,Washington,635,2012-05,4.20661
121754,Logan Circle,Washington,District of Columbia,DC,Washington,635,2012-06,3.509388
121754,Logan Circle,Washington,District of Columbia,DC,Washington,635,2012-07,2.923152
121754,Logan Circle,Washington,District of Columbia,DC,Washington,635,2012-08,3.039514
121754,Logan Circle,Washington,District of Columbia,DC,Washington,635,2012-09,2.923667
121754,Logan Circle,Washington,District of Columbia,DC,Washington,635,2012-10,3.042291
121754,Logan Circle,Washington,District of Columbia,DC,Washington,635,2012-11,2.2
121754,Logan Circle,Washington,District of Columbia,DC,Washington,635,2012-12,1.297667
121754,Logan Circle,Washington,District of Columbia,DC,Washington,635,2013-01,3.175403
121754,Logan Circle,Washington,District of Columbia,DC,Washington,635,2013-02,3.769766
121754,Logan Circle,Washington,District of Columbia,DC,Washington,635,2013-03,1.855967
121754,Logan Circle,Washington,District of Columbia,DC,Washington,635,2013-04,2.640704
121754,Logan Circle,Washington,District of Columbia,DC,Washington,635,2013-05,5.576679
121754,Logan Circle,Washington,District of Columbia,DC,Washington,635,2013-06,3.12989
121754,Logan Circle,Washington,District of Columbia,DC,Washington,635,2013-07,4.181185
121754,Logan Circle,Washington,District of Columbia,DC,Washington,635,2013-08,3.11804
121754,Logan Circle,Washington,District of Columbia,DC,Washington,635,2013-09,3.821622
121754,Logan Circle,Washington,District of Columbia,DC,Washington,635,2013-10,5.063895
121754,Logan Circle,Washington,District of Columbia,DC,Washington,635,2013-11,4.07752
121754,Logan Circle,Washington,District of Columbia,DC,Washington,635,2013-12,5.624404
121754,Logan Circle,Washington,District of Columbia,DC,Washington,635,2014-01,4.459648
121754,Logan Circle,Washington,District of Columbia,DC,Washington,635,2014-02,2.843044
121754,Logan Circle,Washington,District of Columbia,DC,Washington,635,2014-03,2.298851
121754,Logan Circle,Washington,District of Columbia,DC,Washington,635,2014-04,2.427856
121754,Logan Circle,Washington,District of Columbia,DC,Washington,635,2014-05,4.230576
121754,Logan Circle,Washington,District of Columbia,DC,Washington,635,2014-06,3.474676
121754,Logan Circle,Washington,District of Columbia,DC,Washington,635,2014-07,3.229279
121754,Logan Circle,Washington,District of Columbia,DC,Washington,635,2014-08,3.198876
121754,Logan Circle,Washington,District of Columbia,DC,Washington,635,2014-09,3.410141
121754,Logan Circle,Washington,District of Columbia,DC,Washington,635,2014-10,2.566111
121754,Logan Circle,Washington,District of Columbia,DC,Washington,635,2014-11,2.114612
121754,Logan Circle,Washington,District of Columbia,DC,Washington,635,2014-12,2.86123
121754,Logan Circle,Washington,District of Columbia,DC,Washington,635,2015-01,3.150998
121754,Logan Circle,Washington,District of Columbia,DC,Washington,635,2015-02,3.313013
121754,Logan Circle,Washington,District of Columbia,DC,Washington,635,2015-03,2.203534
121754,Logan Circle,Washington,District of Columbia,DC,Washington,635,2015-04,4.479001
121754,Logan Circle,Washington,District of Columbia,DC,Washington,635,2015-05,2.670227
121754,Logan Circle,Washington,District of Columbia,DC,Washington,635,2015-06,2.190363
121754,Logan Circle,Washington,District of Columbia,DC,Washington,635,2015-07,3.832308
121754,Logan Circle,Washington,District of Columbia,DC,Washington,635,2015-08,3.312908
121754,Logan Circle,Washington,District of Columbia,DC,Washington,635,2015-09,2.273244
121754,Logan Circle,Washington,District of Columbia,DC,Washington,635,2015-10,2.275313
121754,Logan Circle,Washington,District of Columbia,DC,Washington,635,2015-11,2.830723
121754,Logan Circle,Washington,District of Columbia,DC,Washington,635,2015-12,3.25589
121754,Logan Circle,Washington,District of Columbia,DC,Washington,635,2016-01,3.577818
121754,Logan Circle,Washington,District of Columbia,DC,Washington,635,2016-02,2.280186
121754,Logan Circle,Washington,District of Columbia,DC,Washington,635,2016-03,3.668216
121754,Logan Circle,Washington,District of Columbia,DC,Washington,635,2016-04,2.906628
121754,Logan Circle,Washington,District of Columbia,DC,Washington,635,2016-05,2.04499
121754,Logan Circle,Washington,District of Columbia,DC,Washington,635,2016-06,2.871626
121754,Logan Circle,Washington,District of Columbia,DC,Washington,635,2016-07,3.543599
121754,Logan Circle,Washington,District of Columbia,DC,Washington,635,2016-08,3.587444
121729,Georgetown,Washington,District of Columbia,DC,Washington,777,2010-09,3.630659
121729,Georgetown,Washington,District of Columbia,DC,Washington,777,2010-10,3.636364
121729,Georgetown,Washington,District of Columbia,DC,Washington,777,2010-11,4.456445
121729,Georgetown,Washington,District of Columbia,DC,Washington,777,2010-12,2.697495
121729,Georgetown,Washington,District of Columbia,DC,Washington,777,2011-01,4.439024
121729,Georgetown,Washington,District of Columbia,DC,Washington,777,2011-02,5.173023
121729,Georgetown,Washington,District of Columbia,DC,Washington,777,2011-03,4.851425
121729,Georgetown,Washington,District of Columbia,DC,Washington,777,2011-04,5.020232
121729,Georgetown,Washington,District of Columbia,DC,Washington,777,2011-05,3.686636
121729,Georgetown,Washington,District of Columbia,DC,Washington,777,2011-06,6.707039
121729,Georgetown,Washington,District of Columbia,DC,Washington,777,2011-07,5.986727
121729,Georgetown,Washington,District of Columbia,DC,Washington,777,2011-08,5.822511
121729,Georgetown,Washington,District of Columbia,DC,Washington,777,2011-09,6.213365
121729,Georgetown,Washington,District of Columbia,DC,Washington,777,2011-10,4.644528
121729,Georgetown,Washington,District of Columbia,DC,Washington,777,2011-11,6.9969
121729,Georgetown,Washington,District of Columbia,DC,Washington,777,2011-12,5.405405
121729,Georgetown,Washington,District of Columbia,DC,Washington,777,2012-01,5.660377
121729,Georgetown,Washington,District of Columbia,DC,Washington,777,2012-02,5.172172
121729,Georgetown,Washington,District of Columbia,DC,Washington,777,2012-03,4.857143
121729,Georgetown,Washington,District of Columbia,DC,Washington,777,2012-04,5.607966
121729,Georgetown,Washington,District of Columbia,DC,Washington,777,2012-05,6.269592
121729,Georgetown,Washington,District of Columbia,DC,Washington,777,2012-06,4.771429
121729,Georgetown,Washington,District of Columbia,DC,Washington,777,2012-07,2.937581
121729,Georgetown,Washington,District of Columbia,DC,Washington,777,2012-08,3.641882
121729,Georgetown,Washington,District of Columbia,DC,Washington,777,2012-09,4.115226
121729,Georgetown,Washington,District of Columbia,DC,Washington,777,2012-10,3.924173
121729,Georgetown,Washington,District of Columbia,DC,Washington,777,2012-11,4.810228
121729,Georgetown,Washington,District of Columbia,DC,Washington,777,2012-12,5.018301
121729,Georgetown,Washington,District of Columbia,DC,Washington,777,2013-01,3.338898
121729,Georgetown,Washington,District of Columbia,DC,Washington,777,2013-02,3.831359
121729,Georgetown,Washington,District of Columbia,DC,Washington,777,2013-03,3.238043
121729,Georgetown,Washington,District of Columbia,DC,Washington,777,2013-04,3.231018
121729,Georgetown,Washington,District of Columbia,DC,Washington,777,2013-05,4.56621
121729,Georgetown,Washington,District of Columbia,DC,Washington,777,2013-06,4.76758
121729,Georgetown,Washington,District of Columbia,DC,Washington,777,2013-07,4.77327
121729,Georgetown,Washington,District of Columbia,DC,Washington,777,2013-08,4.67823
121729,Georgetown,Washington,District of Columbia,DC,Washington,777,2013-09,5.041853
121729,Georgetown,Washington,District of Columbia,DC,Washington,777,2013-10,3.06383
121729,Georgetown,Washington,District of Columbia,DC,Washington,777,2013-11,5.012531
121729,Georgetown,Washington,District of Columbia,DC,Washington,777,2013-12,3.625871
121729,Georgetown,Washington,District of Columbia,DC,Washington,777,2014-01,3.231018
121729,Georgetown,Washington,District of Columbia,DC,Washington,777,2014-02,3.850671
121729,Georgetown,Washington,District of Columbia,DC,Washington,777,2014-03,3.242081
121729,Georgetown,Washington,District of Columbia,DC,Washington,777,2014-04,4.09283
121729,Georgetown,Washington,District of Columbia,DC,Washington,777,2014-05,3.572907
121729,Georgetown,Washington,District of Columbia,DC,Washington,777,2014-06,5.012531
121729,Georgetown,Washington,District of Columbia,DC,Washington,777,2014-07,4.314966
121729,Georgetown,Washington,District of Columbia,DC,Washington,777,2014-08,4.116609
121729,Georgetown,Washington,District of Columbia,DC,Washington,777,2014-09,3.73494
121729,Georgetown,Washington,District of Columbia,DC,Washington,777,2014-10,3.853565
121729,Georgetown,Washington,District of Columbia,DC,Washington,777,2014-11,3.308337
121729,Georgetown,Washington,District of Columbia,DC,Washington,777,2014-12,3.899721
121729,Georgetown,Washington,District of Columbia,DC,Washington,777,2015-01,3.921569
121729,Georgetown,Washington,District of Columbia,DC,Washington,777,2015-02,6.17284
121729,Georgetown,Washington,District of Columbia,DC,Washington,777,2015-03,4.094282
121729,Georgetown,Washington,District of Columbia,DC,Washington,777,2015-04,4.065934
121729,Georgetown,Washington,District of Columbia,DC,Washington,777,2015-05,3.73494
121729,Georgetown,Washington,District of Columbia,DC,Washington,777,2015-06,4.352148
121729,Georgetown,Washington,District of Columbia,DC,Washington,777,2015-07,4.183801
121729,Georgetown,Washington,District of Columbia,DC,Washington,777,2015-08,4.752929
121729,Georgetown,Washington,District of Columbia,DC,Washington,777,2015-09,3.126954
121729,Georgetown,Washington,District of Columbia,DC,Washington,777,2015-10,4.013378
121729,Georgetown,Washington,District of Columbia,DC,Washington,777,2015-11,4.057546
121729,Georgetown,Washington,District of Columbia,DC,Washington,777,2015-12,6.257379
121729,Georgetown,Washington,District of Columbia,DC,Washington,777,2016-01,2.955665
121729,Georgetown,Washington,District of Columbia,DC,Washington,777,2016-02,5.181624
121729,Georgetown,Washington,District of Columbia,DC,Washington,777,2016-03,3.633846
121729,Georgetown,Washington,District of Columbia,DC,Washington,777,2016-04,3.050109
121729,Georgetown,Washington,District of Columbia,DC,Washington,777,2016-05,3.865385
121729,Georgetown,Washington,District of Columbia,DC,Washington,777,2016-06,3.203938
121729,Georgetown,Washington,District of Columbia,DC,Washington,777,2016-07,3.697997
121729,Georgetown,Washington,District of Columbia,DC,Washington,777,2016-08,4.649852
