RegionID,RegionName,City,County,State,Metro,SizeRank,Month,MedianPriceCut
66133,20009,Washington,District of Columbia,DC,Washington,42,2010-09,20000
66133,20009,Washington,District of Columbia,DC,Washington,42,2010-10,15000
66133,20009,Washington,District of Columbia,DC,Washington,42,2010-11,19100
66133,20009,Washington,District of Columbia,DC,Washington,42,2010-12,14500
66133,20009,Washington,District of Columbia,DC,Washington,42,2011-01,10000
66133,20009,Washington,District of Columbia,DC,Washington,42,2011-02,10000
66133,20009,Washington,District of Columbia,DC,Washington,42,2011-03,14050
66133,20009,Washington,District of Columbia,DC,Washington,42,2011-04,14000
66133,20009,Washington,District of Columbia,DC,Washington,42,2011-05,10999
66133,20009,Washington,District of Columbia,DC,Washington,42,2011-06,10900
66133,20009,Washington,District of Columbia,DC,Washington,42,2011-07,10000
66133,20009,Washington,District of Columbia,DC,Washington,42,2011-08,12250
66133,20009,Washington,District of Columbia,DC,Washington,42,2011-09,10900
66133,20009,Washington,District of Columbia,DC,Washington,42,2011-10,14900
66133,20009,Washington,District of Columbia,DC,Washington,42,2011-11,15000
66133,20009,Washington,District of Columbia,DC,Washington,42,2011-12,18500
66133,20009,Washington,District of Columbia,DC,Washington,42,2012-01,19100
66133,20009,Washington,District of Columbia,DC,Washington,42,2012-02,13600
66133,20009,Washington,District of Columbia,DC,Washington,42,2012-03,22500
66133,20009,Washington,District of Columbia,DC,Washington,42,2012-04,17950.5
66133,20009,Washington,District of Columbia,DC,Washington,42,2012-05,14950
66133,20009,Washington,District of Columbia,DC,Washington,42,2012-06,10000
66133,20009,Washington,District of Columbia,DC,Washington,42,2012-07,10500
66133,20009,Washington,District of Columbia,DC,Washington,42,2012-08,14400
66133,20009,Washington,District of Columbia,DC,Washington,42,2012-09,10000
66133,20009,Washington,District of Columbia,DC,Washington,42,2012-10,10000
66133,20009,Washington,District of Columbia,DC,Washington,42,2012-11,14000
66133,20009,Washington,District of Columbia,DC,Washington,42,2012-12,10000
66133,20009,Washington,District of Columbia,DC,Washington,42,2013-01,22452.5
66133,20009,Washington,District of Columbia,DC,Washington,42,2013-02,24100
66133,20009,Washington,District of Columbia,DC,Washington,42,2013-03,12950
66133,20009,Washington,District of Columbia,DC,Washington,42,2013-04,15000
66133,20009,Washington,District of Columbia,DC,Washington,42,2013-05,20000
66133,20009,Washington,District of Columbia,DC,Washington,42,2013-06,20000
66133,20009,Washington,District of Columbia,DC,Washington,42,2013-07,14100
66133,20009,Washington,District of Columbia,DC,Washington,42,2013-08,10000
66133,20009,Washington,District of Columbia,DC,Washington,42,2013-09,14000
66133,20009,Washington,District of Columbia,DC,Washington,42,2013-10,19500
66133,20009,Washington,District of Columbia,DC,Washington,42,2013-11,15000
66133,20009,Washington,District of Columbia,DC,Washington,42,2013-12,14250
66133,20009,Washington,District of Columbia,DC,Washington,42,2014-01,10000
66133,20009,Washington,District of Columbia,DC,Washington,42,2014-02,15000
66133,20009,Washington,District of Columbia,DC,Washington,42,2014-03,14000
66133,20009,Washington,District of Columbia,DC,Washington,42,2014-04,15000
66133,20009,Washington,District of Columbia,DC,Washington,42,2014-05,15000
66133,20009,Washington,District of Columbia,DC,Washington,42,2014-06,14100
66133,20009,Washington,District of Columbia,DC,Washington,42,2014-07,10000
66133,20009,Washington,District of Columbia,DC,Washington,42,2014-08,10000
66133,20009,Washington,District of Columbia,DC,Washington,42,2014-09,14000
66133,20009,Washington,District of Columbia,DC,Washington,42,2014-10,14050
66133,20009,Washington,District of Columbia,DC,Washington,42,2014-11,10500
66133,20009,Washington,District of Columbia,DC,Washington,42,2014-12,15000
66133,20009,Washington,District of Columbia,DC,Washington,42,2015-01,10000
66133,20009,Washington,District of Columbia,DC,Washington,42,2015-02,15000
66133,20009,Washington,District of Columbia,DC,Washington,42,2015-03,22500
66133,20009,Washington,District of Columbia,DC,Washington,42,2015-04,15500
66133,20009,Washington,District of Columbia,DC,Washington,42,2015-05,11750
66133,20009,Washington,District of Columbia,DC,Washington,42,2015-06,20000
66133,20009,Washington,District of Columbia,DC,Washington,42,2015-07,12550
66133,20009,Washington,District of Columbia,DC,Washington,42,2015-08,20000
66133,20009,Washington,District of Columbia,DC,Washington,42,2015-09,15000
66133,20009,Washington,District of Columbia,DC,Washington,42,2015-10,15052.5
66133,20009,Washington,District of Columbia,DC,Washington,42,2015-11,15400
66133,20009,Washington,District of Columbia,DC,Washington,42,2015-12,15000
66133,20009,Washington,District of Columbia,DC,Washington,42,2016-01,15000
66133,20009,Washington,District of Columbia,DC,Washington,42,2016-02,10500
66133,20009,Washington,District of Columbia,DC,Washington,42,2016-03,19950
66133,20009,Washington,District of Columbia,DC,Washington,42,2016-04,15000
66133,20009,Washington,District of Columbia,DC,Washington,42,2016-05,15100
66133,20009,Washington,District of Columbia,DC,Washington,42,2016-06,15100
66133,20009,Washington,District of Columbia,DC,Washington,42,2016-07,15000
66133,20009,Washington,District of Columbia,DC,Washington,42,2016-08,17500
66126,20002,Washington,District of Columbia,DC,Washington,50,2010-09,15000
66126,20002,Washington,District of Columbia,DC,Washington,50,2010-10,11450
66126,20002,Washington,District of Columbia,DC,Washington,50,2010-11,15000
66126,20002,Washington,District of Columbia,DC,Washington,50,2010-12,14500
66126,20002,Washington,District of Columbia,DC,Washington,50,2011-01,15000
66126,20002,Washington,District of Columbia,DC,Washington,50,2011-02,10000
66126,20002,Washington,District of Columbia,DC,Washington,50,2011-03,10000
66126,20002,Washington,District of Columbia,DC,Washington,50,2011-04,9750
66126,20002,Washington,District of Columbia,DC,Washington,50,2011-05,12450
66126,20002,Washington,District of Columbia,DC,Washington,50,2011-06,10000
66126,20002,Washington,District of Columbia,DC,Washington,50,2011-07,14550
66126,20002,Washington,District of Columbia,DC,Washington,50,2011-08,19950
66126,20002,Washington,District of Columbia,DC,Washington,50,2011-09,13700
66126,20002,Washington,District of Columbia,DC,Washington,50,2011-10,14750
66126,20002,Washington,District of Columbia,DC,Washington,50,2011-11,20000
66126,20002,Washington,District of Columbia,DC,Washington,50,2011-12,19100
66126,20002,Washington,District of Columbia,DC,Washington,50,2012-01,20000
66126,20002,Washington,District of Columbia,DC,Washington,50,2012-02,12500
66126,20002,Washington,District of Columbia,DC,Washington,50,2012-03,10000
66126,20002,Washington,District of Columbia,DC,Washington,50,2012-04,19100
66126,20002,Washington,District of Columbia,DC,Washington,50,2012-05,15000
66126,20002,Washington,District of Columbia,DC,Washington,50,2012-06,15000
66126,20002,Washington,District of Columbia,DC,Washington,50,2012-07,19550
66126,20002,Washington,District of Columbia,DC,Washington,50,2012-08,21125
66126,20002,Washington,District of Columbia,DC,Washington,50,2012-09,12000
66126,20002,Washington,District of Columbia,DC,Washington,50,2012-10,15000
66126,20002,Washington,District of Columbia,DC,Washington,50,2012-11,20000
66126,20002,Washington,District of Columbia,DC,Washington,50,2012-12,14500
66126,20002,Washington,District of Columbia,DC,Washington,50,2013-01,36825
66126,20002,Washington,District of Columbia,DC,Washington,50,2013-02,20000
66126,20002,Washington,District of Columbia,DC,Washington,50,2013-03,15010
66126,20002,Washington,District of Columbia,DC,Washington,50,2013-04,15700
66126,20002,Washington,District of Columbia,DC,Washington,50,2013-05,22825
66126,20002,Washington,District of Columbia,DC,Washington,50,2013-06,20000
66126,20002,Washington,District of Columbia,DC,Washington,50,2013-07,19999.5
66126,20002,Washington,District of Columbia,DC,Washington,50,2013-08,16000
66126,20002,Washington,District of Columbia,DC,Washington,50,2013-09,17550
66126,20002,Washington,District of Columbia,DC,Washington,50,2013-10,20000
66126,20002,Washington,District of Columbia,DC,Washington,50,2013-11,10000
66126,20002,Washington,District of Columbia,DC,Washington,50,2013-12,12550
66126,20002,Washington,District of Columbia,DC,Washington,50,2014-01,15000
66126,20002,Washington,District of Columbia,DC,Washington,50,2014-02,19100
66126,20002,Washington,District of Columbia,DC,Washington,50,2014-03,17495.5
66126,20002,Washington,District of Columbia,DC,Washington,50,2014-04,20000
66126,20002,Washington,District of Columbia,DC,Washington,50,2014-05,16000
66126,20002,Washington,District of Columbia,DC,Washington,50,2014-06,20000
66126,20002,Washington,District of Columbia,DC,Washington,50,2014-07,20000
66126,20002,Washington,District of Columbia,DC,Washington,50,2014-08,19000
66126,20002,Washington,District of Columbia,DC,Washington,50,2014-09,24455
66126,20002,Washington,District of Columbia,DC,Washington,50,2014-10,19000
66126,20002,Washington,District of Columbia,DC,Washington,50,2014-11,24000
66126,20002,Washington,District of Columbia,DC,Washington,50,2014-12,16050
66126,20002,Washington,District of Columbia,DC,Washington,50,2015-01,19000
66126,20002,Washington,District of Columbia,DC,Washington,50,2015-02,25000
66126,20002,Washington,District of Columbia,DC,Washington,50,2015-03,24900
66126,20002,Washington,District of Columbia,DC,Washington,50,2015-04,25010
66126,20002,Washington,District of Columbia,DC,Washington,50,2015-05,20000
66126,20002,Washington,District of Columbia,DC,Washington,50,2015-06,24000
66126,20002,Washington,District of Columbia,DC,Washington,50,2015-07,20000
66126,20002,Washington,District of Columbia,DC,Washington,50,2015-08,20000
66126,20002,Washington,District of Columbia,DC,Washington,50,2015-09,12000
66126,20002,Washington,District of Columbia,DC,Washington,50,2015-10,20000
66126,20002,Washington,District of Columbia,DC,Washington,50,2015-11,20000
66126,20002,Washington,District of Columbia,DC,Washington,50,2015-12,19500
66126,20002,Washington,District of Columbia,DC,Washington,50,2016-01,13950
66126,20002,Washington,District of Columbia,DC,Washington,50,2016-02,20000
66126,20002,Washington,District of Columbia,DC,Washington,50,2016-03,20000
66126,20002,Washington,District of Columbia,DC,Washington,50,2016-04,20150
66126,20002,Washington,District of Columbia,DC,Washington,50,2016-05,19901
66126,20002,Washington,District of Columbia,DC,Washington,50,2016-06,20000
66126,20002,Washington,District of Columbia,DC,Washington,50,2016-07,16000
66126,20002,Washington,District of Columbia,DC,Washington,50,2016-08,25000
66135,20011,Washington,District of Columbia,DC,Washington,167,2010-09,20000
66135,20011,Washington,District of Columbia,DC,Washington,167,2010-10,15000
66135,20011,Washington,District of Columbia,DC,Washington,167,2010-11,15000
66135,20011,Washington,District of Columbia,DC,Washington,167,2010-12,15500
66135,20011,Washington,District of Columbia,DC,Washington,167,2011-01,17000
66135,20011,Washington,District of Columbia,DC,Washington,167,2011-02,10500
66135,20011,Washington,District of Columbia,DC,Washington,167,2011-03,15000
66135,20011,Washington,District of Columbia,DC,Washington,167,2011-04,15227.5
66135,20011,Washington,District of Columbia,DC,Washington,167,2011-05,15500
66135,20011,Washington,District of Columbia,DC,Washington,167,2011-06,17412
66135,20011,Washington,District of Columbia,DC,Washington,167,2011-07,20000
66135,20011,Washington,District of Columbia,DC,Washington,167,2011-08,14000
66135,20011,Washington,District of Columbia,DC,Washington,167,2011-09,20000
66135,20011,Washington,District of Columbia,DC,Washington,167,2011-10,15500
66135,20011,Washington,District of Columbia,DC,Washington,167,2011-11,20000
66135,20011,Washington,District of Columbia,DC,Washington,167,2011-12,11999
66135,20011,Washington,District of Columbia,DC,Washington,167,2012-01,14900
66135,20011,Washington,District of Columbia,DC,Washington,167,2012-02,20000
66135,20011,Washington,District of Columbia,DC,Washington,167,2012-03,19100
66135,20011,Washington,District of Columbia,DC,Washington,167,2012-04,10000
66135,20011,Washington,District of Columbia,DC,Washington,167,2012-05,13000
66135,20011,Washington,District of Columbia,DC,Washington,167,2012-06,20000
66135,20011,Washington,District of Columbia,DC,Washington,167,2012-07,13750
66135,20011,Washington,District of Columbia,DC,Washington,167,2012-08,17500
66135,20011,Washington,District of Columbia,DC,Washington,167,2012-09,15000
66135,20011,Washington,District of Columbia,DC,Washington,167,2012-10,23000
66135,20011,Washington,District of Columbia,DC,Washington,167,2012-11,20299
66135,20011,Washington,District of Columbia,DC,Washington,167,2012-12,15450
66135,20011,Washington,District of Columbia,DC,Washington,167,2013-01,10000
66135,20011,Washington,District of Columbia,DC,Washington,167,2013-02,15000
66135,20011,Washington,District of Columbia,DC,Washington,167,2013-03,14000
66135,20011,Washington,District of Columbia,DC,Washington,167,2013-04,10550
66135,20011,Washington,District of Columbia,DC,Washington,167,2013-05,17800
66135,20011,Washington,District of Columbia,DC,Washington,167,2013-06,15000
66135,20011,Washington,District of Columbia,DC,Washington,167,2013-07,20798.5
66135,20011,Washington,District of Columbia,DC,Washington,167,2013-08,20000
66135,20011,Washington,District of Columbia,DC,Washington,167,2013-09,24500
66135,20011,Washington,District of Columbia,DC,Washington,167,2013-10,18697.5
66135,20011,Washington,District of Columbia,DC,Washington,167,2013-11,16000
66135,20011,Washington,District of Columbia,DC,Washington,167,2013-12,25000
66135,20011,Washington,District of Columbia,DC,Washington,167,2014-01,18600
66135,20011,Washington,District of Columbia,DC,Washington,167,2014-02,15000
66135,20011,Washington,District of Columbia,DC,Washington,167,2014-03,17999.5
66135,20011,Washington,District of Columbia,DC,Washington,167,2014-04,15000
66135,20011,Washington,District of Columbia,DC,Washington,167,2014-05,20150
66135,20011,Washington,District of Columbia,DC,Washington,167,2014-06,20000
66135,20011,Washington,District of Columbia,DC,Washington,167,2014-07,20000
66135,20011,Washington,District of Columbia,DC,Washington,167,2014-08,20000
66135,20011,Washington,District of Columbia,DC,Washington,167,2014-09,15100
66135,20011,Washington,District of Columbia,DC,Washington,167,2014-10,20000
66135,20011,Washington,District of Columbia,DC,Washington,167,2014-11,20000
66135,20011,Washington,District of Columbia,DC,Washington,167,2014-12,20000
66135,20011,Washington,District of Columbia,DC,Washington,167,2015-01,15000
66135,20011,Washington,District of Columbia,DC,Washington,167,2015-02,15005
66135,20011,Washington,District of Columbia,DC,Washington,167,2015-03,20000
66135,20011,Washington,District of Columbia,DC,Washington,167,2015-04,20500
66135,20011,Washington,District of Columbia,DC,Washington,167,2015-05,20000
66135,20011,Washington,District of Columbia,DC,Washington,167,2015-06,15000
66135,20011,Washington,District of Columbia,DC,Washington,167,2015-07,15500
66135,20011,Washington,District of Columbia,DC,Washington,167,2015-08,14450
66135,20011,Washington,District of Columbia,DC,Washington,167,2015-09,20000
66135,20011,Washington,District of Columbia,DC,Washington,167,2015-10,14500
66135,20011,Washington,District of Columbia,DC,Washington,167,2015-11,16500
66135,20011,Washington,District of Columbia,DC,Washington,167,2015-12,19100
66135,20011,Washington,District of Columbia,DC,Washington,167,2016-01,20000
66135,20011,Washington,District of Columbia,DC,Washington,167,2016-02,20000
66135,20011,Washington,District of Columbia,DC,Washington,167,2016-03,16000
66135,20011,Washington,District of Columbia,DC,Washington,167,2016-04,22500
66135,20011,Washington,District of Columbia,DC,Washington,167,2016-05,19000
66135,20011,Washington,District of Columbia,DC,Washington,167,2016-06,15001
66135,20011,Washington,District of Columbia,DC,Washington,167,2016-07,19350
66135,20011,Washington,District of Columbia,DC,Washington,167,2016-08,15100
66142,20019,Washington,District of Columbia,DC,Washington,227,2010-09,14999.5
66142,20019,Washington,District of Columbia,DC,Washington,227,2010-10,14950
66142,20019,Washington,District of Columbia,DC,Washington,227,2010-11,10000
66142,20019,Washington,District of Columbia,DC,Washington,227,2010-12,10000
66142,20019,Washington,District of Columbia,DC,Washington,227,2011-01,10000
66142,20019,Washington,District of Columbia,DC,Washington,227,2011-02,10000
66142,20019,Washington,District of Columbia,DC,Washington,227,2011-03,10000
66142,20019,Washington,District of Columbia,DC,Washington,227,2011-04,10000
66142,20019,Washington,District of Columbia,DC,Washington,227,2011-05,10150
66142,20019,Washington,District of Columbia,DC,Washington,227,2011-06,10300
66142,20019,Washington,District of Columbia,DC,Washington,227,2011-07,10000
66142,20019,Washington,District of Columbia,DC,Washington,227,2011-08,10000
66142,20019,Washington,District of Columbia,DC,Washington,227,2011-09,10000
66142,20019,Washington,District of Columbia,DC,Washington,227,2011-10,11000
66142,20019,Washington,District of Columbia,DC,Washington,227,2011-11,10000
66142,20019,Washington,District of Columbia,DC,Washington,227,2011-12,10750
66142,20019,Washington,District of Columbia,DC,Washington,227,2012-01,10000
66142,20019,Washington,District of Columbia,DC,Washington,227,2012-02,10050
66142,20019,Washington,District of Columbia,DC,Washington,227,2012-03,14550
66142,20019,Washington,District of Columbia,DC,Washington,227,2012-04,10000
66142,20019,Washington,District of Columbia,DC,Washington,227,2012-05,10000
66142,20019,Washington,District of Columbia,DC,Washington,227,2012-06,10000
66142,20019,Washington,District of Columbia,DC,Washington,227,2012-07,15450
66142,20019,Washington,District of Columbia,DC,Washington,227,2012-08,20000
66142,20019,Washington,District of Columbia,DC,Washington,227,2012-09,10000
66142,20019,Washington,District of Columbia,DC,Washington,227,2012-10,10000
66142,20019,Washington,District of Columbia,DC,Washington,227,2012-11,14000
66142,20019,Washington,District of Columbia,DC,Washington,227,2012-12,8500
66142,20019,Washington,District of Columbia,DC,Washington,227,2013-01,6500
66142,20019,Washington,District of Columbia,DC,Washington,227,2013-02,14100
66142,20019,Washington,District of Columbia,DC,Washington,227,2013-03,9000
66142,20019,Washington,District of Columbia,DC,Washington,227,2013-04,10000
66142,20019,Washington,District of Columbia,DC,Washington,227,2013-05,11900
66142,20019,Washington,District of Columbia,DC,Washington,227,2013-06,15000
66142,20019,Washington,District of Columbia,DC,Washington,227,2013-07,12550
66142,20019,Washington,District of Columbia,DC,Washington,227,2013-08,10000
66142,20019,Washington,District of Columbia,DC,Washington,227,2013-09,10000
66142,20019,Washington,District of Columbia,DC,Washington,227,2013-10,10000.5
66142,20019,Washington,District of Columbia,DC,Washington,227,2013-11,10000
66142,20019,Washington,District of Columbia,DC,Washington,227,2013-12,10000
66142,20019,Washington,District of Columbia,DC,Washington,227,2014-01,10050
66142,20019,Washington,District of Columbia,DC,Washington,227,2014-02,10000
66142,20019,Washington,District of Columbia,DC,Washington,227,2014-03,14000
66142,20019,Washington,District of Columbia,DC,Washington,227,2014-04,19749.5
66142,20019,Washington,District of Columbia,DC,Washington,227,2014-05,10000
66142,20019,Washington,District of Columbia,DC,Washington,227,2014-06,10000
66142,20019,Washington,District of Columbia,DC,Washington,227,2014-07,10000
66142,20019,Washington,District of Columbia,DC,Washington,227,2014-08,10000
66142,20019,Washington,District of Columbia,DC,Washington,227,2014-09,12000
66142,20019,Washington,District of Columbia,DC,Washington,227,2014-10,10000
66142,20019,Washington,District of Columbia,DC,Washington,227,2014-11,10000
66142,20019,Washington,District of Columbia,DC,Washington,227,2014-12,10000
66142,20019,Washington,District of Columbia,DC,Washington,227,2015-01,11000
66142,20019,Washington,District of Columbia,DC,Washington,227,2015-02,10550
66142,20019,Washington,District of Columbia,DC,Washington,227,2015-03,15000
66142,20019,Washington,District of Columbia,DC,Washington,227,2015-04,10000
66142,20019,Washington,District of Columbia,DC,Washington,227,2015-05,10150
66142,20019,Washington,District of Columbia,DC,Washington,227,2015-06,10250
66142,20019,Washington,District of Columbia,DC,Washington,227,2015-07,10115.5
66142,20019,Washington,District of Columbia,DC,Washington,227,2015-08,10100
66142,20019,Washington,District of Columbia,DC,Washington,227,2015-09,10000
66142,20019,Washington,District of Columbia,DC,Washington,227,2015-10,10000
66142,20019,Washington,District of Columbia,DC,Washington,227,2015-11,15200
66142,20019,Washington,District of Columbia,DC,Washington,227,2015-12,10000
66142,20019,Washington,District of Columbia,DC,Washington,227,2016-01,10000.5
66142,20019,Washington,District of Columbia,DC,Washington,227,2016-02,10019
66142,20019,Washington,District of Columbia,DC,Washington,227,2016-03,7500
66142,20019,Washington,District of Columbia,DC,Washington,227,2016-04,10000
66142,20019,Washington,District of Columbia,DC,Washington,227,2016-05,12450.5
66142,20019,Washington,District of Columbia,DC,Washington,227,2016-06,10900
66142,20019,Washington,District of Columbia,DC,Washington,227,2016-07,11795
66142,20019,Washington,District of Columbia,DC,Washington,227,2016-08,13995
66125,20001,Washington,District of Columbia,DC,Washington,352,2010-09,19000
66125,20001,Washington,District of Columbia,DC,Washington,352,2010-10,15900
66125,20001,Washington,District of Columbia,DC,Washington,352,2010-11,19100
66125,20001,Washington,District of Columbia,DC,Washington,352,2010-12,10000
66125,20001,Washington,District of Columbia,DC,Washington,352,2011-01,10000
66125,20001,Washington,District of Columbia,DC,Washington,352,2011-02,4000
66125,20001,Washington,District of Columbia,DC,Washington,352,2011-03,9000
66125,20001,Washington,District of Columbia,DC,Washington,352,2011-04,5000
66125,20001,Washington,District of Columbia,DC,Washington,352,2011-05,10700
66125,20001,Washington,District of Columbia,DC,Washington,352,2011-06,15000
66125,20001,Washington,District of Columbia,DC,Washington,352,2011-07,13350
66125,20001,Washington,District of Columbia,DC,Washington,352,2011-08,16000
66125,20001,Washington,District of Columbia,DC,Washington,352,2011-09,10000
66125,20001,Washington,District of Columbia,DC,Washington,352,2011-10,15000
66125,20001,Washington,District of Columbia,DC,Washington,352,2011-11,18000
66125,20001,Washington,District of Columbia,DC,Washington,352,2011-12,7140
66125,20001,Washington,District of Columbia,DC,Washington,352,2012-01,20000
66125,20001,Washington,District of Columbia,DC,Washington,352,2012-02,14000
66125,20001,Washington,District of Columbia,DC,Washington,352,2012-03,20200
66125,20001,Washington,District of Columbia,DC,Washington,352,2012-04,11000
66125,20001,Washington,District of Columbia,DC,Washington,352,2012-05,14500
66125,20001,Washington,District of Columbia,DC,Washington,352,2012-06,20000
66125,20001,Washington,District of Columbia,DC,Washington,352,2012-07,15000
66125,20001,Washington,District of Columbia,DC,Washington,352,2012-08,20000
66125,20001,Washington,District of Columbia,DC,Washington,352,2012-09,15000
66125,20001,Washington,District of Columbia,DC,Washington,352,2012-10,15100
66125,20001,Washington,District of Columbia,DC,Washington,352,2012-11,18000
66125,20001,Washington,District of Columbia,DC,Washington,352,2012-12,14500
66125,20001,Washington,District of Columbia,DC,Washington,352,2013-01,20000
66125,20001,Washington,District of Columbia,DC,Washington,352,2013-02,12050
66125,20001,Washington,District of Columbia,DC,Washington,352,2013-03,11000
66125,20001,Washington,District of Columbia,DC,Washington,352,2013-04,30000
66125,20001,Washington,District of Columbia,DC,Washington,352,2013-05,30000
66125,20001,Washington,District of Columbia,DC,Washington,352,2013-06,20000
66125,20001,Washington,District of Columbia,DC,Washington,352,2013-07,20000
66125,20001,Washington,District of Columbia,DC,Washington,352,2013-08,16000
66125,20001,Washington,District of Columbia,DC,Washington,352,2013-09,20499.5
66125,20001,Washington,District of Columbia,DC,Washington,352,2013-10,20000
66125,20001,Washington,District of Columbia,DC,Washington,352,2013-11,25900
66125,20001,Washington,District of Columbia,DC,Washington,352,2013-12,25500
66125,20001,Washington,District of Columbia,DC,Washington,352,2014-01,29100
66125,20001,Washington,District of Columbia,DC,Washington,352,2014-02,10500
66125,20001,Washington,District of Columbia,DC,Washington,352,2014-03,10000
66125,20001,Washington,District of Columbia,DC,Washington,352,2014-04,14550
66125,20001,Washington,District of Columbia,DC,Washington,352,2014-05,19500
66125,20001,Washington,District of Columbia,DC,Washington,352,2014-06,20450
66125,20001,Washington,District of Columbia,DC,Washington,352,2014-07,25000
66125,20001,Washington,District of Columbia,DC,Washington,352,2014-08,24700
66125,20001,Washington,District of Columbia,DC,Washington,352,2014-09,18000
66125,20001,Washington,District of Columbia,DC,Washington,352,2014-10,20000
66125,20001,Washington,District of Columbia,DC,Washington,352,2014-11,15047.5
66125,20001,Washington,District of Columbia,DC,Washington,352,2014-12,20000
66125,20001,Washington,District of Columbia,DC,Washington,352,2015-01,15500
66125,20001,Washington,District of Columbia,DC,Washington,352,2015-02,20000
66125,20001,Washington,District of Columbia,DC,Washington,352,2015-03,13000
66125,20001,Washington,District of Columbia,DC,Washington,352,2015-04,20000
66125,20001,Washington,District of Columbia,DC,Washington,352,2015-05,16500
66125,20001,Washington,District of Columbia,DC,Washington,352,2015-06,16000
66125,20001,Washington,District of Columbia,DC,Washington,352,2015-07,20000
66125,20001,Washington,District of Columbia,DC,Washington,352,2015-08,25100
66125,20001,Washington,District of Columbia,DC,Washington,352,2015-09,25000
66125,20001,Washington,District of Columbia,DC,Washington,352,2015-10,20000
66125,20001,Washington,District of Columbia,DC,Washington,352,2015-11,20900
66125,20001,Washington,District of Columbia,DC,Washington,352,2015-12,20875
66125,20001,Washington,District of Columbia,DC,Washington,352,2016-01,14500
66125,20001,Washington,District of Columbia,DC,Washington,352,2016-02,13000
66125,20001,Washington,District of Columbia,DC,Washington,352,2016-03,22005
66125,20001,Washington,District of Columbia,DC,Washington,352,2016-04,20500
66125,20001,Washington,District of Columbia,DC,Washington,352,2016-05,10000
66125,20001,Washington,District of Columbia,DC,Washington,352,2016-06,15000
66125,20001,Washington,District of Columbia,DC,Washington,352,2016-07,20050
66125,20001,Washington,District of Columbia,DC,Washington,352,2016-08,29100
66143,20020,Washington,District of Columbia,DC,Washington,393,2010-09,14900
66143,20020,Washington,District of Columbia,DC,Washington,393,2010-10,10000
66143,20020,Washington,District of Columbia,DC,Washington,393,2010-11,10000
66143,20020,Washington,District of Columbia,DC,Washington,393,2010-12,10000
66143,20020,Washington,District of Columbia,DC,Washington,393,2011-01,10000
66143,20020,Washington,District of Columbia,DC,Washington,393,2011-02,10000
66143,20020,Washington,District of Columbia,DC,Washington,393,2011-03,15000
66143,20020,Washington,District of Columbia,DC,Washington,393,2011-04,10000
66143,20020,Washington,District of Columbia,DC,Washington,393,2011-05,12000
66143,20020,Washington,District of Columbia,DC,Washington,393,2011-06,13000
66143,20020,Washington,District of Columbia,DC,Washington,393,2011-07,10000
66143,20020,Washington,District of Columbia,DC,Washington,393,2011-08,20000
66143,20020,Washington,District of Columbia,DC,Washington,393,2011-09,20000
66143,20020,Washington,District of Columbia,DC,Washington,393,2011-10,10001
66143,20020,Washington,District of Columbia,DC,Washington,393,2011-11,10999
66143,20020,Washington,District of Columbia,DC,Washington,393,2011-12,10000
66143,20020,Washington,District of Columbia,DC,Washington,393,2012-01,23500
66143,20020,Washington,District of Columbia,DC,Washington,393,2012-02,10000
66143,20020,Washington,District of Columbia,DC,Washington,393,2012-03,20000
66143,20020,Washington,District of Columbia,DC,Washington,393,2012-04,14901
66143,20020,Washington,District of Columbia,DC,Washington,393,2012-05,11300
66143,20020,Washington,District of Columbia,DC,Washington,393,2012-06,10100
66143,20020,Washington,District of Columbia,DC,Washington,393,2012-07,10000
66143,20020,Washington,District of Columbia,DC,Washington,393,2012-08,28000
66143,20020,Washington,District of Columbia,DC,Washington,393,2012-09,20000
66143,20020,Washington,District of Columbia,DC,Washington,393,2012-10,10000
66143,20020,Washington,District of Columbia,DC,Washington,393,2012-11,10050
66143,20020,Washington,District of Columbia,DC,Washington,393,2012-12,9150
66143,20020,Washington,District of Columbia,DC,Washington,393,2013-01,20000
66143,20020,Washington,District of Columbia,DC,Washington,393,2013-02,7615.5
66143,20020,Washington,District of Columbia,DC,Washington,393,2013-03,19001.5
66143,20020,Washington,District of Columbia,DC,Washington,393,2013-04,12500
66143,20020,Washington,District of Columbia,DC,Washington,393,2013-05,20000
66143,20020,Washington,District of Columbia,DC,Washington,393,2013-06,20000
66143,20020,Washington,District of Columbia,DC,Washington,393,2013-07,10600
66143,20020,Washington,District of Columbia,DC,Washington,393,2013-08,10000
66143,20020,Washington,District of Columbia,DC,Washington,393,2013-09,17550
66143,20020,Washington,District of Columbia,DC,Washington,393,2013-10,10000
66143,20020,Washington,District of Columbia,DC,Washington,393,2013-11,19900
66143,20020,Washington,District of Columbia,DC,Washington,393,2013-12,10000
66143,20020,Washington,District of Columbia,DC,Washington,393,2014-01,15000
66143,20020,Washington,District of Columbia,DC,Washington,393,2014-02,15000
66143,20020,Washington,District of Columbia,DC,Washington,393,2014-03,6000
66143,20020,Washington,District of Columbia,DC,Washington,393,2014-04,15000
66143,20020,Washington,District of Columbia,DC,Washington,393,2014-05,10000
66143,20020,Washington,District of Columbia,DC,Washington,393,2014-06,15000
66143,20020,Washington,District of Columbia,DC,Washington,393,2014-07,12950
66143,20020,Washington,District of Columbia,DC,Washington,393,2014-08,20000
66143,20020,Washington,District of Columbia,DC,Washington,393,2014-09,20000
66143,20020,Washington,District of Columbia,DC,Washington,393,2014-10,10000
66143,20020,Washington,District of Columbia,DC,Washington,393,2014-11,6000
66143,20020,Washington,District of Columbia,DC,Washington,393,2014-12,10000
66143,20020,Washington,District of Columbia,DC,Washington,393,2015-01,16000
66143,20020,Washington,District of Columbia,DC,Washington,393,2015-02,10000
66143,20020,Washington,District of Columbia,DC,Washington,393,2015-03,20000
66143,20020,Washington,District of Columbia,DC,Washington,393,2015-04,12500
66143,20020,Washington,District of Columbia,DC,Washington,393,2015-05,19100
66143,20020,Washington,District of Columbia,DC,Washington,393,2015-06,10000
66143,20020,Washington,District of Columbia,DC,Washington,393,2015-07,14900
66143,20020,Washington,District of Columbia,DC,Washington,393,2015-08,5900
66143,20020,Washington,District of Columbia,DC,Washington,393,2015-09,10550
66143,20020,Washington,District of Columbia,DC,Washington,393,2015-10,21000
66143,20020,Washington,District of Columbia,DC,Washington,393,2015-11,10000
66143,20020,Washington,District of Columbia,DC,Washington,393,2015-12,17500
66143,20020,Washington,District of Columbia,DC,Washington,393,2016-01,11000
66143,20020,Washington,District of Columbia,DC,Washington,393,2016-02,15000
66143,20020,Washington,District of Columbia,DC,Washington,393,2016-03,15000
66143,20020,Washington,District of Columbia,DC,Washington,393,2016-04,15000
66143,20020,Washington,District of Columbia,DC,Washington,393,2016-05,10000
66143,20020,Washington,District of Columbia,DC,Washington,393,2016-06,10900
66143,20020,Washington,District of Columbia,DC,Washington,393,2016-07,14000
66143,20020,Washington,District of Columbia,DC,Washington,393,2016-08,12000
66132,20008,Washington,District of Columbia,DC,Washington,1334,2010-09,24475
66132,20008,Washington,District of Columbia,DC,Washington,1334,2010-10,33000
66132,20008,Washington,District of Columbia,DC,Washington,1334,2010-11,19150
66132,20008,Washington,District of Columbia,DC,Washington,1334,2010-12,30000
66132,20008,Washington,District of Columbia,DC,Washington,1334,2011-01,30500
66132,20008,Washington,District of Columbia,DC,Washington,1334,2011-02,14900
66132,20008,Washington,District of Columbia,DC,Washington,1334,2011-03,10050
66132,20008,Washington,District of Columbia,DC,Washington,1334,2011-04,20250
66132,20008,Washington,District of Columbia,DC,Washington,1334,2011-05,25500
66132,20008,Washington,District of Columbia,DC,Washington,1334,2011-06,15000
66132,20008,Washington,District of Columbia,DC,Washington,1334,2011-07,25000
66132,20008,Washington,District of Columbia,DC,Washington,1334,2011-08,33000
66132,20008,Washington,District of Columbia,DC,Washington,1334,2011-09,19700.5
66132,20008,Washington,District of Columbia,DC,Washington,1334,2011-10,20000
66132,20008,Washington,District of Columbia,DC,Washington,1334,2011-11,15250
66132,20008,Washington,District of Columbia,DC,Washington,1334,2011-12,20000
66132,20008,Washington,District of Columbia,DC,Washington,1334,2012-01,24500
66132,20008,Washington,District of Columbia,DC,Washington,1334,2012-02,26000
66132,20008,Washington,District of Columbia,DC,Washington,1334,2012-03,24100
66132,20008,Washington,District of Columbia,DC,Washington,1334,2012-04,14950
66132,20008,Washington,District of Columbia,DC,Washington,1334,2012-05,31000
66132,20008,Washington,District of Columbia,DC,Washington,1334,2012-06,20000
66132,20008,Washington,District of Columbia,DC,Washington,1334,2012-07,41000
66132,20008,Washington,District of Columbia,DC,Washington,1334,2012-08,13500
66132,20008,Washington,District of Columbia,DC,Washington,1334,2012-09,20000
66132,20008,Washington,District of Columbia,DC,Washington,1334,2012-10,11000
66132,20008,Washington,District of Columbia,DC,Washington,1334,2012-11,29000
66132,20008,Washington,District of Columbia,DC,Washington,1334,2012-12,12000
66132,20008,Washington,District of Columbia,DC,Washington,1334,2013-01,10000
66132,20008,Washington,District of Columbia,DC,Washington,1334,2013-02,40000
66132,20008,Washington,District of Columbia,DC,Washington,1334,2013-03,19950
66132,20008,Washington,District of Columbia,DC,Washington,1334,2013-04,17500
66132,20008,Washington,District of Columbia,DC,Washington,1334,2013-05,10001
66132,20008,Washington,District of Columbia,DC,Washington,1334,2013-06,20000
66132,20008,Washington,District of Columbia,DC,Washington,1334,2013-07,13000
66132,20008,Washington,District of Columbia,DC,Washington,1334,2013-08,12500
66132,20008,Washington,District of Columbia,DC,Washington,1334,2013-09,24500
66132,20008,Washington,District of Columbia,DC,Washington,1334,2013-10,20000
66132,20008,Washington,District of Columbia,DC,Washington,1334,2013-11,14000
66132,20008,Washington,District of Columbia,DC,Washington,1334,2013-12,20000
66132,20008,Washington,District of Columbia,DC,Washington,1334,2014-01,10000
66132,20008,Washington,District of Columbia,DC,Washington,1334,2014-02,10000
66132,20008,Washington,District of Columbia,DC,Washington,1334,2014-03,12500
66132,20008,Washington,District of Columbia,DC,Washington,1334,2014-04,10000
66132,20008,Washington,District of Columbia,DC,Washington,1334,2014-05,15050
66132,20008,Washington,District of Columbia,DC,Washington,1334,2014-06,27100
66132,20008,Washington,District of Columbia,DC,Washington,1334,2014-07,15050
66132,20008,Washington,District of Columbia,DC,Washington,1334,2014-08,13500
66132,20008,Washington,District of Columbia,DC,Washington,1334,2014-09,15000
66132,20008,Washington,District of Columbia,DC,Washington,1334,2014-10,15000
66132,20008,Washington,District of Columbia,DC,Washington,1334,2014-11,15550
66132,20008,Washington,District of Columbia,DC,Washington,1334,2014-12,24000
66132,20008,Washington,District of Columbia,DC,Washington,1334,2015-01,30000
66132,20008,Washington,District of Columbia,DC,Washington,1334,2015-02,75050
66132,20008,Washington,District of Columbia,DC,Washington,1334,2015-03,10000
66132,20008,Washington,District of Columbia,DC,Washington,1334,2015-04,15000
66132,20008,Washington,District of Columbia,DC,Washington,1334,2015-05,24000
66132,20008,Washington,District of Columbia,DC,Washington,1334,2015-06,15000
66132,20008,Washington,District of Columbia,DC,Washington,1334,2015-07,10000
66132,20008,Washington,District of Columbia,DC,Washington,1334,2015-08,14000
66132,20008,Washington,District of Columbia,DC,Washington,1334,2015-09,22450
66132,20008,Washington,District of Columbia,DC,Washington,1334,2015-10,29000
66132,20008,Washington,District of Columbia,DC,Washington,1334,2015-11,28000
66132,20008,Washington,District of Columbia,DC,Washington,1334,2015-12,17000
66132,20008,Washington,District of Columbia,DC,Washington,1334,2016-01,34900
66132,20008,Washington,District of Columbia,DC,Washington,1334,2016-02,27500
66132,20008,Washington,District of Columbia,DC,Washington,1334,2016-03,24550
66132,20008,Washington,District of Columbia,DC,Washington,1334,2016-04,20000
66132,20008,Washington,District of Columbia,DC,Washington,1334,2016-05,80000
66132,20008,Washington,District of Columbia,DC,Washington,1334,2016-06,16000
66132,20008,Washington,District of Columbia,DC,Washington,1334,2016-07,25100
66132,20008,Washington,District of Columbia,DC,Washington,1334,2016-08,44500
66139,20016,Washington,District of Columbia,DC,Washington,2064,2010-09,29250
66139,20016,Washington,District of Columbia,DC,Washington,2064,2010-10,15000
66139,20016,Washington,District of Columbia,DC,Washington,2064,2010-11,20500
66139,20016,Washington,District of Columbia,DC,Washington,2064,2010-12,19000
66139,20016,Washington,District of Columbia,DC,Washington,2064,2011-01,24550
66139,20016,Washington,District of Columbia,DC,Washington,2064,2011-02,15000
66139,20016,Washington,District of Columbia,DC,Washington,2064,2011-03,21500
66139,20016,Washington,District of Columbia,DC,Washington,2064,2011-04,24500
66139,20016,Washington,District of Columbia,DC,Washington,2064,2011-05,21000
66139,20016,Washington,District of Columbia,DC,Washington,2064,2011-06,18000
66139,20016,Washington,District of Columbia,DC,Washington,2064,2011-07,14010
66139,20016,Washington,District of Columbia,DC,Washington,2064,2011-08,15000
66139,20016,Washington,District of Columbia,DC,Washington,2064,2011-09,26000
66139,20016,Washington,District of Columbia,DC,Washington,2064,2011-10,20000
66139,20016,Washington,District of Columbia,DC,Washington,2064,2011-11,13500
66139,20016,Washington,District of Columbia,DC,Washington,2064,2011-12,13000
66139,20016,Washington,District of Columbia,DC,Washington,2064,2012-01,30000
66139,20016,Washington,District of Columbia,DC,Washington,2064,2012-02,22450
66139,20016,Washington,District of Columbia,DC,Washington,2064,2012-03,14450
66139,20016,Washington,District of Columbia,DC,Washington,2064,2012-04,25000
66139,20016,Washington,District of Columbia,DC,Washington,2064,2012-05,40000
66139,20016,Washington,District of Columbia,DC,Washington,2064,2012-06,25000
66139,20016,Washington,District of Columbia,DC,Washington,2064,2012-07,24500
66139,20016,Washington,District of Columbia,DC,Washington,2064,2012-08,30000
66139,20016,Washington,District of Columbia,DC,Washington,2064,2012-09,43000
66139,20016,Washington,District of Columbia,DC,Washington,2064,2012-10,50000
66139,20016,Washington,District of Columbia,DC,Washington,2064,2012-11,24000
66139,20016,Washington,District of Columbia,DC,Washington,2064,2012-12,24500
66139,20016,Washington,District of Columbia,DC,Washington,2064,2013-01,26000
66139,20016,Washington,District of Columbia,DC,Washington,2064,2013-02,14500
66139,20016,Washington,District of Columbia,DC,Washington,2064,2013-03,20000
66139,20016,Washington,District of Columbia,DC,Washington,2064,2013-04,42500
66139,20016,Washington,District of Columbia,DC,Washington,2064,2013-05,55500
66139,20016,Washington,District of Columbia,DC,Washington,2064,2013-06,19750
66139,20016,Washington,District of Columbia,DC,Washington,2064,2013-07,13050
66139,20016,Washington,District of Columbia,DC,Washington,2064,2013-08,10000
66139,20016,Washington,District of Columbia,DC,Washington,2064,2013-09,45000
66139,20016,Washington,District of Columbia,DC,Washington,2064,2013-10,26000
66139,20016,Washington,District of Columbia,DC,Washington,2064,2013-11,22000
66139,20016,Washington,District of Columbia,DC,Washington,2064,2013-12,15000
66139,20016,Washington,District of Columbia,DC,Washington,2064,2014-01,14550
66139,20016,Washington,District of Columbia,DC,Washington,2064,2014-02,10000
66139,20016,Washington,District of Columbia,DC,Washington,2064,2014-03,10000
66139,20016,Washington,District of Columbia,DC,Washington,2064,2014-04,45250
66139,20016,Washington,District of Columbia,DC,Washington,2064,2014-05,45500
66139,20016,Washington,District of Columbia,DC,Washington,2064,2014-06,10000
66139,20016,Washington,District of Columbia,DC,Washington,2064,2014-07,23950
66139,20016,Washington,District of Columbia,DC,Washington,2064,2014-08,20000
66139,20016,Washington,District of Columbia,DC,Washington,2064,2014-09,50000
66139,20016,Washington,District of Columbia,DC,Washington,2064,2014-10,20000
66139,20016,Washington,District of Columbia,DC,Washington,2064,2014-11,19010
66139,20016,Washington,District of Columbia,DC,Washington,2064,2014-12,16000
66139,20016,Washington,District of Columbia,DC,Washington,2064,2015-01,13050
66139,20016,Washington,District of Columbia,DC,Washington,2064,2015-02,10200
66139,20016,Washington,District of Columbia,DC,Washington,2064,2015-03,14950
66139,20016,Washington,District of Columbia,DC,Washington,2064,2015-04,30000
66139,20016,Washington,District of Columbia,DC,Washington,2064,2015-05,30000
66139,20016,Washington,District of Columbia,DC,Washington,2064,2015-06,50000
66139,20016,Washington,District of Columbia,DC,Washington,2064,2015-07,28500
66139,20016,Washington,District of Columbia,DC,Washington,2064,2015-08,26000
66139,20016,Washington,District of Columbia,DC,Washington,2064,2015-09,24000
66139,20016,Washington,District of Columbia,DC,Washington,2064,2015-10,36000
66139,20016,Washington,District of Columbia,DC,Washington,2064,2015-11,49500
66139,20016,Washington,District of Columbia,DC,Washington,2064,2015-12,15100
66139,20016,Washington,District of Columbia,DC,Washington,2064,2016-01,13000
66139,20016,Washington,District of Columbia,DC,Washington,2064,2016-02,25000
66139,20016,Washington,District of Columbia,DC,Washington,2064,2016-03,22950
66139,20016,Washington,District of Columbia,DC,Washington,2064,2016-04,52500
66139,20016,Washington,District of Columbia,DC,Washington,2064,2016-05,20450
66139,20016,Washington,District of Columbia,DC,Washington,2064,2016-06,24972.5
66139,20016,Washington,District of Columbia,DC,Washington,2064,2016-07,28900
66139,20016,Washington,District of Columbia,DC,Washington,2064,2016-08,18250
66127,20003,Washington,District of Columbia,DC,Washington,2278,2010-09,18500
66127,20003,Washington,District of Columbia,DC,Washington,2278,2010-10,15500
66127,20003,Washington,District of Columbia,DC,Washington,2278,2010-11,20000
66127,20003,Washington,District of Columbia,DC,Washington,2278,2010-12,20000
66127,20003,Washington,District of Columbia,DC,Washington,2278,2011-01,15500
66127,20003,Washington,District of Columbia,DC,Washington,2278,2011-02,24750
66127,20003,Washington,District of Columbia,DC,Washington,2278,2011-03,20000
66127,20003,Washington,District of Columbia,DC,Washington,2278,2011-04,10000
66127,20003,Washington,District of Columbia,DC,Washington,2278,2011-05,15100
66127,20003,Washington,District of Columbia,DC,Washington,2278,2011-06,20100
66127,20003,Washington,District of Columbia,DC,Washington,2278,2011-07,20000
66127,20003,Washington,District of Columbia,DC,Washington,2278,2011-08,20000.5
66127,20003,Washington,District of Columbia,DC,Washington,2278,2011-09,25000
66127,20003,Washington,District of Columbia,DC,Washington,2278,2011-10,20000
66127,20003,Washington,District of Columbia,DC,Washington,2278,2011-11,12500
66127,20003,Washington,District of Columbia,DC,Washington,2278,2011-12,10000
66127,20003,Washington,District of Columbia,DC,Washington,2278,2012-01,10000
66127,20003,Washington,District of Columbia,DC,Washington,2278,2012-02,26000
66127,20003,Washington,District of Columbia,DC,Washington,2278,2012-03,20000
66127,20003,Washington,District of Columbia,DC,Washington,2278,2012-04,20000
66127,20003,Washington,District of Columbia,DC,Washington,2278,2012-05,15000
66127,20003,Washington,District of Columbia,DC,Washington,2278,2012-06,17666.5
66127,20003,Washington,District of Columbia,DC,Washington,2278,2012-07,10000
66127,20003,Washington,District of Columbia,DC,Washington,2278,2012-08,12500
66127,20003,Washington,District of Columbia,DC,Washington,2278,2012-09,15500
66127,20003,Washington,District of Columbia,DC,Washington,2278,2012-10,10000
66127,20003,Washington,District of Columbia,DC,Washington,2278,2012-11,19223
66127,20003,Washington,District of Columbia,DC,Washington,2278,2012-12,13824
66127,20003,Washington,District of Columbia,DC,Washington,2278,2013-01,22450
66127,20003,Washington,District of Columbia,DC,Washington,2278,2013-02,10000
66127,20003,Washington,District of Columbia,DC,Washington,2278,2013-03,20000
66127,20003,Washington,District of Columbia,DC,Washington,2278,2013-04,12950
66127,20003,Washington,District of Columbia,DC,Washington,2278,2013-05,20000
66127,20003,Washington,District of Columbia,DC,Washington,2278,2013-06,14750
66127,20003,Washington,District of Columbia,DC,Washington,2278,2013-07,13250
66127,20003,Washington,District of Columbia,DC,Washington,2278,2013-08,11000
66127,20003,Washington,District of Columbia,DC,Washington,2278,2013-09,19001
66127,20003,Washington,District of Columbia,DC,Washington,2278,2013-10,10000.5
66127,20003,Washington,District of Columbia,DC,Washington,2278,2013-11,25000
66127,20003,Washington,District of Columbia,DC,Washington,2278,2013-12,12050
66127,20003,Washington,District of Columbia,DC,Washington,2278,2014-01,9950
66127,20003,Washington,District of Columbia,DC,Washington,2278,2014-02,15000
66127,20003,Washington,District of Columbia,DC,Washington,2278,2014-03,10191
66127,20003,Washington,District of Columbia,DC,Washington,2278,2014-04,10900
66127,20003,Washington,District of Columbia,DC,Washington,2278,2014-05,6000
66127,20003,Washington,District of Columbia,DC,Washington,2278,2014-06,10000
66127,20003,Washington,District of Columbia,DC,Washington,2278,2014-07,14000
66127,20003,Washington,District of Columbia,DC,Washington,2278,2014-08,24950
66127,20003,Washington,District of Columbia,DC,Washington,2278,2014-09,24900
66127,20003,Washington,District of Columbia,DC,Washington,2278,2014-10,10300
66127,20003,Washington,District of Columbia,DC,Washington,2278,2014-11,14500
66127,20003,Washington,District of Columbia,DC,Washington,2278,2014-12,18999
66127,20003,Washington,District of Columbia,DC,Washington,2278,2015-01,30000
66127,20003,Washington,District of Columbia,DC,Washington,2278,2015-02,11000
66127,20003,Washington,District of Columbia,DC,Washington,2278,2015-03,13000
66127,20003,Washington,District of Columbia,DC,Washington,2278,2015-04,24100
66127,20003,Washington,District of Columbia,DC,Washington,2278,2015-05,22400
66127,20003,Washington,District of Columbia,DC,Washington,2278,2015-06,20000
66127,20003,Washington,District of Columbia,DC,Washington,2278,2015-07,25000
66127,20003,Washington,District of Columbia,DC,Washington,2278,2015-08,20050
66127,20003,Washington,District of Columbia,DC,Washington,2278,2015-09,19800
66127,20003,Washington,District of Columbia,DC,Washington,2278,2015-10,20000
66127,20003,Washington,District of Columbia,DC,Washington,2278,2015-11,24000
66127,20003,Washington,District of Columbia,DC,Washington,2278,2015-12,10000
66127,20003,Washington,District of Columbia,DC,Washington,2278,2016-01,15000
66127,20003,Washington,District of Columbia,DC,Washington,2278,2016-02,40500
66127,20003,Washington,District of Columbia,DC,Washington,2278,2016-03,15000
66127,20003,Washington,District of Columbia,DC,Washington,2278,2016-04,14300
66127,20003,Washington,District of Columbia,DC,Washington,2278,2016-05,21000
66127,20003,Washington,District of Columbia,DC,Washington,2278,2016-06,22500
66127,20003,Washington,District of Columbia,DC,Washington,2278,2016-07,11500
66127,20003,Washington,District of Columbia,DC,Washington,2278,2016-08,10500
66134,20010,Washington,District of Columbia,DC,Washington,2742,2010-09,20000
66134,20010,Washington,District of Columbia,DC,Washington,2742,2010-10,17860.5
66134,20010,Washington,District of Columbia,DC,Washington,2742,2010-11,19950
66134,20010,Washington,District of Columbia,DC,Washington,2742,2010-12,13000
66134,20010,Washington,District of Columbia,DC,Washington,2742,2011-01,10000
66134,20010,Washington,District of Columbia,DC,Washington,2742,2011-02,100
66134,20010,Washington,District of Columbia,DC,Washington,2742,2011-03,200
66134,20010,Washington,District of Columbia,DC,Washington,2742,2011-04,100
66134,20010,Washington,District of Columbia,DC,Washington,2742,2011-05,200
66134,20010,Washington,District of Columbia,DC,Washington,2742,2011-06,4500
66134,20010,Washington,District of Columbia,DC,Washington,2742,2011-07,200
66134,20010,Washington,District of Columbia,DC,Washington,2742,2011-08,6000
66134,20010,Washington,District of Columbia,DC,Washington,2742,2011-09,200
66134,20010,Washington,District of Columbia,DC,Washington,2742,2011-10,10000
66134,20010,Washington,District of Columbia,DC,Washington,2742,2011-11,19999
66134,20010,Washington,District of Columbia,DC,Washington,2742,2011-12,18450
66134,20010,Washington,District of Columbia,DC,Washington,2742,2012-01,15050
66134,20010,Washington,District of Columbia,DC,Washington,2742,2012-02,10000
66134,20010,Washington,District of Columbia,DC,Washington,2742,2012-03,5500
66134,20010,Washington,District of Columbia,DC,Washington,2742,2012-04,22500
66134,20010,Washington,District of Columbia,DC,Washington,2742,2012-05,20000
66134,20010,Washington,District of Columbia,DC,Washington,2742,2012-06,1200
66134,20010,Washington,District of Columbia,DC,Washington,2742,2012-07,6500
66134,20010,Washington,District of Columbia,DC,Washington,2742,2012-08,21000
66134,20010,Washington,District of Columbia,DC,Washington,2742,2012-09,30000
66134,20010,Washington,District of Columbia,DC,Washington,2742,2012-10,15000
66134,20010,Washington,District of Columbia,DC,Washington,2742,2012-11,10000
66134,20010,Washington,District of Columbia,DC,Washington,2742,2012-12,11000
66134,20010,Washington,District of Columbia,DC,Washington,2742,2013-01,20000
66134,20010,Washington,District of Columbia,DC,Washington,2742,2013-02,10000
66134,20010,Washington,District of Columbia,DC,Washington,2742,2013-03,10000
66134,20010,Washington,District of Columbia,DC,Washington,2742,2013-04,10000
66134,20010,Washington,District of Columbia,DC,Washington,2742,2013-05,25499.5
66134,20010,Washington,District of Columbia,DC,Washington,2742,2013-06,40000
66134,20010,Washington,District of Columbia,DC,Washington,2742,2013-07,25100
66134,20010,Washington,District of Columbia,DC,Washington,2742,2013-08,10000
66134,20010,Washington,District of Columbia,DC,Washington,2742,2013-09,8000
66134,20010,Washington,District of Columbia,DC,Washington,2742,2013-10,20000
66134,20010,Washington,District of Columbia,DC,Washington,2742,2013-11,17500
66134,20010,Washington,District of Columbia,DC,Washington,2742,2013-12,14550
66134,20010,Washington,District of Columbia,DC,Washington,2742,2014-01,21000
66134,20010,Washington,District of Columbia,DC,Washington,2742,2014-02,24000
66134,20010,Washington,District of Columbia,DC,Washington,2742,2014-03,15400
66134,20010,Washington,District of Columbia,DC,Washington,2742,2014-04,27495
66134,20010,Washington,District of Columbia,DC,Washington,2742,2014-05,14500
66134,20010,Washington,District of Columbia,DC,Washington,2742,2014-06,8750
66134,20010,Washington,District of Columbia,DC,Washington,2742,2014-07,15000
66134,20010,Washington,District of Columbia,DC,Washington,2742,2014-08,10000
66134,20010,Washington,District of Columbia,DC,Washington,2742,2014-09,22450
66134,20010,Washington,District of Columbia,DC,Washington,2742,2014-10,15100
66134,20010,Washington,District of Columbia,DC,Washington,2742,2014-11,17050
66134,20010,Washington,District of Columbia,DC,Washington,2742,2014-12,15000
66134,20010,Washington,District of Columbia,DC,Washington,2742,2015-01,20000
66134,20010,Washington,District of Columbia,DC,Washington,2742,2015-02,15000
66134,20010,Washington,District of Columbia,DC,Washington,2742,2015-03,20500
66134,20010,Washington,District of Columbia,DC,Washington,2742,2015-04,25100
66134,20010,Washington,District of Columbia,DC,Washington,2742,2015-05,20100
66134,20010,Washington,District of Columbia,DC,Washington,2742,2015-06,22450.5
66134,20010,Washington,District of Columbia,DC,Washington,2742,2015-07,10000
66134,20010,Washington,District of Columbia,DC,Washington,2742,2015-08,12450
66134,20010,Washington,District of Columbia,DC,Washington,2742,2015-09,20000
66134,20010,Washington,District of Columbia,DC,Washington,2742,2015-10,10000
66134,20010,Washington,District of Columbia,DC,Washington,2742,2015-11,20000
66134,20010,Washington,District of Columbia,DC,Washington,2742,2015-12,20000
66134,20010,Washington,District of Columbia,DC,Washington,2742,2016-01,22505
66134,20010,Washington,District of Columbia,DC,Washington,2742,2016-02,25000
66134,20010,Washington,District of Columbia,DC,Washington,2742,2016-03,20000
66134,20010,Washington,District of Columbia,DC,Washington,2742,2016-04,22500
66134,20010,Washington,District of Columbia,DC,Washington,2742,2016-05,12282.5
66134,20010,Washington,District of Columbia,DC,Washington,2742,2016-06,20000
66134,20010,Washington,District of Columbia,DC,Washington,2742,2016-07,15100
66134,20010,Washington,District of Columbia,DC,Washington,2742,2016-08,15250
66131,20007,Washington,District of Columbia,DC,Washington,2756,2010-09,50000
66131,20007,Washington,District of Columbia,DC,Washington,2756,2010-10,43000
66131,20007,Washington,District of Columbia,DC,Washington,2756,2010-11,48560
66131,20007,Washington,District of Columbia,DC,Washington,2756,2010-12,21500
66131,20007,Washington,District of Columbia,DC,Washington,2756,2011-01,24000
66131,20007,Washington,District of Columbia,DC,Washington,2756,2011-02,30000
66131,20007,Washington,District of Columbia,DC,Washington,2756,2011-03,30000
66131,20007,Washington,District of Columbia,DC,Washington,2756,2011-04,47500
66131,20007,Washington,District of Columbia,DC,Washington,2756,2011-05,43000
66131,20007,Washington,District of Columbia,DC,Washington,2756,2011-06,26000
66131,20007,Washington,District of Columbia,DC,Washington,2756,2011-07,35550
66131,20007,Washington,District of Columbia,DC,Washington,2756,2011-08,32500
66131,20007,Washington,District of Columbia,DC,Washington,2756,2011-09,57500
66131,20007,Washington,District of Columbia,DC,Washington,2756,2011-10,29000.5
66131,20007,Washington,District of Columbia,DC,Washington,2756,2011-11,30000
66131,20007,Washington,District of Columbia,DC,Washington,2756,2011-12,45000
66131,20007,Washington,District of Columbia,DC,Washington,2756,2012-01,58000
66131,20007,Washington,District of Columbia,DC,Washington,2756,2012-02,50000
66131,20007,Washington,District of Columbia,DC,Washington,2756,2012-03,100000
66131,20007,Washington,District of Columbia,DC,Washington,2756,2012-04,48000
66131,20007,Washington,District of Columbia,DC,Washington,2756,2012-05,45000
66131,20007,Washington,District of Columbia,DC,Washington,2756,2012-06,25000
66131,20007,Washington,District of Columbia,DC,Washington,2756,2012-07,15500
66131,20007,Washington,District of Columbia,DC,Washington,2756,2012-08,24000
66131,20007,Washington,District of Columbia,DC,Washington,2756,2012-09,21000
66131,20007,Washington,District of Columbia,DC,Washington,2756,2012-10,49100
66131,20007,Washington,District of Columbia,DC,Washington,2756,2012-11,37777.5
66131,20007,Washington,District of Columbia,DC,Washington,2756,2012-12,72550
66131,20007,Washington,District of Columbia,DC,Washington,2756,2013-01,30000
66131,20007,Washington,District of Columbia,DC,Washington,2756,2013-02,25000
66131,20007,Washington,District of Columbia,DC,Washington,2756,2013-03,22999.5
66131,20007,Washington,District of Columbia,DC,Washington,2756,2013-04,25000
66131,20007,Washington,District of Columbia,DC,Washington,2756,2013-05,50500
66131,20007,Washington,District of Columbia,DC,Washington,2756,2013-06,60000
66131,20007,Washington,District of Columbia,DC,Washington,2756,2013-07,28000
66131,20007,Washington,District of Columbia,DC,Washington,2756,2013-08,20000
66131,20007,Washington,District of Columbia,DC,Washington,2756,2013-09,52000
66131,20007,Washington,District of Columbia,DC,Washington,2756,2013-10,31000
66131,20007,Washington,District of Columbia,DC,Washington,2756,2013-11,49775
66131,20007,Washington,District of Columbia,DC,Washington,2756,2013-12,13000
66131,20007,Washington,District of Columbia,DC,Washington,2756,2014-01,15000
66131,20007,Washington,District of Columbia,DC,Washington,2756,2014-02,36777.5
66131,20007,Washington,District of Columbia,DC,Washington,2756,2014-03,25000
66131,20007,Washington,District of Columbia,DC,Washington,2756,2014-04,14702.5
66131,20007,Washington,District of Columbia,DC,Washington,2756,2014-05,25950
66131,20007,Washington,District of Columbia,DC,Washington,2756,2014-06,30000
66131,20007,Washington,District of Columbia,DC,Washington,2756,2014-07,15000
66131,20007,Washington,District of Columbia,DC,Washington,2756,2014-08,39001
66131,20007,Washington,District of Columbia,DC,Washington,2756,2014-09,30000
66131,20007,Washington,District of Columbia,DC,Washington,2756,2014-10,20000
66131,20007,Washington,District of Columbia,DC,Washington,2756,2014-11,12500
66131,20007,Washington,District of Columbia,DC,Washington,2756,2014-12,14000
66131,20007,Washington,District of Columbia,DC,Washington,2756,2015-01,24950
66131,20007,Washington,District of Columbia,DC,Washington,2756,2015-02,22550
66131,20007,Washington,District of Columbia,DC,Washington,2756,2015-03,25495
66131,20007,Washington,District of Columbia,DC,Washington,2756,2015-04,25000
66131,20007,Washington,District of Columbia,DC,Washington,2756,2015-05,19500
66131,20007,Washington,District of Columbia,DC,Washington,2756,2015-06,29223
66131,20007,Washington,District of Columbia,DC,Washington,2756,2015-07,30000
66131,20007,Washington,District of Columbia,DC,Washington,2756,2015-08,26000
66131,20007,Washington,District of Columbia,DC,Washington,2756,2015-09,25000
66131,20007,Washington,District of Columbia,DC,Washington,2756,2015-10,25000
66131,20007,Washington,District of Columbia,DC,Washington,2756,2015-11,25000
66131,20007,Washington,District of Columbia,DC,Washington,2756,2015-12,20500
66131,20007,Washington,District of Columbia,DC,Washington,2756,2016-01,26000
66131,20007,Washington,District of Columbia,DC,Washington,2756,2016-02,35000
66131,20007,Washington,District of Columbia,DC,Washington,2756,2016-03,26000
66131,20007,Washington,District of Columbia,DC,Washington,2756,2016-04,34000
66131,20007,Washington,District of Columbia,DC,Washington,2756,2016-05,27500
66131,20007,Washington,District of Columbia,DC,Washington,2756,2016-06,28000
66131,20007,Washington,District of Columbia,DC,Washington,2756,2016-07,47500
66131,20007,Washington,District of Columbia,DC,Washington,2756,2016-08,49000
66141,20018,Washington,District of Columbia,DC,Washington,5680,2010-09,20000
66141,20018,Washington,District of Columbia,DC,Washington,5680,2010-10,17000
66141,20018,Washington,District of Columbia,DC,Washington,5680,2010-11,20000
66141,20018,Washington,District of Columbia,DC,Washington,5680,2010-12,12000
66141,20018,Washington,District of Columbia,DC,Washington,5680,2011-01,23500
66141,20018,Washington,District of Columbia,DC,Washington,5680,2011-02,12500
66141,20018,Washington,District of Columbia,DC,Washington,5680,2011-03,15000
66141,20018,Washington,District of Columbia,DC,Washington,5680,2011-04,10900
66141,20018,Washington,District of Columbia,DC,Washington,5680,2011-05,22000
66141,20018,Washington,District of Columbia,DC,Washington,5680,2011-06,14000
66141,20018,Washington,District of Columbia,DC,Washington,5680,2011-07,20000
66141,20018,Washington,District of Columbia,DC,Washington,5680,2011-08,20000
66141,20018,Washington,District of Columbia,DC,Washington,5680,2011-09,14549.5
66141,20018,Washington,District of Columbia,DC,Washington,5680,2011-10,20000
66141,20018,Washington,District of Columbia,DC,Washington,5680,2011-11,20000
66141,20018,Washington,District of Columbia,DC,Washington,5680,2011-12,10001
66141,20018,Washington,District of Columbia,DC,Washington,5680,2012-01,9550
66141,20018,Washington,District of Columbia,DC,Washington,5680,2012-02,16550
66141,20018,Washington,District of Columbia,DC,Washington,5680,2012-03,22500
66141,20018,Washington,District of Columbia,DC,Washington,5680,2012-04,11000
66141,20018,Washington,District of Columbia,DC,Washington,5680,2012-05,20000
66141,20018,Washington,District of Columbia,DC,Washington,5680,2012-06,12500
66141,20018,Washington,District of Columbia,DC,Washington,5680,2012-07,10000
66141,20018,Washington,District of Columbia,DC,Washington,5680,2012-08,14000
66141,20018,Washington,District of Columbia,DC,Washington,5680,2012-09,20900
66141,20018,Washington,District of Columbia,DC,Washington,5680,2012-10,22450
66141,20018,Washington,District of Columbia,DC,Washington,5680,2012-11,17000
66141,20018,Washington,District of Columbia,DC,Washington,5680,2012-12,20100
66141,20018,Washington,District of Columbia,DC,Washington,5680,2013-01,19700
66141,20018,Washington,District of Columbia,DC,Washington,5680,2013-02,9950
66141,20018,Washington,District of Columbia,DC,Washington,5680,2013-03,50000
66141,20018,Washington,District of Columbia,DC,Washington,5680,2013-04,19600
66141,20018,Washington,District of Columbia,DC,Washington,5680,2013-05,17725
66141,20018,Washington,District of Columbia,DC,Washington,5680,2013-06,20000
66141,20018,Washington,District of Columbia,DC,Washington,5680,2013-07,14000
66141,20018,Washington,District of Columbia,DC,Washington,5680,2013-08,20000
66141,20018,Washington,District of Columbia,DC,Washington,5680,2013-09,27000.5
66141,20018,Washington,District of Columbia,DC,Washington,5680,2013-10,15000
66141,20018,Washington,District of Columbia,DC,Washington,5680,2013-11,30000
66141,20018,Washington,District of Columbia,DC,Washington,5680,2013-12,25000
66141,20018,Washington,District of Columbia,DC,Washington,5680,2014-01,10000
66141,20018,Washington,District of Columbia,DC,Washington,5680,2014-02,20000
66141,20018,Washington,District of Columbia,DC,Washington,5680,2014-03,19901
66141,20018,Washington,District of Columbia,DC,Washington,5680,2014-04,24000
66141,20018,Washington,District of Columbia,DC,Washington,5680,2014-05,15500
66141,20018,Washington,District of Columbia,DC,Washington,5680,2014-06,12495
66141,20018,Washington,District of Columbia,DC,Washington,5680,2014-07,23900
66141,20018,Washington,District of Columbia,DC,Washington,5680,2014-08,30000
66141,20018,Washington,District of Columbia,DC,Washington,5680,2014-09,14999.5
66141,20018,Washington,District of Columbia,DC,Washington,5680,2014-10,20099
66141,20018,Washington,District of Columbia,DC,Washington,5680,2014-11,15000
66141,20018,Washington,District of Columbia,DC,Washington,5680,2014-12,25000
66141,20018,Washington,District of Columbia,DC,Washington,5680,2015-01,12590
66141,20018,Washington,District of Columbia,DC,Washington,5680,2015-02,24100
66141,20018,Washington,District of Columbia,DC,Washington,5680,2015-03,12050
66141,20018,Washington,District of Columbia,DC,Washington,5680,2015-04,14000
66141,20018,Washington,District of Columbia,DC,Washington,5680,2015-05,14550.5
66141,20018,Washington,District of Columbia,DC,Washington,5680,2015-06,25000.5
66141,20018,Washington,District of Columbia,DC,Washington,5680,2015-07,20000
66141,20018,Washington,District of Columbia,DC,Washington,5680,2015-08,14500
66141,20018,Washington,District of Columbia,DC,Washington,5680,2015-09,20000
66141,20018,Washington,District of Columbia,DC,Washington,5680,2015-10,23950
66141,20018,Washington,District of Columbia,DC,Washington,5680,2015-11,20000
66141,20018,Washington,District of Columbia,DC,Washington,5680,2015-12,14975
66141,20018,Washington,District of Columbia,DC,Washington,5680,2016-01,11000
66141,20018,Washington,District of Columbia,DC,Washington,5680,2016-02,25000
66141,20018,Washington,District of Columbia,DC,Washington,5680,2016-03,22000.5
66141,20018,Washington,District of Columbia,DC,Washington,5680,2016-04,30000
66141,20018,Washington,District of Columbia,DC,Washington,5680,2016-05,25000
66141,20018,Washington,District of Columbia,DC,Washington,5680,2016-06,20000
66141,20018,Washington,District of Columbia,DC,Washington,5680,2016-07,18000
66141,20018,Washington,District of Columbia,DC,Washington,5680,2016-08,34000
66155,20037,Washington,District of Columbia,DC,Washington,6172,2010-09,30000
66155,20037,Washington,District of Columbia,DC,Washington,6172,2010-10,13500
66155,20037,Washington,District of Columbia,DC,Washington,6172,2010-11,35000
66155,20037,Washington,District of Columbia,DC,Washington,6172,2010-12,17700
66155,20037,Washington,District of Columbia,DC,Washington,6172,2011-01,15000
66155,20037,Washington,District of Columbia,DC,Washington,6172,2011-02,20000
66155,20037,Washington,District of Columbia,DC,Washington,6172,2011-03,39000
66155,20037,Washington,District of Columbia,DC,Washington,6172,2011-04,20000
66155,20037,Washington,District of Columbia,DC,Washington,6172,2011-05,15000
66155,20037,Washington,District of Columbia,DC,Washington,6172,2011-06,15000
66155,20037,Washington,District of Columbia,DC,Washington,6172,2011-07,16000
66155,20037,Washington,District of Columbia,DC,Washington,6172,2011-08,15000
66155,20037,Washington,District of Columbia,DC,Washington,6172,2011-09,20000
66155,20037,Washington,District of Columbia,DC,Washington,6172,2011-10,26000
66155,20037,Washington,District of Columbia,DC,Washington,6172,2011-11,16050
66155,20037,Washington,District of Columbia,DC,Washington,6172,2011-12,15000.5
66155,20037,Washington,District of Columbia,DC,Washington,6172,2012-01,19000
66155,20037,Washington,District of Columbia,DC,Washington,6172,2012-02,13000
66155,20037,Washington,District of Columbia,DC,Washington,6172,2012-03,22250
66155,20037,Washington,District of Columbia,DC,Washington,6172,2012-04,35250
66155,20037,Washington,District of Columbia,DC,Washington,6172,2012-05,16300
66155,20037,Washington,District of Columbia,DC,Washington,6172,2012-06,20000
66155,20037,Washington,District of Columbia,DC,Washington,6172,2012-07,19100
66155,20037,Washington,District of Columbia,DC,Washington,6172,2012-08,21000
66155,20037,Washington,District of Columbia,DC,Washington,6172,2012-09,17500
66155,20037,Washington,District of Columbia,DC,Washington,6172,2012-10,11160
66155,20037,Washington,District of Columbia,DC,Washington,6172,2012-11,15000
66155,20037,Washington,District of Columbia,DC,Washington,6172,2012-12,20000
66155,20037,Washington,District of Columbia,DC,Washington,6172,2013-01,38000
66155,20037,Washington,District of Columbia,DC,Washington,6172,2013-02,55000
66155,20037,Washington,District of Columbia,DC,Washington,6172,2013-03,38444.5
66155,20037,Washington,District of Columbia,DC,Washington,6172,2013-04,15000
66155,20037,Washington,District of Columbia,DC,Washington,6172,2013-05,24900
66155,20037,Washington,District of Columbia,DC,Washington,6172,2013-06,24500
66155,20037,Washington,District of Columbia,DC,Washington,6172,2013-07,37000
66155,20037,Washington,District of Columbia,DC,Washington,6172,2013-08,17500
66155,20037,Washington,District of Columbia,DC,Washington,6172,2013-09,14500
66155,20037,Washington,District of Columbia,DC,Washington,6172,2013-10,23000
66155,20037,Washington,District of Columbia,DC,Washington,6172,2013-11,22050
66155,20037,Washington,District of Columbia,DC,Washington,6172,2013-12,11276.5
66155,20037,Washington,District of Columbia,DC,Washington,6172,2014-01,10000
66155,20037,Washington,District of Columbia,DC,Washington,6172,2014-02,39000
66155,20037,Washington,District of Columbia,DC,Washington,6172,2014-03,90000
66155,20037,Washington,District of Columbia,DC,Washington,6172,2014-04,19100
66155,20037,Washington,District of Columbia,DC,Washington,6172,2014-05,25950
66155,20037,Washington,District of Columbia,DC,Washington,6172,2014-06,15500
66155,20037,Washington,District of Columbia,DC,Washington,6172,2014-07,19000
66155,20037,Washington,District of Columbia,DC,Washington,6172,2014-08,20000
66155,20037,Washington,District of Columbia,DC,Washington,6172,2014-09,13500
66155,20037,Washington,District of Columbia,DC,Washington,6172,2014-10,22000
66155,20037,Washington,District of Columbia,DC,Washington,6172,2014-11,20000
66155,20037,Washington,District of Columbia,DC,Washington,6172,2014-12,5050
66155,20037,Washington,District of Columbia,DC,Washington,6172,2015-01,40000
66155,20037,Washington,District of Columbia,DC,Washington,6172,2015-02,80000
66155,20037,Washington,District of Columbia,DC,Washington,6172,2015-03,14500
66155,20037,Washington,District of Columbia,DC,Washington,6172,2015-04,20000
66155,20037,Washington,District of Columbia,DC,Washington,6172,2015-05,20000
66155,20037,Washington,District of Columbia,DC,Washington,6172,2015-06,24100
66155,20037,Washington,District of Columbia,DC,Washington,6172,2015-07,19500
66155,20037,Washington,District of Columbia,DC,Washington,6172,2015-08,10000
66155,20037,Washington,District of Columbia,DC,Washington,6172,2015-09,11000
66155,20037,Washington,District of Columbia,DC,Washington,6172,2015-10,20000
66155,20037,Washington,District of Columbia,DC,Washington,6172,2015-11,10000
66155,20037,Washington,District of Columbia,DC,Washington,6172,2015-12,25800
66155,20037,Washington,District of Columbia,DC,Washington,6172,2016-01,25000
66155,20037,Washington,District of Columbia,DC,Washington,6172,2016-02,23000
66155,20037,Washington,District of Columbia,DC,Washington,6172,2016-03,55100
66155,20037,Washington,District of Columbia,DC,Washington,6172,2016-04,20500
66155,20037,Washington,District of Columbia,DC,Washington,6172,2016-05,26000
66155,20037,Washington,District of Columbia,DC,Washington,6172,2016-06,34950
66155,20037,Washington,District of Columbia,DC,Washington,6172,2016-07,13000
66155,20037,Washington,District of Columbia,DC,Washington,6172,2016-08,20000
