RegionID,RegionName,City,County,State,Metro,SizeRank,Month,ListingsPriceCutSeasAdj
66133,20009,Washington,District of Columbia,DC,Washington,42,2010-09,14.02829
66133,20009,Washington,District of Columbia,DC,Washington,42,2010-10,12.0523
66133,20009,Washington,District of Columbia,DC,Washington,42,2010-11,13.98885
66133,20009,Washington,District of Columbia,DC,Washington,42,2010-12,15.18178
66133,20009,Washington,District of Columbia,DC,Washington,42,2011-01,13.25939
66133,20009,Washington,District of Columbia,DC,Washington,42,2011-02,11.0637
66133,20009,Washington,District of Columbia,DC,Washington,42,2011-03,17.58055
66133,20009,Washington,District of Columbia,DC,Washington,42,2011-04,18.18758
66133,20009,Washington,District of Columbia,DC,Washington,42,2011-05,20.24065
66133,20009,Washington,District of Columbia,DC,Washington,42,2011-06,15.96376
66133,20009,Washington,District of Columbia,DC,Washington,42,2011-07,14.73137
66133,20009,Washington,District of Columbia,DC,Washington,42,2011-08,16.60648
66133,20009,Washington,District of Columbia,DC,Washington,42,2011-09,12.10812
66133,20009,Washington,District of Columbia,DC,Washington,42,2011-10,14.79425
66133,20009,Washington,District of Columbia,DC,Washington,42,2011-11,12.9399
66133,20009,Washington,District of Columbia,DC,Washington,42,2011-12,11.79676
66133,20009,Washington,District of Columbia,DC,Washington,42,2012-01,10.22492
66133,20009,Washington,District of Columbia,DC,Washington,42,2012-02,11.85183
66133,20009,Washington,District of Columbia,DC,Washington,42,2012-03,9.494484
66133,20009,Washington,District of Columbia,DC,Washington,42,2012-04,7.16284
66133,20009,Washington,District of Columbia,DC,Washington,42,2012-05,9.409161
66133,20009,Washington,District of Columbia,DC,Washington,42,2012-06,10.55776
66133,20009,Washington,District of Columbia,DC,Washington,42,2012-07,12.83925
66133,20009,Washington,District of Columbia,DC,Washington,42,2012-08,12.23119
66133,20009,Washington,District of Columbia,DC,Washington,42,2012-09,14.29475
66133,20009,Washington,District of Columbia,DC,Washington,42,2012-10,9.307425
66133,20009,Washington,District of Columbia,DC,Washington,42,2012-11,12.68349
66133,20009,Washington,District of Columbia,DC,Washington,42,2012-12,13.16565
66133,20009,Washington,District of Columbia,DC,Washington,42,2013-01,13.40977
66133,20009,Washington,District of Columbia,DC,Washington,42,2013-02,11.23037
66133,20009,Washington,District of Columbia,DC,Washington,42,2013-03,12.99155
66133,20009,Washington,District of Columbia,DC,Washington,42,2013-04,8.56844
66133,20009,Washington,District of Columbia,DC,Washington,42,2013-05,9.353898
66133,20009,Washington,District of Columbia,DC,Washington,42,2013-06,9.501688
66133,20009,Washington,District of Columbia,DC,Washington,42,2013-07,14.94896
66133,20009,Washington,District of Columbia,DC,Washington,42,2013-08,12.99217
66133,20009,Washington,District of Columbia,DC,Washington,42,2013-09,12.65682
66133,20009,Washington,District of Columbia,DC,Washington,42,2013-10,13.65195
66133,20009,Washington,District of Columbia,DC,Washington,42,2013-11,13.66784
66133,20009,Washington,District of Columbia,DC,Washington,42,2013-12,10.47682
66133,20009,Washington,District of Columbia,DC,Washington,42,2014-01,14.10241
66133,20009,Washington,District of Columbia,DC,Washington,42,2014-02,13.35828
66133,20009,Washington,District of Columbia,DC,Washington,42,2014-03,11.11637
66133,20009,Washington,District of Columbia,DC,Washington,42,2014-04,14.95585
66133,20009,Washington,District of Columbia,DC,Washington,42,2014-05,12.05872
66133,20009,Washington,District of Columbia,DC,Washington,42,2014-06,13.22786
66133,20009,Washington,District of Columbia,DC,Washington,42,2014-07,14.76169
66133,20009,Washington,District of Columbia,DC,Washington,42,2014-08,15.00931
66133,20009,Washington,District of Columbia,DC,Washington,42,2014-09,14.2141
66133,20009,Washington,District of Columbia,DC,Washington,42,2014-10,17.33076
66133,20009,Washington,District of Columbia,DC,Washington,42,2014-11,10.34176
66133,20009,Washington,District of Columbia,DC,Washington,42,2014-12,14.7298
66133,20009,Washington,District of Columbia,DC,Washington,42,2015-01,15.51061
66133,20009,Washington,District of Columbia,DC,Washington,42,2015-02,13.14341
66133,20009,Washington,District of Columbia,DC,Washington,42,2015-03,13.31054
66133,20009,Washington,District of Columbia,DC,Washington,42,2015-04,12.10535
66133,20009,Washington,District of Columbia,DC,Washington,42,2015-05,12.08525
66133,20009,Washington,District of Columbia,DC,Washington,42,2015-06,9.100387
66133,20009,Washington,District of Columbia,DC,Washington,42,2015-07,11.42331
66133,20009,Washington,District of Columbia,DC,Washington,42,2015-08,13.85484
66133,20009,Washington,District of Columbia,DC,Washington,42,2015-09,11.87753
66133,20009,Washington,District of Columbia,DC,Washington,42,2015-10,11.48412
66133,20009,Washington,District of Columbia,DC,Washington,42,2015-11,14.44017
66133,20009,Washington,District of Columbia,DC,Washington,42,2015-12,12.185
66133,20009,Washington,District of Columbia,DC,Washington,42,2016-01,12.11944
66133,20009,Washington,District of Columbia,DC,Washington,42,2016-02,16.64972
66133,20009,Washington,District of Columbia,DC,Washington,42,2016-03,11.89025
66133,20009,Washington,District of Columbia,DC,Washington,42,2016-04,12.37545
66133,20009,Washington,District of Columbia,DC,Washington,42,2016-05,10.51403
66133,20009,Washington,District of Columbia,DC,Washington,42,2016-06,13.67777
66133,20009,Washington,District of Columbia,DC,Washington,42,2016-07,11.98092
66133,20009,Washington,District of Columbia,DC,Washington,42,2016-08,9.935404
66126,20002,Washington,District of Columbia,DC,Washington,50,2010-09,14.35932
66126,20002,Washington,District of Columbia,DC,Washington,50,2010-10,13.81141
66126,20002,Washington,District of Columbia,DC,Washington,50,2010-11,14.02438
66126,20002,Washington,District of Columbia,DC,Washington,50,2010-12,15.12111
66126,20002,Washington,District of Columbia,DC,Washington,50,2011-01,13.03026
66126,20002,Washington,District of Columbia,DC,Washington,50,2011-02,11.97888
66126,20002,Washington,District of Columbia,DC,Washington,50,2011-03,14.13806
66126,20002,Washington,District of Columbia,DC,Washington,50,2011-04,11.75512
66126,20002,Washington,District of Columbia,DC,Washington,50,2011-05,10.82795
66126,20002,Washington,District of Columbia,DC,Washington,50,2011-06,13.0092
66126,20002,Washington,District of Columbia,DC,Washington,50,2011-07,13.4515
66126,20002,Washington,District of Columbia,DC,Washington,50,2011-08,12.63886
66126,20002,Washington,District of Columbia,DC,Washington,50,2011-09,10.51468
66126,20002,Washington,District of Columbia,DC,Washington,50,2011-10,9.586128
66126,20002,Washington,District of Columbia,DC,Washington,50,2011-11,12.38492
66126,20002,Washington,District of Columbia,DC,Washington,50,2011-12,8.792537
66126,20002,Washington,District of Columbia,DC,Washington,50,2012-01,9.157188
66126,20002,Washington,District of Columbia,DC,Washington,50,2012-02,10.9623
66126,20002,Washington,District of Columbia,DC,Washington,50,2012-03,11.2554
66126,20002,Washington,District of Columbia,DC,Washington,50,2012-04,12.18304
66126,20002,Washington,District of Columbia,DC,Washington,50,2012-05,11.77317
66126,20002,Washington,District of Columbia,DC,Washington,50,2012-06,11.50898
66126,20002,Washington,District of Columbia,DC,Washington,50,2012-07,11.13446
66126,20002,Washington,District of Columbia,DC,Washington,50,2012-08,10.02243
66126,20002,Washington,District of Columbia,DC,Washington,50,2012-09,9.145131
66126,20002,Washington,District of Columbia,DC,Washington,50,2012-10,9.526756
66126,20002,Washington,District of Columbia,DC,Washington,50,2012-11,7.391842
66126,20002,Washington,District of Columbia,DC,Washington,50,2012-12,13.28128
66126,20002,Washington,District of Columbia,DC,Washington,50,2013-01,11.9958
66126,20002,Washington,District of Columbia,DC,Washington,50,2013-02,10.33117
66126,20002,Washington,District of Columbia,DC,Washington,50,2013-03,9.972844
66126,20002,Washington,District of Columbia,DC,Washington,50,2013-04,10.86005
66126,20002,Washington,District of Columbia,DC,Washington,50,2013-05,9.308508
66126,20002,Washington,District of Columbia,DC,Washington,50,2013-06,10.86621
66126,20002,Washington,District of Columbia,DC,Washington,50,2013-07,10.11137
66126,20002,Washington,District of Columbia,DC,Washington,50,2013-08,11.49347
66126,20002,Washington,District of Columbia,DC,Washington,50,2013-09,13.41919
66126,20002,Washington,District of Columbia,DC,Washington,50,2013-10,11.82439
66126,20002,Washington,District of Columbia,DC,Washington,50,2013-11,13.89207
66126,20002,Washington,District of Columbia,DC,Washington,50,2013-12,10.6167
66126,20002,Washington,District of Columbia,DC,Washington,50,2014-01,13.59639
66126,20002,Washington,District of Columbia,DC,Washington,50,2014-02,11.45584
66126,20002,Washington,District of Columbia,DC,Washington,50,2014-03,9.328339
66126,20002,Washington,District of Columbia,DC,Washington,50,2014-04,10.2379
66126,20002,Washington,District of Columbia,DC,Washington,50,2014-05,10.62113
66126,20002,Washington,District of Columbia,DC,Washington,50,2014-06,11.96413
66126,20002,Washington,District of Columbia,DC,Washington,50,2014-07,13.28946
66126,20002,Washington,District of Columbia,DC,Washington,50,2014-08,15.26899
66126,20002,Washington,District of Columbia,DC,Washington,50,2014-09,15.37129
66126,20002,Washington,District of Columbia,DC,Washington,50,2014-10,10.62016
66126,20002,Washington,District of Columbia,DC,Washington,50,2014-11,10.95455
66126,20002,Washington,District of Columbia,DC,Washington,50,2014-12,10.61928
66126,20002,Washington,District of Columbia,DC,Washington,50,2015-01,12.6969
66126,20002,Washington,District of Columbia,DC,Washington,50,2015-02,14.00134
66126,20002,Washington,District of Columbia,DC,Washington,50,2015-03,12.82406
66126,20002,Washington,District of Columbia,DC,Washington,50,2015-04,7.741264
66126,20002,Washington,District of Columbia,DC,Washington,50,2015-05,10.51514
66126,20002,Washington,District of Columbia,DC,Washington,50,2015-06,10.33939
66126,20002,Washington,District of Columbia,DC,Washington,50,2015-07,10.65022
66126,20002,Washington,District of Columbia,DC,Washington,50,2015-08,12.15877
66126,20002,Washington,District of Columbia,DC,Washington,50,2015-09,8.975712
66126,20002,Washington,District of Columbia,DC,Washington,50,2015-10,16.64481
66126,20002,Washington,District of Columbia,DC,Washington,50,2015-11,13.59422
66126,20002,Washington,District of Columbia,DC,Washington,50,2015-12,13.96393
66126,20002,Washington,District of Columbia,DC,Washington,50,2016-01,13.45038
66126,20002,Washington,District of Columbia,DC,Washington,50,2016-02,17.24462
66126,20002,Washington,District of Columbia,DC,Washington,50,2016-03,12.88053
66126,20002,Washington,District of Columbia,DC,Washington,50,2016-04,16.95389
66126,20002,Washington,District of Columbia,DC,Washington,50,2016-05,18.44172
66126,20002,Washington,District of Columbia,DC,Washington,50,2016-06,18.51399
66126,20002,Washington,District of Columbia,DC,Washington,50,2016-07,15.79457
66126,20002,Washington,District of Columbia,DC,Washington,50,2016-08,17.01292
66135,20011,Washington,District of Columbia,DC,Washington,167,2010-09,18.50645
66135,20011,Washington,District of Columbia,DC,Washington,167,2010-10,21.72669
66135,20011,Washington,District of Columbia,DC,Washington,167,2010-11,14.35561
66135,20011,Washington,District of Columbia,DC,Washington,167,2010-12,16.65163
66135,20011,Washington,District of Columbia,DC,Washington,167,2011-01,13.56709
66135,20011,Washington,District of Columbia,DC,Washington,167,2011-02,16.89684
66135,20011,Washington,District of Columbia,DC,Washington,167,2011-03,15.60939
66135,20011,Washington,District of Columbia,DC,Washington,167,2011-04,16.38084
66135,20011,Washington,District of Columbia,DC,Washington,167,2011-05,15.73794
66135,20011,Washington,District of Columbia,DC,Washington,167,2011-06,16.89923
66135,20011,Washington,District of Columbia,DC,Washington,167,2011-07,14.40703
66135,20011,Washington,District of Columbia,DC,Washington,167,2011-08,11.56958
66135,20011,Washington,District of Columbia,DC,Washington,167,2011-09,15.06123
66135,20011,Washington,District of Columbia,DC,Washington,167,2011-10,12.29153
66135,20011,Washington,District of Columbia,DC,Washington,167,2011-11,10.63433
66135,20011,Washington,District of Columbia,DC,Washington,167,2011-12,11.23905
66135,20011,Washington,District of Columbia,DC,Washington,167,2012-01,10.02164
66135,20011,Washington,District of Columbia,DC,Washington,167,2012-02,13.37674
66135,20011,Washington,District of Columbia,DC,Washington,167,2012-03,14.00281
66135,20011,Washington,District of Columbia,DC,Washington,167,2012-04,11.54658
66135,20011,Washington,District of Columbia,DC,Washington,167,2012-05,13.84997
66135,20011,Washington,District of Columbia,DC,Washington,167,2012-06,13.50352
66135,20011,Washington,District of Columbia,DC,Washington,167,2012-07,12.34077
66135,20011,Washington,District of Columbia,DC,Washington,167,2012-08,11.69886
66135,20011,Washington,District of Columbia,DC,Washington,167,2012-09,10.08249
66135,20011,Washington,District of Columbia,DC,Washington,167,2012-10,7.09003
66135,20011,Washington,District of Columbia,DC,Washington,167,2012-11,13.46051
66135,20011,Washington,District of Columbia,DC,Washington,167,2012-12,12.07761
66135,20011,Washington,District of Columbia,DC,Washington,167,2013-01,17.95944
66135,20011,Washington,District of Columbia,DC,Washington,167,2013-02,13.93029
66135,20011,Washington,District of Columbia,DC,Washington,167,2013-03,9.936544
66135,20011,Washington,District of Columbia,DC,Washington,167,2013-04,10.00434
66135,20011,Washington,District of Columbia,DC,Washington,167,2013-05,15.31512
66135,20011,Washington,District of Columbia,DC,Washington,167,2013-06,9.63038
66135,20011,Washington,District of Columbia,DC,Washington,167,2013-07,15.49166
66135,20011,Washington,District of Columbia,DC,Washington,167,2013-08,15.11413
66135,20011,Washington,District of Columbia,DC,Washington,167,2013-09,8.989056
66135,20011,Washington,District of Columbia,DC,Washington,167,2013-10,12.62747
66135,20011,Washington,District of Columbia,DC,Washington,167,2013-11,17.45336
66135,20011,Washington,District of Columbia,DC,Washington,167,2013-12,14.99332
66135,20011,Washington,District of Columbia,DC,Washington,167,2014-01,12.70212
66135,20011,Washington,District of Columbia,DC,Washington,167,2014-02,14.53544
66135,20011,Washington,District of Columbia,DC,Washington,167,2014-03,16.0568
66135,20011,Washington,District of Columbia,DC,Washington,167,2014-04,17.3002
66135,20011,Washington,District of Columbia,DC,Washington,167,2014-05,15.44921
66135,20011,Washington,District of Columbia,DC,Washington,167,2014-06,20.85845
66135,20011,Washington,District of Columbia,DC,Washington,167,2014-07,23.70984
66135,20011,Washington,District of Columbia,DC,Washington,167,2014-08,18.65053
66135,20011,Washington,District of Columbia,DC,Washington,167,2014-09,20.34926
66135,20011,Washington,District of Columbia,DC,Washington,167,2014-10,18.82829
66135,20011,Washington,District of Columbia,DC,Washington,167,2014-11,14.99545
66135,20011,Washington,District of Columbia,DC,Washington,167,2014-12,17.20184
66135,20011,Washington,District of Columbia,DC,Washington,167,2015-01,16.02742
66135,20011,Washington,District of Columbia,DC,Washington,167,2015-02,11.95652
66135,20011,Washington,District of Columbia,DC,Washington,167,2015-03,16.99577
66135,20011,Washington,District of Columbia,DC,Washington,167,2015-04,11.57004
66135,20011,Washington,District of Columbia,DC,Washington,167,2015-05,12.85623
66135,20011,Washington,District of Columbia,DC,Washington,167,2015-06,13.67514
66135,20011,Washington,District of Columbia,DC,Washington,167,2015-07,16.01014
66135,20011,Washington,District of Columbia,DC,Washington,167,2015-08,19.18281
66135,20011,Washington,District of Columbia,DC,Washington,167,2015-09,14.73785
66135,20011,Washington,District of Columbia,DC,Washington,167,2015-10,15.44308
66135,20011,Washington,District of Columbia,DC,Washington,167,2015-11,17.38855
66135,20011,Washington,District of Columbia,DC,Washington,167,2015-12,16.50917
66135,20011,Washington,District of Columbia,DC,Washington,167,2016-01,16.07605
66135,20011,Washington,District of Columbia,DC,Washington,167,2016-02,20.12099
66135,20011,Washington,District of Columbia,DC,Washington,167,2016-03,16.04826
66135,20011,Washington,District of Columbia,DC,Washington,167,2016-04,21.0869
66135,20011,Washington,District of Columbia,DC,Washington,167,2016-05,18.09095
66135,20011,Washington,District of Columbia,DC,Washington,167,2016-06,19.04239
66135,20011,Washington,District of Columbia,DC,Washington,167,2016-07,14.16906
66135,20011,Washington,District of Columbia,DC,Washington,167,2016-08,22.38417
66142,20019,Washington,District of Columbia,DC,Washington,227,2010-09,17.94615
66142,20019,Washington,District of Columbia,DC,Washington,227,2010-10,16.54939
66142,20019,Washington,District of Columbia,DC,Washington,227,2010-11,15.81197
66142,20019,Washington,District of Columbia,DC,Washington,227,2010-12,11.03612
66142,20019,Washington,District of Columbia,DC,Washington,227,2011-01,17.71994
66142,20019,Washington,District of Columbia,DC,Washington,227,2011-02,14.46752
66142,20019,Washington,District of Columbia,DC,Washington,227,2011-03,17.50274
66142,20019,Washington,District of Columbia,DC,Washington,227,2011-04,14.00205
66142,20019,Washington,District of Columbia,DC,Washington,227,2011-05,12.46396
66142,20019,Washington,District of Columbia,DC,Washington,227,2011-06,11.804
66142,20019,Washington,District of Columbia,DC,Washington,227,2011-07,14.37993
66142,20019,Washington,District of Columbia,DC,Washington,227,2011-08,10.58836
66142,20019,Washington,District of Columbia,DC,Washington,227,2011-09,10.76332
66142,20019,Washington,District of Columbia,DC,Washington,227,2011-10,13.0736
66142,20019,Washington,District of Columbia,DC,Washington,227,2011-11,13.26765
66142,20019,Washington,District of Columbia,DC,Washington,227,2011-12,10.85463
66142,20019,Washington,District of Columbia,DC,Washington,227,2012-01,11.99885
66142,20019,Washington,District of Columbia,DC,Washington,227,2012-02,10.76218
66142,20019,Washington,District of Columbia,DC,Washington,227,2012-03,12.75245
66142,20019,Washington,District of Columbia,DC,Washington,227,2012-04,12.92782
66142,20019,Washington,District of Columbia,DC,Washington,227,2012-05,12.79955
66142,20019,Washington,District of Columbia,DC,Washington,227,2012-06,9.250627
66142,20019,Washington,District of Columbia,DC,Washington,227,2012-07,11.8243
66142,20019,Washington,District of Columbia,DC,Washington,227,2012-08,9.209232
66142,20019,Washington,District of Columbia,DC,Washington,227,2012-09,9.600777
66142,20019,Washington,District of Columbia,DC,Washington,227,2012-10,9.321841
66142,20019,Washington,District of Columbia,DC,Washington,227,2012-11,8.009769
66142,20019,Washington,District of Columbia,DC,Washington,227,2012-12,12.53512
66142,20019,Washington,District of Columbia,DC,Washington,227,2013-01,6.191317
66142,20019,Washington,District of Columbia,DC,Washington,227,2013-02,12.07892
66142,20019,Washington,District of Columbia,DC,Washington,227,2013-03,9.424979
66142,20019,Washington,District of Columbia,DC,Washington,227,2013-04,11.00429
66142,20019,Washington,District of Columbia,DC,Washington,227,2013-05,11.12381
66142,20019,Washington,District of Columbia,DC,Washington,227,2013-06,11.73146
66142,20019,Washington,District of Columbia,DC,Washington,227,2013-07,9.886793
66142,20019,Washington,District of Columbia,DC,Washington,227,2013-08,14.07589
66142,20019,Washington,District of Columbia,DC,Washington,227,2013-09,9.722469
66142,20019,Washington,District of Columbia,DC,Washington,227,2013-10,11.01986
66142,20019,Washington,District of Columbia,DC,Washington,227,2013-11,7.512647
66142,20019,Washington,District of Columbia,DC,Washington,227,2013-12,13.7451
66142,20019,Washington,District of Columbia,DC,Washington,227,2014-01,12.92
66142,20019,Washington,District of Columbia,DC,Washington,227,2014-02,11.29637
66142,20019,Washington,District of Columbia,DC,Washington,227,2014-03,10.76032
66142,20019,Washington,District of Columbia,DC,Washington,227,2014-04,8.708811
66142,20019,Washington,District of Columbia,DC,Washington,227,2014-05,6.663532
66142,20019,Washington,District of Columbia,DC,Washington,227,2014-06,11.85518
66142,20019,Washington,District of Columbia,DC,Washington,227,2014-07,11.73278
66142,20019,Washington,District of Columbia,DC,Washington,227,2014-08,15.163
66142,20019,Washington,District of Columbia,DC,Washington,227,2014-09,12.78839
66142,20019,Washington,District of Columbia,DC,Washington,227,2014-10,11.77119
66142,20019,Washington,District of Columbia,DC,Washington,227,2014-11,13.46732
66142,20019,Washington,District of Columbia,DC,Washington,227,2014-12,11.67485
66142,20019,Washington,District of Columbia,DC,Washington,227,2015-01,8.607983
66142,20019,Washington,District of Columbia,DC,Washington,227,2015-02,10.53996
66142,20019,Washington,District of Columbia,DC,Washington,227,2015-03,9.593654
66142,20019,Washington,District of Columbia,DC,Washington,227,2015-04,7.467448
66142,20019,Washington,District of Columbia,DC,Washington,227,2015-05,10.5166
66142,20019,Washington,District of Columbia,DC,Washington,227,2015-06,11.17655
66142,20019,Washington,District of Columbia,DC,Washington,227,2015-07,10.59863
66142,20019,Washington,District of Columbia,DC,Washington,227,2015-08,10.91566
66142,20019,Washington,District of Columbia,DC,Washington,227,2015-09,11.07734
66142,20019,Washington,District of Columbia,DC,Washington,227,2015-10,9.799056
66142,20019,Washington,District of Columbia,DC,Washington,227,2015-11,13.1021
66142,20019,Washington,District of Columbia,DC,Washington,227,2015-12,10.78007
66142,20019,Washington,District of Columbia,DC,Washington,227,2016-01,14.27523
66142,20019,Washington,District of Columbia,DC,Washington,227,2016-02,12.23399
66142,20019,Washington,District of Columbia,DC,Washington,227,2016-03,9.769754
66142,20019,Washington,District of Columbia,DC,Washington,227,2016-04,13.2531
66142,20019,Washington,District of Columbia,DC,Washington,227,2016-05,10.49945
66142,20019,Washington,District of Columbia,DC,Washington,227,2016-06,11.02283
66142,20019,Washington,District of Columbia,DC,Washington,227,2016-07,10.42857
66142,20019,Washington,District of Columbia,DC,Washington,227,2016-08,11.04849
66125,20001,Washington,District of Columbia,DC,Washington,352,2010-09,16.66345
66125,20001,Washington,District of Columbia,DC,Washington,352,2010-10,17.05128
66125,20001,Washington,District of Columbia,DC,Washington,352,2010-11,16.1039
66125,20001,Washington,District of Columbia,DC,Washington,352,2010-12,11.78947
66125,20001,Washington,District of Columbia,DC,Washington,352,2011-01,12.89373
66125,20001,Washington,District of Columbia,DC,Washington,352,2011-02,10.91539
66125,20001,Washington,District of Columbia,DC,Washington,352,2011-03,14.65557
66125,20001,Washington,District of Columbia,DC,Washington,352,2011-04,11.44795
66125,20001,Washington,District of Columbia,DC,Washington,352,2011-05,16.10654
66125,20001,Washington,District of Columbia,DC,Washington,352,2011-06,15.23486
66125,20001,Washington,District of Columbia,DC,Washington,352,2011-07,8.870946
66125,20001,Washington,District of Columbia,DC,Washington,352,2011-08,7.221023
66125,20001,Washington,District of Columbia,DC,Washington,352,2011-09,14.09465
66125,20001,Washington,District of Columbia,DC,Washington,352,2011-10,11.65798
66125,20001,Washington,District of Columbia,DC,Washington,352,2011-11,11.1238
66125,20001,Washington,District of Columbia,DC,Washington,352,2011-12,8.912528
66125,20001,Washington,District of Columbia,DC,Washington,352,2012-01,16.74284
66125,20001,Washington,District of Columbia,DC,Washington,352,2012-02,16.12833
66125,20001,Washington,District of Columbia,DC,Washington,352,2012-03,14.97991
66125,20001,Washington,District of Columbia,DC,Washington,352,2012-04,6.482086
66125,20001,Washington,District of Columbia,DC,Washington,352,2012-05,8.50532
66125,20001,Washington,District of Columbia,DC,Washington,352,2012-06,9.973457
66125,20001,Washington,District of Columbia,DC,Washington,352,2012-07,13.19337
66125,20001,Washington,District of Columbia,DC,Washington,352,2012-08,16.242
66125,20001,Washington,District of Columbia,DC,Washington,352,2012-09,7.843578
66125,20001,Washington,District of Columbia,DC,Washington,352,2012-10,4.736019
66125,20001,Washington,District of Columbia,DC,Washington,352,2012-11,10.63071
66125,20001,Washington,District of Columbia,DC,Washington,352,2012-12,10.23877
66125,20001,Washington,District of Columbia,DC,Washington,352,2013-01,10.11685
66125,20001,Washington,District of Columbia,DC,Washington,352,2013-02,7.658386
66125,20001,Washington,District of Columbia,DC,Washington,352,2013-03,7.602597
66125,20001,Washington,District of Columbia,DC,Washington,352,2013-04,8.617089
66125,20001,Washington,District of Columbia,DC,Washington,352,2013-05,7.621901
66125,20001,Washington,District of Columbia,DC,Washington,352,2013-06,11.31329
66125,20001,Washington,District of Columbia,DC,Washington,352,2013-07,15.86242
66125,20001,Washington,District of Columbia,DC,Washington,352,2013-08,15.58131
66125,20001,Washington,District of Columbia,DC,Washington,352,2013-09,12.94252
66125,20001,Washington,District of Columbia,DC,Washington,352,2013-10,11.34351
66125,20001,Washington,District of Columbia,DC,Washington,352,2013-11,8.44795
66125,20001,Washington,District of Columbia,DC,Washington,352,2013-12,12.88833
66125,20001,Washington,District of Columbia,DC,Washington,352,2014-01,9.881727
66125,20001,Washington,District of Columbia,DC,Washington,352,2014-02,12.95516
66125,20001,Washington,District of Columbia,DC,Washington,352,2014-03,11.37933
66125,20001,Washington,District of Columbia,DC,Washington,352,2014-04,11.80472
66125,20001,Washington,District of Columbia,DC,Washington,352,2014-05,14.2879
66125,20001,Washington,District of Columbia,DC,Washington,352,2014-06,13.04631
66125,20001,Washington,District of Columbia,DC,Washington,352,2014-07,10.66877
66125,20001,Washington,District of Columbia,DC,Washington,352,2014-08,13.50106
66125,20001,Washington,District of Columbia,DC,Washington,352,2014-09,13.72507
66125,20001,Washington,District of Columbia,DC,Washington,352,2014-10,13.26981
66125,20001,Washington,District of Columbia,DC,Washington,352,2014-11,10.46852
66125,20001,Washington,District of Columbia,DC,Washington,352,2014-12,13.8719
66125,20001,Washington,District of Columbia,DC,Washington,352,2015-01,10.76997
66125,20001,Washington,District of Columbia,DC,Washington,352,2015-02,10.19654
66125,20001,Washington,District of Columbia,DC,Washington,352,2015-03,9.532744
66125,20001,Washington,District of Columbia,DC,Washington,352,2015-04,10.18139
66125,20001,Washington,District of Columbia,DC,Washington,352,2015-05,10.95485
66125,20001,Washington,District of Columbia,DC,Washington,352,2015-06,9.019517
66125,20001,Washington,District of Columbia,DC,Washington,352,2015-07,11.63547
66125,20001,Washington,District of Columbia,DC,Washington,352,2015-08,15.80584
66125,20001,Washington,District of Columbia,DC,Washington,352,2015-09,7.330121
66125,20001,Washington,District of Columbia,DC,Washington,352,2015-10,14.76053
66125,20001,Washington,District of Columbia,DC,Washington,352,2015-11,16.26399
66125,20001,Washington,District of Columbia,DC,Washington,352,2015-12,15.13296
66125,20001,Washington,District of Columbia,DC,Washington,352,2016-01,13.01207
66125,20001,Washington,District of Columbia,DC,Washington,352,2016-02,15.20739
66125,20001,Washington,District of Columbia,DC,Washington,352,2016-03,17.95061
66125,20001,Washington,District of Columbia,DC,Washington,352,2016-04,20.33683
66125,20001,Washington,District of Columbia,DC,Washington,352,2016-05,11.06855
66125,20001,Washington,District of Columbia,DC,Washington,352,2016-06,15.32144
66125,20001,Washington,District of Columbia,DC,Washington,352,2016-07,12.15698
66125,20001,Washington,District of Columbia,DC,Washington,352,2016-08,11.52405
66143,20020,Washington,District of Columbia,DC,Washington,393,2010-09,13.59416
66143,20020,Washington,District of Columbia,DC,Washington,393,2010-10,10.94063
66143,20020,Washington,District of Columbia,DC,Washington,393,2010-11,13.62018
66143,20020,Washington,District of Columbia,DC,Washington,393,2010-12,14.52796
66143,20020,Washington,District of Columbia,DC,Washington,393,2011-01,16.31724
66143,20020,Washington,District of Columbia,DC,Washington,393,2011-02,13.52075
66143,20020,Washington,District of Columbia,DC,Washington,393,2011-03,17.13257
66143,20020,Washington,District of Columbia,DC,Washington,393,2011-04,11.09691
66143,20020,Washington,District of Columbia,DC,Washington,393,2011-05,12.01924
66143,20020,Washington,District of Columbia,DC,Washington,393,2011-06,15.25371
66143,20020,Washington,District of Columbia,DC,Washington,393,2011-07,11.17125
66143,20020,Washington,District of Columbia,DC,Washington,393,2011-08,10.0497
66143,20020,Washington,District of Columbia,DC,Washington,393,2011-09,11.18344
66143,20020,Washington,District of Columbia,DC,Washington,393,2011-10,8.839457
66143,20020,Washington,District of Columbia,DC,Washington,393,2011-11,1.892863
66143,20020,Washington,District of Columbia,DC,Washington,393,2011-12,6.889074
66143,20020,Washington,District of Columbia,DC,Washington,393,2012-01,5.950123
66143,20020,Washington,District of Columbia,DC,Washington,393,2012-02,8.812775
66143,20020,Washington,District of Columbia,DC,Washington,393,2012-03,12.6077
66143,20020,Washington,District of Columbia,DC,Washington,393,2012-04,6.779296
66143,20020,Washington,District of Columbia,DC,Washington,393,2012-05,10.55404
66143,20020,Washington,District of Columbia,DC,Washington,393,2012-06,8.755029
66143,20020,Washington,District of Columbia,DC,Washington,393,2012-07,13.33416
66143,20020,Washington,District of Columbia,DC,Washington,393,2012-08,4.923236
66143,20020,Washington,District of Columbia,DC,Washington,393,2012-09,6.75487
66143,20020,Washington,District of Columbia,DC,Washington,393,2012-10,7.5403
66143,20020,Washington,District of Columbia,DC,Washington,393,2012-11,9.908498
66143,20020,Washington,District of Columbia,DC,Washington,393,2012-12,7.090687
66143,20020,Washington,District of Columbia,DC,Washington,393,2013-01,8.197393
66143,20020,Washington,District of Columbia,DC,Washington,393,2013-02,5.662811
66143,20020,Washington,District of Columbia,DC,Washington,393,2013-03,11.56716
66143,20020,Washington,District of Columbia,DC,Washington,393,2013-04,3.29798
66143,20020,Washington,District of Columbia,DC,Washington,393,2013-05,12.03023
66143,20020,Washington,District of Columbia,DC,Washington,393,2013-06,8.527875
66143,20020,Washington,District of Columbia,DC,Washington,393,2013-07,7.633612
66143,20020,Washington,District of Columbia,DC,Washington,393,2013-08,13.77675
66143,20020,Washington,District of Columbia,DC,Washington,393,2013-09,15.21879
66143,20020,Washington,District of Columbia,DC,Washington,393,2013-10,14.83197
66143,20020,Washington,District of Columbia,DC,Washington,393,2013-11,15.09483
66143,20020,Washington,District of Columbia,DC,Washington,393,2013-12,6.521427
66143,20020,Washington,District of Columbia,DC,Washington,393,2014-01,11.30231
66143,20020,Washington,District of Columbia,DC,Washington,393,2014-02,10.72454
66143,20020,Washington,District of Columbia,DC,Washington,393,2014-03,6.952962
66143,20020,Washington,District of Columbia,DC,Washington,393,2014-04,14.30618
66143,20020,Washington,District of Columbia,DC,Washington,393,2014-05,9.22695
66143,20020,Washington,District of Columbia,DC,Washington,393,2014-06,8.807584
66143,20020,Washington,District of Columbia,DC,Washington,393,2014-07,12.03808
66143,20020,Washington,District of Columbia,DC,Washington,393,2014-08,10.15276
66143,20020,Washington,District of Columbia,DC,Washington,393,2014-09,7.612013
66143,20020,Washington,District of Columbia,DC,Washington,393,2014-10,13.12593
66143,20020,Washington,District of Columbia,DC,Washington,393,2014-11,8.695778
66143,20020,Washington,District of Columbia,DC,Washington,393,2014-12,14.10061
66143,20020,Washington,District of Columbia,DC,Washington,393,2015-01,10.24247
66143,20020,Washington,District of Columbia,DC,Washington,393,2015-02,11.1019
66143,20020,Washington,District of Columbia,DC,Washington,393,2015-03,8.491891
66143,20020,Washington,District of Columbia,DC,Washington,393,2015-04,15.37193
66143,20020,Washington,District of Columbia,DC,Washington,393,2015-05,10.40523
66143,20020,Washington,District of Columbia,DC,Washington,393,2015-06,8.613786
66143,20020,Washington,District of Columbia,DC,Washington,393,2015-07,9.161162
66143,20020,Washington,District of Columbia,DC,Washington,393,2015-08,10.58772
66143,20020,Washington,District of Columbia,DC,Washington,393,2015-09,10.37987
66143,20020,Washington,District of Columbia,DC,Washington,393,2015-10,9.008674
66143,20020,Washington,District of Columbia,DC,Washington,393,2015-11,14.61864
66143,20020,Washington,District of Columbia,DC,Washington,393,2015-12,14.40719
66143,20020,Washington,District of Columbia,DC,Washington,393,2016-01,7.279172
66143,20020,Washington,District of Columbia,DC,Washington,393,2016-02,13.12123
66143,20020,Washington,District of Columbia,DC,Washington,393,2016-03,8.281807
66143,20020,Washington,District of Columbia,DC,Washington,393,2016-04,11.01471
66143,20020,Washington,District of Columbia,DC,Washington,393,2016-05,9.239184
66143,20020,Washington,District of Columbia,DC,Washington,393,2016-06,12.33719
66143,20020,Washington,District of Columbia,DC,Washington,393,2016-07,12.06252
66143,20020,Washington,District of Columbia,DC,Washington,393,2016-08,12.6013
66132,20008,Washington,District of Columbia,DC,Washington,1334,2010-09,7.756391
66132,20008,Washington,District of Columbia,DC,Washington,1334,2010-10,13.09701
66132,20008,Washington,District of Columbia,DC,Washington,1334,2010-11,14.89137
66132,20008,Washington,District of Columbia,DC,Washington,1334,2010-12,15.01623
66132,20008,Washington,District of Columbia,DC,Washington,1334,2011-01,10.2028
66132,20008,Washington,District of Columbia,DC,Washington,1334,2011-02,13.89587
66132,20008,Washington,District of Columbia,DC,Washington,1334,2011-03,13.85109
66132,20008,Washington,District of Columbia,DC,Washington,1334,2011-04,13.51645
66132,20008,Washington,District of Columbia,DC,Washington,1334,2011-05,12.31712
66132,20008,Washington,District of Columbia,DC,Washington,1334,2011-06,11.5405
66132,20008,Washington,District of Columbia,DC,Washington,1334,2011-07,16.14199
66132,20008,Washington,District of Columbia,DC,Washington,1334,2011-08,10.24813
66132,20008,Washington,District of Columbia,DC,Washington,1334,2011-09,9.846108
66132,20008,Washington,District of Columbia,DC,Washington,1334,2011-10,11.5361
66132,20008,Washington,District of Columbia,DC,Washington,1334,2011-11,12.87746
66132,20008,Washington,District of Columbia,DC,Washington,1334,2011-12,8.881258
66132,20008,Washington,District of Columbia,DC,Washington,1334,2012-01,8.871066
66132,20008,Washington,District of Columbia,DC,Washington,1334,2012-02,10.83348
66132,20008,Washington,District of Columbia,DC,Washington,1334,2012-03,12.9936
66132,20008,Washington,District of Columbia,DC,Washington,1334,2012-04,10.62521
66132,20008,Washington,District of Columbia,DC,Washington,1334,2012-05,8.074105
66132,20008,Washington,District of Columbia,DC,Washington,1334,2012-06,12.65108
66132,20008,Washington,District of Columbia,DC,Washington,1334,2012-07,7.280882
66132,20008,Washington,District of Columbia,DC,Washington,1334,2012-08,19.75128
66132,20008,Washington,District of Columbia,DC,Washington,1334,2012-09,14.31325
66132,20008,Washington,District of Columbia,DC,Washington,1334,2012-10,11.46867
66132,20008,Washington,District of Columbia,DC,Washington,1334,2012-11,8.567989
66132,20008,Washington,District of Columbia,DC,Washington,1334,2012-12,8.614274
66132,20008,Washington,District of Columbia,DC,Washington,1334,2013-01,15.59902
66132,20008,Washington,District of Columbia,DC,Washington,1334,2013-02,12.06155
66132,20008,Washington,District of Columbia,DC,Washington,1334,2013-03,9.30079
66132,20008,Washington,District of Columbia,DC,Washington,1334,2013-04,9.07994
66132,20008,Washington,District of Columbia,DC,Washington,1334,2013-05,7.854251
66132,20008,Washington,District of Columbia,DC,Washington,1334,2013-06,12.67412
66132,20008,Washington,District of Columbia,DC,Washington,1334,2013-07,8.235743
66132,20008,Washington,District of Columbia,DC,Washington,1334,2013-08,9.595026
66132,20008,Washington,District of Columbia,DC,Washington,1334,2013-09,17.4157
66132,20008,Washington,District of Columbia,DC,Washington,1334,2013-10,10.33993
66132,20008,Washington,District of Columbia,DC,Washington,1334,2013-11,10.45811
66132,20008,Washington,District of Columbia,DC,Washington,1334,2013-12,12.70972
66132,20008,Washington,District of Columbia,DC,Washington,1334,2014-01,14.25758
66132,20008,Washington,District of Columbia,DC,Washington,1334,2014-02,9.670246
66132,20008,Washington,District of Columbia,DC,Washington,1334,2014-03,9.438045
66132,20008,Washington,District of Columbia,DC,Washington,1334,2014-04,11.6426
66132,20008,Washington,District of Columbia,DC,Washington,1334,2014-05,12.22996
66132,20008,Washington,District of Columbia,DC,Washington,1334,2014-06,11.52505
66132,20008,Washington,District of Columbia,DC,Washington,1334,2014-07,16.51699
66132,20008,Washington,District of Columbia,DC,Washington,1334,2014-08,16.17647
66132,20008,Washington,District of Columbia,DC,Washington,1334,2014-09,11.61949
66132,20008,Washington,District of Columbia,DC,Washington,1334,2014-10,12.95356
66132,20008,Washington,District of Columbia,DC,Washington,1334,2014-11,13.50807
66132,20008,Washington,District of Columbia,DC,Washington,1334,2014-12,11.13279
66132,20008,Washington,District of Columbia,DC,Washington,1334,2015-01,8.309351
66132,20008,Washington,District of Columbia,DC,Washington,1334,2015-02,13.42519
66132,20008,Washington,District of Columbia,DC,Washington,1334,2015-03,8.995422
66132,20008,Washington,District of Columbia,DC,Washington,1334,2015-04,8.452575
66132,20008,Washington,District of Columbia,DC,Washington,1334,2015-05,10.91361
66132,20008,Washington,District of Columbia,DC,Washington,1334,2015-06,8.92928
66132,20008,Washington,District of Columbia,DC,Washington,1334,2015-07,11.10696
66132,20008,Washington,District of Columbia,DC,Washington,1334,2015-08,9.811723
66132,20008,Washington,District of Columbia,DC,Washington,1334,2015-09,8.03906
66132,20008,Washington,District of Columbia,DC,Washington,1334,2015-10,9.524077
66132,20008,Washington,District of Columbia,DC,Washington,1334,2015-11,8.545667
66132,20008,Washington,District of Columbia,DC,Washington,1334,2015-12,12.45025
66132,20008,Washington,District of Columbia,DC,Washington,1334,2016-01,10.5575
66132,20008,Washington,District of Columbia,DC,Washington,1334,2016-02,10.24337
66132,20008,Washington,District of Columbia,DC,Washington,1334,2016-03,16.1785
66132,20008,Washington,District of Columbia,DC,Washington,1334,2016-04,10.54952
66132,20008,Washington,District of Columbia,DC,Washington,1334,2016-05,14.66889
66132,20008,Washington,District of Columbia,DC,Washington,1334,2016-06,12.87515
66132,20008,Washington,District of Columbia,DC,Washington,1334,2016-07,11.90006
66132,20008,Washington,District of Columbia,DC,Washington,1334,2016-08,9.358284
66151,20032,Washington,District of Columbia,DC,Washington,1723,2010-09,13.78103
66151,20032,Washington,District of Columbia,DC,Washington,1723,2010-10,18.63366
66151,20032,Washington,District of Columbia,DC,Washington,1723,2010-11,12.49667
66151,20032,Washington,District of Columbia,DC,Washington,1723,2010-12,11.67201
66151,20032,Washington,District of Columbia,DC,Washington,1723,2011-01,13.33372
66151,20032,Washington,District of Columbia,DC,Washington,1723,2011-02,14.24979
66151,20032,Washington,District of Columbia,DC,Washington,1723,2011-03,15.81043
66151,20032,Washington,District of Columbia,DC,Washington,1723,2011-04,10.05522
66151,20032,Washington,District of Columbia,DC,Washington,1723,2011-05,17.20272
66151,20032,Washington,District of Columbia,DC,Washington,1723,2011-06,13.367
66151,20032,Washington,District of Columbia,DC,Washington,1723,2011-07,12.61402
66151,20032,Washington,District of Columbia,DC,Washington,1723,2011-08,7.918965
66151,20032,Washington,District of Columbia,DC,Washington,1723,2011-09,13.67599
66151,20032,Washington,District of Columbia,DC,Washington,1723,2011-10,11.45023
66151,20032,Washington,District of Columbia,DC,Washington,1723,2011-11,7.790176
66151,20032,Washington,District of Columbia,DC,Washington,1723,2011-12,9.303251
66151,20032,Washington,District of Columbia,DC,Washington,1723,2012-01,12.73375
66151,20032,Washington,District of Columbia,DC,Washington,1723,2012-02,6.430087
66151,20032,Washington,District of Columbia,DC,Washington,1723,2012-03,8.069687
66151,20032,Washington,District of Columbia,DC,Washington,1723,2012-04,10.21386
66151,20032,Washington,District of Columbia,DC,Washington,1723,2012-05,10.90751
66151,20032,Washington,District of Columbia,DC,Washington,1723,2012-06,6.737565
66151,20032,Washington,District of Columbia,DC,Washington,1723,2012-07,6.637007
66151,20032,Washington,District of Columbia,DC,Washington,1723,2012-08,10.9841
66151,20032,Washington,District of Columbia,DC,Washington,1723,2012-09,8.318846
66151,20032,Washington,District of Columbia,DC,Washington,1723,2012-10,8.050032
66151,20032,Washington,District of Columbia,DC,Washington,1723,2012-11,14.63
66151,20032,Washington,District of Columbia,DC,Washington,1723,2012-12,6.924534
66151,20032,Washington,District of Columbia,DC,Washington,1723,2013-01,1.135214
66151,20032,Washington,District of Columbia,DC,Washington,1723,2013-02,14.26634
66151,20032,Washington,District of Columbia,DC,Washington,1723,2013-03,12.27197
66151,20032,Washington,District of Columbia,DC,Washington,1723,2013-04,9.993181
66151,20032,Washington,District of Columbia,DC,Washington,1723,2013-05,7.27115
66151,20032,Washington,District of Columbia,DC,Washington,1723,2013-06,4.026341
66151,20032,Washington,District of Columbia,DC,Washington,1723,2013-07,12.47034
66151,20032,Washington,District of Columbia,DC,Washington,1723,2013-08,13.20632
66151,20032,Washington,District of Columbia,DC,Washington,1723,2013-09,8.675989
66151,20032,Washington,District of Columbia,DC,Washington,1723,2013-10,8.877558
66151,20032,Washington,District of Columbia,DC,Washington,1723,2013-11,10.38758
66151,20032,Washington,District of Columbia,DC,Washington,1723,2013-12,17.18458
66151,20032,Washington,District of Columbia,DC,Washington,1723,2014-01,6.151174
66151,20032,Washington,District of Columbia,DC,Washington,1723,2014-02,6.430087
66151,20032,Washington,District of Columbia,DC,Washington,1723,2014-03,2.89206
66151,20032,Washington,District of Columbia,DC,Washington,1723,2014-04,12.3778
66151,20032,Washington,District of Columbia,DC,Washington,1723,2014-05,11.10953
66151,20032,Washington,District of Columbia,DC,Washington,1723,2014-06,7.197732
66151,20032,Washington,District of Columbia,DC,Washington,1723,2014-07,5.327484
66151,20032,Washington,District of Columbia,DC,Washington,1723,2014-08,9.488372
66151,20032,Washington,District of Columbia,DC,Washington,1723,2014-09,6.370794
66151,20032,Washington,District of Columbia,DC,Washington,1723,2014-10,7.121461
66151,20032,Washington,District of Columbia,DC,Washington,1723,2014-11,4.471273
66151,20032,Washington,District of Columbia,DC,Washington,1723,2014-12,9.464217
66151,20032,Washington,District of Columbia,DC,Washington,1723,2015-01,13.88031
66151,20032,Washington,District of Columbia,DC,Washington,1723,2015-02,6.095231
66151,20032,Washington,District of Columbia,DC,Washington,1723,2015-03,8.448982
66151,20032,Washington,District of Columbia,DC,Washington,1723,2015-04,4.822241
66151,20032,Washington,District of Columbia,DC,Washington,1723,2015-05,6.022519
66151,20032,Washington,District of Columbia,DC,Washington,1723,2015-06,7.775124
66151,20032,Washington,District of Columbia,DC,Washington,1723,2015-07,10.78115
66151,20032,Washington,District of Columbia,DC,Washington,1723,2015-08,11.5613
66151,20032,Washington,District of Columbia,DC,Washington,1723,2015-09,10.17599
66151,20032,Washington,District of Columbia,DC,Washington,1723,2015-10,5.984206
66151,20032,Washington,District of Columbia,DC,Washington,1723,2015-11,9.459935
66151,20032,Washington,District of Columbia,DC,Washington,1723,2015-12,3.917998
66151,20032,Washington,District of Columbia,DC,Washington,1723,2016-01,9.319357
66151,20032,Washington,District of Columbia,DC,Washington,1723,2016-02,10.80917
66151,20032,Washington,District of Columbia,DC,Washington,1723,2016-03,9.477094
66151,20032,Washington,District of Columbia,DC,Washington,1723,2016-04,4.923251
66151,20032,Washington,District of Columbia,DC,Washington,1723,2016-05,4.998423
66151,20032,Washington,District of Columbia,DC,Washington,1723,2016-06,12.24915
66151,20032,Washington,District of Columbia,DC,Washington,1723,2016-07,8.078449
66151,20032,Washington,District of Columbia,DC,Washington,1723,2016-08,6.122988
66139,20016,Washington,District of Columbia,DC,Washington,2064,2010-09,10.48956
66139,20016,Washington,District of Columbia,DC,Washington,2064,2010-10,9.660427
66139,20016,Washington,District of Columbia,DC,Washington,2064,2010-11,16.32607
66139,20016,Washington,District of Columbia,DC,Washington,2064,2010-12,12.41063
66139,20016,Washington,District of Columbia,DC,Washington,2064,2011-01,14.0517
66139,20016,Washington,District of Columbia,DC,Washington,2064,2011-02,18.01305
66139,20016,Washington,District of Columbia,DC,Washington,2064,2011-03,12.89032
66139,20016,Washington,District of Columbia,DC,Washington,2064,2011-04,11.69379
66139,20016,Washington,District of Columbia,DC,Washington,2064,2011-05,17.44899
66139,20016,Washington,District of Columbia,DC,Washington,2064,2011-06,14.36008
66139,20016,Washington,District of Columbia,DC,Washington,2064,2011-07,11.45545
66139,20016,Washington,District of Columbia,DC,Washington,2064,2011-08,12.86536
66139,20016,Washington,District of Columbia,DC,Washington,2064,2011-09,11.6396
66139,20016,Washington,District of Columbia,DC,Washington,2064,2011-10,17.3187
66139,20016,Washington,District of Columbia,DC,Washington,2064,2011-11,9.39278
66139,20016,Washington,District of Columbia,DC,Washington,2064,2011-12,9.395363
66139,20016,Washington,District of Columbia,DC,Washington,2064,2012-01,13.49246
66139,20016,Washington,District of Columbia,DC,Washington,2064,2012-02,12.75006
66139,20016,Washington,District of Columbia,DC,Washington,2064,2012-03,13.43519
66139,20016,Washington,District of Columbia,DC,Washington,2064,2012-04,11.12236
66139,20016,Washington,District of Columbia,DC,Washington,2064,2012-05,11.81208
66139,20016,Washington,District of Columbia,DC,Washington,2064,2012-06,11.63229
66139,20016,Washington,District of Columbia,DC,Washington,2064,2012-07,10.15792
66139,20016,Washington,District of Columbia,DC,Washington,2064,2012-08,12.73964
66139,20016,Washington,District of Columbia,DC,Washington,2064,2012-09,10.08757
66139,20016,Washington,District of Columbia,DC,Washington,2064,2012-10,8.355901
66139,20016,Washington,District of Columbia,DC,Washington,2064,2012-11,10.31268
66139,20016,Washington,District of Columbia,DC,Washington,2064,2012-12,10.5764
66139,20016,Washington,District of Columbia,DC,Washington,2064,2013-01,7.483072
66139,20016,Washington,District of Columbia,DC,Washington,2064,2013-02,9.293839
66139,20016,Washington,District of Columbia,DC,Washington,2064,2013-03,10.15186
66139,20016,Washington,District of Columbia,DC,Washington,2064,2013-04,10.878
66139,20016,Washington,District of Columbia,DC,Washington,2064,2013-05,4.879545
66139,20016,Washington,District of Columbia,DC,Washington,2064,2013-06,13.65957
66139,20016,Washington,District of Columbia,DC,Washington,2064,2013-07,12.02606
66139,20016,Washington,District of Columbia,DC,Washington,2064,2013-08,8.660587
66139,20016,Washington,District of Columbia,DC,Washington,2064,2013-09,15.18268
66139,20016,Washington,District of Columbia,DC,Washington,2064,2013-10,11.37201
66139,20016,Washington,District of Columbia,DC,Washington,2064,2013-11,13.42944
66139,20016,Washington,District of Columbia,DC,Washington,2064,2013-12,9.804142
66139,20016,Washington,District of Columbia,DC,Washington,2064,2014-01,10.29916
66139,20016,Washington,District of Columbia,DC,Washington,2064,2014-02,8.817649
66139,20016,Washington,District of Columbia,DC,Washington,2064,2014-03,7.82668
66139,20016,Washington,District of Columbia,DC,Washington,2064,2014-04,7.536927
66139,20016,Washington,District of Columbia,DC,Washington,2064,2014-05,11.61401
66139,20016,Washington,District of Columbia,DC,Washington,2064,2014-06,8.90283
66139,20016,Washington,District of Columbia,DC,Washington,2064,2014-07,14.44229
66139,20016,Washington,District of Columbia,DC,Washington,2064,2014-08,9.587177
66139,20016,Washington,District of Columbia,DC,Washington,2064,2014-09,11.17717
66139,20016,Washington,District of Columbia,DC,Washington,2064,2014-10,11.08814
66139,20016,Washington,District of Columbia,DC,Washington,2064,2014-11,9.871249
66139,20016,Washington,District of Columbia,DC,Washington,2064,2014-12,15.4694
66139,20016,Washington,District of Columbia,DC,Washington,2064,2015-01,13.93116
66139,20016,Washington,District of Columbia,DC,Washington,2064,2015-02,12.36996
66139,20016,Washington,District of Columbia,DC,Washington,2064,2015-03,12.06615
66139,20016,Washington,District of Columbia,DC,Washington,2064,2015-04,12.80854
66139,20016,Washington,District of Columbia,DC,Washington,2064,2015-05,8.949819
66139,20016,Washington,District of Columbia,DC,Washington,2064,2015-06,8.75366
66139,20016,Washington,District of Columbia,DC,Washington,2064,2015-07,10.5558
66139,20016,Washington,District of Columbia,DC,Washington,2064,2015-08,13.49585
66139,20016,Washington,District of Columbia,DC,Washington,2064,2015-09,11.19717
66139,20016,Washington,District of Columbia,DC,Washington,2064,2015-10,11.84264
66139,20016,Washington,District of Columbia,DC,Washington,2064,2015-11,10.16968
66139,20016,Washington,District of Columbia,DC,Washington,2064,2015-12,11.81123
66139,20016,Washington,District of Columbia,DC,Washington,2064,2016-01,11.47214
66139,20016,Washington,District of Columbia,DC,Washington,2064,2016-02,10.60169
66139,20016,Washington,District of Columbia,DC,Washington,2064,2016-03,9.217028
66139,20016,Washington,District of Columbia,DC,Washington,2064,2016-04,13.79071
66139,20016,Washington,District of Columbia,DC,Washington,2064,2016-05,13.98815
66139,20016,Washington,District of Columbia,DC,Washington,2064,2016-06,12.54563
66139,20016,Washington,District of Columbia,DC,Washington,2064,2016-07,11.7554
66139,20016,Washington,District of Columbia,DC,Washington,2064,2016-08,14.27905
66127,20003,Washington,District of Columbia,DC,Washington,2278,2010-09,14.32656
66127,20003,Washington,District of Columbia,DC,Washington,2278,2010-10,14.35879
66127,20003,Washington,District of Columbia,DC,Washington,2278,2010-11,10.75563
66127,20003,Washington,District of Columbia,DC,Washington,2278,2010-12,14.50125
66127,20003,Washington,District of Columbia,DC,Washington,2278,2011-01,14.1195
66127,20003,Washington,District of Columbia,DC,Washington,2278,2011-02,15.06993
66127,20003,Washington,District of Columbia,DC,Washington,2278,2011-03,14.16135
66127,20003,Washington,District of Columbia,DC,Washington,2278,2011-04,12.95871
66127,20003,Washington,District of Columbia,DC,Washington,2278,2011-05,14.00085
66127,20003,Washington,District of Columbia,DC,Washington,2278,2011-06,9.342624
66127,20003,Washington,District of Columbia,DC,Washington,2278,2011-07,8.477128
66127,20003,Washington,District of Columbia,DC,Washington,2278,2011-08,4.953592
66127,20003,Washington,District of Columbia,DC,Washington,2278,2011-09,9.326565
66127,20003,Washington,District of Columbia,DC,Washington,2278,2011-10,10.25656
66127,20003,Washington,District of Columbia,DC,Washington,2278,2011-11,10.5846
66127,20003,Washington,District of Columbia,DC,Washington,2278,2011-12,9.261614
66127,20003,Washington,District of Columbia,DC,Washington,2278,2012-01,8.738171
66127,20003,Washington,District of Columbia,DC,Washington,2278,2012-02,13.52503
66127,20003,Washington,District of Columbia,DC,Washington,2278,2012-03,12.19748
66127,20003,Washington,District of Columbia,DC,Washington,2278,2012-04,16.33867
66127,20003,Washington,District of Columbia,DC,Washington,2278,2012-05,13.56915
66127,20003,Washington,District of Columbia,DC,Washington,2278,2012-06,17.34383
66127,20003,Washington,District of Columbia,DC,Washington,2278,2012-07,12.35004
66127,20003,Washington,District of Columbia,DC,Washington,2278,2012-08,10.75018
66127,20003,Washington,District of Columbia,DC,Washington,2278,2012-09,15.0851
66127,20003,Washington,District of Columbia,DC,Washington,2278,2012-10,11.69109
66127,20003,Washington,District of Columbia,DC,Washington,2278,2012-11,12.44256
66127,20003,Washington,District of Columbia,DC,Washington,2278,2012-12,8.105896
66127,20003,Washington,District of Columbia,DC,Washington,2278,2013-01,18.38263
66127,20003,Washington,District of Columbia,DC,Washington,2278,2013-02,9.758256
66127,20003,Washington,District of Columbia,DC,Washington,2278,2013-03,12.36709
66127,20003,Washington,District of Columbia,DC,Washington,2278,2013-04,7.04905
66127,20003,Washington,District of Columbia,DC,Washington,2278,2013-05,8.976379
66127,20003,Washington,District of Columbia,DC,Washington,2278,2013-06,13.74017
66127,20003,Washington,District of Columbia,DC,Washington,2278,2013-07,10.24486
66127,20003,Washington,District of Columbia,DC,Washington,2278,2013-08,15.70005
66127,20003,Washington,District of Columbia,DC,Washington,2278,2013-09,9.679405
66127,20003,Washington,District of Columbia,DC,Washington,2278,2013-10,9.876275
66127,20003,Washington,District of Columbia,DC,Washington,2278,2013-11,13.86701
66127,20003,Washington,District of Columbia,DC,Washington,2278,2013-12,15.15718
66127,20003,Washington,District of Columbia,DC,Washington,2278,2014-01,14.39506
66127,20003,Washington,District of Columbia,DC,Washington,2278,2014-02,9.673005
66127,20003,Washington,District of Columbia,DC,Washington,2278,2014-03,5.351278
66127,20003,Washington,District of Columbia,DC,Washington,2278,2014-04,6.751647
66127,20003,Washington,District of Columbia,DC,Washington,2278,2014-05,7.933082
66127,20003,Washington,District of Columbia,DC,Washington,2278,2014-06,11.37545
66127,20003,Washington,District of Columbia,DC,Washington,2278,2014-07,12.59735
66127,20003,Washington,District of Columbia,DC,Washington,2278,2014-08,16.89053
66127,20003,Washington,District of Columbia,DC,Washington,2278,2014-09,10.56717
66127,20003,Washington,District of Columbia,DC,Washington,2278,2014-10,11.45961
66127,20003,Washington,District of Columbia,DC,Washington,2278,2014-11,20.3519
66127,20003,Washington,District of Columbia,DC,Washington,2278,2014-12,11.99479
66127,20003,Washington,District of Columbia,DC,Washington,2278,2015-01,15.22864
66127,20003,Washington,District of Columbia,DC,Washington,2278,2015-02,15.19666
66127,20003,Washington,District of Columbia,DC,Washington,2278,2015-03,12.29377
66127,20003,Washington,District of Columbia,DC,Washington,2278,2015-04,10.9502
66127,20003,Washington,District of Columbia,DC,Washington,2278,2015-05,12.49751
66127,20003,Washington,District of Columbia,DC,Washington,2278,2015-06,13.31613
66127,20003,Washington,District of Columbia,DC,Washington,2278,2015-07,17.90595
66127,20003,Washington,District of Columbia,DC,Washington,2278,2015-08,16.2616
66127,20003,Washington,District of Columbia,DC,Washington,2278,2015-09,15.42547
66127,20003,Washington,District of Columbia,DC,Washington,2278,2015-10,16.44149
66127,20003,Washington,District of Columbia,DC,Washington,2278,2015-11,5.755631
66127,20003,Washington,District of Columbia,DC,Washington,2278,2015-12,14.43923
66127,20003,Washington,District of Columbia,DC,Washington,2278,2016-01,7.473534
66127,20003,Washington,District of Columbia,DC,Washington,2278,2016-02,12.96681
66127,20003,Washington,District of Columbia,DC,Washington,2278,2016-03,13.28415
66127,20003,Washington,District of Columbia,DC,Washington,2278,2016-04,12.26459
66127,20003,Washington,District of Columbia,DC,Washington,2278,2016-05,9.491192
66127,20003,Washington,District of Columbia,DC,Washington,2278,2016-06,9.86131
66127,20003,Washington,District of Columbia,DC,Washington,2278,2016-07,10.76826
66127,20003,Washington,District of Columbia,DC,Washington,2278,2016-08,11.6822
66134,20010,Washington,District of Columbia,DC,Washington,2742,2010-09,18.75653
66134,20010,Washington,District of Columbia,DC,Washington,2742,2010-10,16.22199
66134,20010,Washington,District of Columbia,DC,Washington,2742,2010-11,10.52435
66134,20010,Washington,District of Columbia,DC,Washington,2742,2010-12,12.84419
66134,20010,Washington,District of Columbia,DC,Washington,2742,2011-01,13.51916
66134,20010,Washington,District of Columbia,DC,Washington,2742,2011-02,14.21483
66134,20010,Washington,District of Columbia,DC,Washington,2742,2011-03,11.19401
66134,20010,Washington,District of Columbia,DC,Washington,2742,2011-04,12.57663
66134,20010,Washington,District of Columbia,DC,Washington,2742,2011-05,19.99549
66134,20010,Washington,District of Columbia,DC,Washington,2742,2011-06,19.81328
66134,20010,Washington,District of Columbia,DC,Washington,2742,2011-07,20.32016
66134,20010,Washington,District of Columbia,DC,Washington,2742,2011-08,17.09533
66134,20010,Washington,District of Columbia,DC,Washington,2742,2011-09,9.03431
66134,20010,Washington,District of Columbia,DC,Washington,2742,2011-10,9.313775
66134,20010,Washington,District of Columbia,DC,Washington,2742,2011-11,9.57197
66134,20010,Washington,District of Columbia,DC,Washington,2742,2011-12,15.79874
66134,20010,Washington,District of Columbia,DC,Washington,2742,2012-01,9.09759
66134,20010,Washington,District of Columbia,DC,Washington,2742,2012-02,13.19127
66134,20010,Washington,District of Columbia,DC,Washington,2742,2012-03,15.96761
66134,20010,Washington,District of Columbia,DC,Washington,2742,2012-04,10.00513
66134,20010,Washington,District of Columbia,DC,Washington,2742,2012-05,10.90185
66134,20010,Washington,District of Columbia,DC,Washington,2742,2012-06,11.57799
66134,20010,Washington,District of Columbia,DC,Washington,2742,2012-07,11.39912
66134,20010,Washington,District of Columbia,DC,Washington,2742,2012-08,17.60647
66134,20010,Washington,District of Columbia,DC,Washington,2742,2012-09,18.37774
66134,20010,Washington,District of Columbia,DC,Washington,2742,2012-10,12.80584
66134,20010,Washington,District of Columbia,DC,Washington,2742,2012-11,8.914693
66134,20010,Washington,District of Columbia,DC,Washington,2742,2012-12,10.45997
66134,20010,Washington,District of Columbia,DC,Washington,2742,2013-01,14.63463
66134,20010,Washington,District of Columbia,DC,Washington,2742,2013-02,18.89427
66134,20010,Washington,District of Columbia,DC,Washington,2742,2013-03,15.27682
66134,20010,Washington,District of Columbia,DC,Washington,2742,2013-04,11.5124
66134,20010,Washington,District of Columbia,DC,Washington,2742,2013-05,12.20194
66134,20010,Washington,District of Columbia,DC,Washington,2742,2013-06,7.199881
66134,20010,Washington,District of Columbia,DC,Washington,2742,2013-07,9.491717
66134,20010,Washington,District of Columbia,DC,Washington,2742,2013-08,18.07285
66134,20010,Washington,District of Columbia,DC,Washington,2742,2013-09,8.589865
66134,20010,Washington,District of Columbia,DC,Washington,2742,2013-10,10.09155
66134,20010,Washington,District of Columbia,DC,Washington,2742,2013-11,17.88812
66134,20010,Washington,District of Columbia,DC,Washington,2742,2013-12,10.43777
66134,20010,Washington,District of Columbia,DC,Washington,2742,2014-01,11.28044
66134,20010,Washington,District of Columbia,DC,Washington,2742,2014-02,10.47732
66134,20010,Washington,District of Columbia,DC,Washington,2742,2014-03,11.49431
66134,20010,Washington,District of Columbia,DC,Washington,2742,2014-04,9.89702
66134,20010,Washington,District of Columbia,DC,Washington,2742,2014-05,11.32202
66134,20010,Washington,District of Columbia,DC,Washington,2742,2014-06,8.958943
66134,20010,Washington,District of Columbia,DC,Washington,2742,2014-07,15.02254
66134,20010,Washington,District of Columbia,DC,Washington,2742,2014-08,7.072023
66134,20010,Washington,District of Columbia,DC,Washington,2742,2014-09,11.78458
66134,20010,Washington,District of Columbia,DC,Washington,2742,2014-10,14.11283
66134,20010,Washington,District of Columbia,DC,Washington,2742,2014-11,14.18735
66134,20010,Washington,District of Columbia,DC,Washington,2742,2014-12,18.00714
66134,20010,Washington,District of Columbia,DC,Washington,2742,2015-01,16.86867
66134,20010,Washington,District of Columbia,DC,Washington,2742,2015-02,14.83629
66134,20010,Washington,District of Columbia,DC,Washington,2742,2015-03,14.33669
66134,20010,Washington,District of Columbia,DC,Washington,2742,2015-04,10.06029
66134,20010,Washington,District of Columbia,DC,Washington,2742,2015-05,10.36383
66134,20010,Washington,District of Columbia,DC,Washington,2742,2015-06,15.98659
66134,20010,Washington,District of Columbia,DC,Washington,2742,2015-07,13.77254
66134,20010,Washington,District of Columbia,DC,Washington,2742,2015-08,12.91943
66134,20010,Washington,District of Columbia,DC,Washington,2742,2015-09,11.7163
66134,20010,Washington,District of Columbia,DC,Washington,2742,2015-10,16.05707
66134,20010,Washington,District of Columbia,DC,Washington,2742,2015-11,17.86026
66134,20010,Washington,District of Columbia,DC,Washington,2742,2015-12,11.7787
66134,20010,Washington,District of Columbia,DC,Washington,2742,2016-01,10.20201
66134,20010,Washington,District of Columbia,DC,Washington,2742,2016-02,9.750384
66134,20010,Washington,District of Columbia,DC,Washington,2742,2016-03,13.60634
66134,20010,Washington,District of Columbia,DC,Washington,2742,2016-04,24.21107
66134,20010,Washington,District of Columbia,DC,Washington,2742,2016-05,17.662
66134,20010,Washington,District of Columbia,DC,Washington,2742,2016-06,16.79304
66134,20010,Washington,District of Columbia,DC,Washington,2742,2016-07,15.81799
66134,20010,Washington,District of Columbia,DC,Washington,2742,2016-08,12.58212
66131,20007,Washington,District of Columbia,DC,Washington,2756,2010-09,12.65317
66131,20007,Washington,District of Columbia,DC,Washington,2756,2010-10,10.45293
66131,20007,Washington,District of Columbia,DC,Washington,2756,2010-11,8.865957
66131,20007,Washington,District of Columbia,DC,Washington,2756,2010-12,11.31095
66131,20007,Washington,District of Columbia,DC,Washington,2756,2011-01,10.03698
66131,20007,Washington,District of Columbia,DC,Washington,2756,2011-02,12.89721
66131,20007,Washington,District of Columbia,DC,Washington,2756,2011-03,11.81525
66131,20007,Washington,District of Columbia,DC,Washington,2756,2011-04,15.10539
66131,20007,Washington,District of Columbia,DC,Washington,2756,2011-05,9.822063
66131,20007,Washington,District of Columbia,DC,Washington,2756,2011-06,15.72467
66131,20007,Washington,District of Columbia,DC,Washington,2756,2011-07,12.65401
66131,20007,Washington,District of Columbia,DC,Washington,2756,2011-08,9.507459
66131,20007,Washington,District of Columbia,DC,Washington,2756,2011-09,10.90926
66131,20007,Washington,District of Columbia,DC,Washington,2756,2011-10,8.122278
66131,20007,Washington,District of Columbia,DC,Washington,2756,2011-11,13.36486
66131,20007,Washington,District of Columbia,DC,Washington,2756,2011-12,13.06658
66131,20007,Washington,District of Columbia,DC,Washington,2756,2012-01,9.44918
66131,20007,Washington,District of Columbia,DC,Washington,2756,2012-02,11.27667
66131,20007,Washington,District of Columbia,DC,Washington,2756,2012-03,10.14775
66131,20007,Washington,District of Columbia,DC,Washington,2756,2012-04,8.724138
66131,20007,Washington,District of Columbia,DC,Washington,2756,2012-05,13.46088
66131,20007,Washington,District of Columbia,DC,Washington,2756,2012-06,8.726219
66131,20007,Washington,District of Columbia,DC,Washington,2756,2012-07,10.64409
66131,20007,Washington,District of Columbia,DC,Washington,2756,2012-08,12.02641
66131,20007,Washington,District of Columbia,DC,Washington,2756,2012-09,7.983413
66131,20007,Washington,District of Columbia,DC,Washington,2756,2012-10,13.42283
66131,20007,Washington,District of Columbia,DC,Washington,2756,2012-11,8.532053
66131,20007,Washington,District of Columbia,DC,Washington,2756,2012-12,7.247116
66131,20007,Washington,District of Columbia,DC,Washington,2756,2013-01,9.236112
66131,20007,Washington,District of Columbia,DC,Washington,2756,2013-02,15.25883
66131,20007,Washington,District of Columbia,DC,Washington,2756,2013-03,7.822345
66131,20007,Washington,District of Columbia,DC,Washington,2756,2013-04,8.322819
66131,20007,Washington,District of Columbia,DC,Washington,2756,2013-05,9.110228
66131,20007,Washington,District of Columbia,DC,Washington,2756,2013-06,8.734573
66131,20007,Washington,District of Columbia,DC,Washington,2756,2013-07,10.75405
66131,20007,Washington,District of Columbia,DC,Washington,2756,2013-08,12.65502
66131,20007,Washington,District of Columbia,DC,Washington,2756,2013-09,11.78294
66131,20007,Washington,District of Columbia,DC,Washington,2756,2013-10,9.019378
66131,20007,Washington,District of Columbia,DC,Washington,2756,2013-11,14.90897
66131,20007,Washington,District of Columbia,DC,Washington,2756,2013-12,12.53832
66131,20007,Washington,District of Columbia,DC,Washington,2756,2014-01,16.80642
66131,20007,Washington,District of Columbia,DC,Washington,2756,2014-02,10.50148
66131,20007,Washington,District of Columbia,DC,Washington,2756,2014-03,11.35142
66131,20007,Washington,District of Columbia,DC,Washington,2756,2014-04,8.681169
66131,20007,Washington,District of Columbia,DC,Washington,2756,2014-05,13.42227
66131,20007,Washington,District of Columbia,DC,Washington,2756,2014-06,15.13991
66131,20007,Washington,District of Columbia,DC,Washington,2756,2014-07,12.75248
66131,20007,Washington,District of Columbia,DC,Washington,2756,2014-08,14.85735
66131,20007,Washington,District of Columbia,DC,Washington,2756,2014-09,16.19814
66131,20007,Washington,District of Columbia,DC,Washington,2756,2014-10,11.87722
66131,20007,Washington,District of Columbia,DC,Washington,2756,2014-11,10.00447
66131,20007,Washington,District of Columbia,DC,Washington,2756,2014-12,11.2484
66131,20007,Washington,District of Columbia,DC,Washington,2756,2015-01,13.62483
66131,20007,Washington,District of Columbia,DC,Washington,2756,2015-02,11.19648
66131,20007,Washington,District of Columbia,DC,Washington,2756,2015-03,11.50127
66131,20007,Washington,District of Columbia,DC,Washington,2756,2015-04,11.3555
66131,20007,Washington,District of Columbia,DC,Washington,2756,2015-05,13.00083
66131,20007,Washington,District of Columbia,DC,Washington,2756,2015-06,10.15479
66131,20007,Washington,District of Columbia,DC,Washington,2756,2015-07,10.74816
66131,20007,Washington,District of Columbia,DC,Washington,2756,2015-08,12.22501
66131,20007,Washington,District of Columbia,DC,Washington,2756,2015-09,11.05333
66131,20007,Washington,District of Columbia,DC,Washington,2756,2015-10,17.66439
66131,20007,Washington,District of Columbia,DC,Washington,2756,2015-11,14.86149
66131,20007,Washington,District of Columbia,DC,Washington,2756,2015-12,14.92745
66131,20007,Washington,District of Columbia,DC,Washington,2756,2016-01,14.29293
66131,20007,Washington,District of Columbia,DC,Washington,2756,2016-02,12.0777
66131,20007,Washington,District of Columbia,DC,Washington,2756,2016-03,15.01323
66131,20007,Washington,District of Columbia,DC,Washington,2756,2016-04,13.32966
66131,20007,Washington,District of Columbia,DC,Washington,2756,2016-05,10.13597
66131,20007,Washington,District of Columbia,DC,Washington,2756,2016-06,12.94225
66131,20007,Washington,District of Columbia,DC,Washington,2756,2016-07,12.04307
66131,20007,Washington,District of Columbia,DC,Washington,2756,2016-08,11.78545
66140,20017,Washington,District of Columbia,DC,Washington,5582,2010-09,15.30401
66140,20017,Washington,District of Columbia,DC,Washington,5582,2010-10,19.98
66140,20017,Washington,District of Columbia,DC,Washington,5582,2010-11,12.13689
66140,20017,Washington,District of Columbia,DC,Washington,5582,2010-12,12.91192
66140,20017,Washington,District of Columbia,DC,Washington,5582,2011-01,10.26151
66140,20017,Washington,District of Columbia,DC,Washington,5582,2011-02,9.849965
66140,20017,Washington,District of Columbia,DC,Washington,5582,2011-03,17.81081
66140,20017,Washington,District of Columbia,DC,Washington,5582,2011-04,18.43656
66140,20017,Washington,District of Columbia,DC,Washington,5582,2011-05,12.34224
66140,20017,Washington,District of Columbia,DC,Washington,5582,2011-06,8.054809
66140,20017,Washington,District of Columbia,DC,Washington,5582,2011-07,16.38137
66140,20017,Washington,District of Columbia,DC,Washington,5582,2011-08,6.211362
66140,20017,Washington,District of Columbia,DC,Washington,5582,2011-09,7.733719
66140,20017,Washington,District of Columbia,DC,Washington,5582,2011-10,10.08695
66140,20017,Washington,District of Columbia,DC,Washington,5582,2011-11,4.214814
66140,20017,Washington,District of Columbia,DC,Washington,5582,2011-12,13.74111
66140,20017,Washington,District of Columbia,DC,Washington,5582,2012-01,11.1387
66140,20017,Washington,District of Columbia,DC,Washington,5582,2012-02,10.58299
66140,20017,Washington,District of Columbia,DC,Washington,5582,2012-03,9.477476
66140,20017,Washington,District of Columbia,DC,Washington,5582,2012-04,6.755455
66140,20017,Washington,District of Columbia,DC,Washington,5582,2012-05,6.343472
66140,20017,Washington,District of Columbia,DC,Washington,5582,2012-06,12.64883
66140,20017,Washington,District of Columbia,DC,Washington,5582,2012-07,5.842157
66140,20017,Washington,District of Columbia,DC,Washington,5582,2012-08,8.498944
66140,20017,Washington,District of Columbia,DC,Washington,5582,2012-09,9.03835
66140,20017,Washington,District of Columbia,DC,Washington,5582,2012-10,12.72965
66140,20017,Washington,District of Columbia,DC,Washington,5582,2012-11,15.16719
66140,20017,Washington,District of Columbia,DC,Washington,5582,2012-12,4.364916
66140,20017,Washington,District of Columbia,DC,Washington,5582,2013-01,9.472034
66140,20017,Washington,District of Columbia,DC,Washington,5582,2013-02,14.25147
66140,20017,Washington,District of Columbia,DC,Washington,5582,2013-03,12.77205
66140,20017,Washington,District of Columbia,DC,Washington,5582,2013-04,5.287499
66140,20017,Washington,District of Columbia,DC,Washington,5582,2013-05,13.55436
66140,20017,Washington,District of Columbia,DC,Washington,5582,2013-06,8.517772
66140,20017,Washington,District of Columbia,DC,Washington,5582,2013-07,11.67549
66140,20017,Washington,District of Columbia,DC,Washington,5582,2013-08,8.98914
66140,20017,Washington,District of Columbia,DC,Washington,5582,2013-09,11.053
66140,20017,Washington,District of Columbia,DC,Washington,5582,2013-10,3.593441
66140,20017,Washington,District of Columbia,DC,Washington,5582,2013-11,10.16719
66140,20017,Washington,District of Columbia,DC,Washington,5582,2013-12,11.80081
66140,20017,Washington,District of Columbia,DC,Washington,5582,2014-01,13.22203
66140,20017,Washington,District of Columbia,DC,Washington,5582,2014-02,12.3191
66140,20017,Washington,District of Columbia,DC,Washington,5582,2014-03,9.764833
66140,20017,Washington,District of Columbia,DC,Washington,5582,2014-04,12.9241
66140,20017,Washington,District of Columbia,DC,Washington,5582,2014-05,17.17018
66140,20017,Washington,District of Columbia,DC,Washington,5582,2014-06,11.82465
66140,20017,Washington,District of Columbia,DC,Washington,5582,2014-07,7.389776
66140,20017,Washington,District of Columbia,DC,Washington,5582,2014-08,11.18212
66140,20017,Washington,District of Columbia,DC,Washington,5582,2014-09,8.889541
66140,20017,Washington,District of Columbia,DC,Washington,5582,2014-10,8.519549
66140,20017,Washington,District of Columbia,DC,Washington,5582,2014-11,15.16719
66140,20017,Washington,District of Columbia,DC,Washington,5582,2014-12,15.13415
66140,20017,Washington,District of Columbia,DC,Washington,5582,2015-01,13.51965
66140,20017,Washington,District of Columbia,DC,Washington,5582,2015-02,16.42538
66140,20017,Washington,District of Columbia,DC,Washington,5582,2015-03,9.307408
66140,20017,Washington,District of Columbia,DC,Washington,5582,2015-04,11.86737
66140,20017,Washington,District of Columbia,DC,Washington,5582,2015-05,11.81523
66140,20017,Washington,District of Columbia,DC,Washington,5582,2015-06,9.443697
66140,20017,Washington,District of Columbia,DC,Washington,5582,2015-07,9.028432
66140,20017,Washington,District of Columbia,DC,Washington,5582,2015-08,15.65581
66140,20017,Washington,District of Columbia,DC,Washington,5582,2015-09,16.18121
66140,20017,Washington,District of Columbia,DC,Washington,5582,2015-10,13.11725
66140,20017,Washington,District of Columbia,DC,Washington,5582,2015-11,11.00053
66140,20017,Washington,District of Columbia,DC,Washington,5582,2015-12,9.69555
66140,20017,Washington,District of Columbia,DC,Washington,5582,2016-01,8.964787
66140,20017,Washington,District of Columbia,DC,Washington,5582,2016-02,9.903642
66140,20017,Washington,District of Columbia,DC,Washington,5582,2016-03,8.186396
66140,20017,Washington,District of Columbia,DC,Washington,5582,2016-04,9.575797
66140,20017,Washington,District of Columbia,DC,Washington,5582,2016-05,5.349229
66140,20017,Washington,District of Columbia,DC,Washington,5582,2016-06,10.89297
66140,20017,Washington,District of Columbia,DC,Washington,5582,2016-07,15.15864
66140,20017,Washington,District of Columbia,DC,Washington,5582,2016-08,12.42051
66141,20018,Washington,District of Columbia,DC,Washington,5680,2010-09,16.38314
66141,20018,Washington,District of Columbia,DC,Washington,5680,2010-10,11.02036
66141,20018,Washington,District of Columbia,DC,Washington,5680,2010-11,22.12662
66141,20018,Washington,District of Columbia,DC,Washington,5680,2010-12,18.84555
66141,20018,Washington,District of Columbia,DC,Washington,5680,2011-01,16.72922
66141,20018,Washington,District of Columbia,DC,Washington,5680,2011-02,12.12753
66141,20018,Washington,District of Columbia,DC,Washington,5680,2011-03,22.27883
66141,20018,Washington,District of Columbia,DC,Washington,5680,2011-04,19.74298
66141,20018,Washington,District of Columbia,DC,Washington,5680,2011-05,11.33133
66141,20018,Washington,District of Columbia,DC,Washington,5680,2011-06,20.14814
66141,20018,Washington,District of Columbia,DC,Washington,5680,2011-07,17.0929
66141,20018,Washington,District of Columbia,DC,Washington,5680,2011-08,18.92641
66141,20018,Washington,District of Columbia,DC,Washington,5680,2011-09,11.25072
66141,20018,Washington,District of Columbia,DC,Washington,5680,2011-10,9.907532
66141,20018,Washington,District of Columbia,DC,Washington,5680,2011-11,12.14427
66141,20018,Washington,District of Columbia,DC,Washington,5680,2011-12,12.9015
66141,20018,Washington,District of Columbia,DC,Washington,5680,2012-01,9.982295
66141,20018,Washington,District of Columbia,DC,Washington,5680,2012-02,19.49187
66141,20018,Washington,District of Columbia,DC,Washington,5680,2012-03,13.82473
66141,20018,Washington,District of Columbia,DC,Washington,5680,2012-04,11.35104
66141,20018,Washington,District of Columbia,DC,Washington,5680,2012-05,15.75052
66141,20018,Washington,District of Columbia,DC,Washington,5680,2012-06,7.91926
66141,20018,Washington,District of Columbia,DC,Washington,5680,2012-07,4.10589
66141,20018,Washington,District of Columbia,DC,Washington,5680,2012-08,6.187475
66141,20018,Washington,District of Columbia,DC,Washington,5680,2012-09,7.509321
66141,20018,Washington,District of Columbia,DC,Washington,5680,2012-10,1.826724
66141,20018,Washington,District of Columbia,DC,Washington,5680,2012-11,2.196551
66141,20018,Washington,District of Columbia,DC,Washington,5680,2012-12,9.734581
66141,20018,Washington,District of Columbia,DC,Washington,5680,2013-01,10.20573
66141,20018,Washington,District of Columbia,DC,Washington,5680,2013-02,10.82521
66141,20018,Washington,District of Columbia,DC,Washington,5680,2013-03,9.380284
66141,20018,Washington,District of Columbia,DC,Washington,5680,2013-04,6.88484
66141,20018,Washington,District of Columbia,DC,Washington,5680,2013-05,11.73005
66141,20018,Washington,District of Columbia,DC,Washington,5680,2013-06,9.457351
66141,20018,Washington,District of Columbia,DC,Washington,5680,2013-07,14.7841
66141,20018,Washington,District of Columbia,DC,Washington,5680,2013-08,16.04663
66141,20018,Washington,District of Columbia,DC,Washington,5680,2013-09,18.36669
66141,20018,Washington,District of Columbia,DC,Washington,5680,2013-10,20.42365
66141,20018,Washington,District of Columbia,DC,Washington,5680,2013-11,12.73268
66141,20018,Washington,District of Columbia,DC,Washington,5680,2013-12,12.47536
66141,20018,Washington,District of Columbia,DC,Washington,5680,2014-01,10.94126
66141,20018,Washington,District of Columbia,DC,Washington,5680,2014-02,11.15854
66141,20018,Washington,District of Columbia,DC,Washington,5680,2014-03,13.82473
66141,20018,Washington,District of Columbia,DC,Washington,5680,2014-04,12.98917
66141,20018,Washington,District of Columbia,DC,Washington,5680,2014-05,16.44497
66141,20018,Washington,District of Columbia,DC,Washington,5680,2014-06,13.25062
66141,20018,Washington,District of Columbia,DC,Washington,5680,2014-07,14.70056
66141,20018,Washington,District of Columbia,DC,Washington,5680,2014-08,6.309949
66141,20018,Washington,District of Columbia,DC,Washington,5680,2014-09,19.04373
66141,20018,Washington,District of Columbia,DC,Washington,5680,2014-10,19.90405
66141,20018,Washington,District of Columbia,DC,Washington,5680,2014-11,15.86074
66141,20018,Washington,District of Columbia,DC,Washington,5680,2014-12,14.32856
66141,20018,Washington,District of Columbia,DC,Washington,5680,2015-01,14.31344
66141,20018,Washington,District of Columbia,DC,Washington,5680,2015-02,8.825206
66141,20018,Washington,District of Columbia,DC,Washington,5680,2015-03,8.654212
66141,20018,Washington,District of Columbia,DC,Washington,5680,2015-04,10.01567
66141,20018,Washington,District of Columbia,DC,Washington,5680,2015-05,10.02373
66141,20018,Washington,District of Columbia,DC,Washington,5680,2015-06,13.41542
66141,20018,Washington,District of Columbia,DC,Washington,5680,2015-07,13.36892
66141,20018,Washington,District of Columbia,DC,Washington,5680,2015-08,18.05408
66141,20018,Washington,District of Columbia,DC,Washington,5680,2015-09,7.356134
66141,20018,Washington,District of Columbia,DC,Washington,5680,2015-10,16.86704
66141,20018,Washington,District of Columbia,DC,Washington,5680,2015-11,14.9281
66141,20018,Washington,District of Columbia,DC,Washington,5680,2015-12,11.43885
66141,20018,Washington,District of Columbia,DC,Washington,5680,2016-01,16.62543
66141,20018,Washington,District of Columbia,DC,Washington,5680,2016-02,20.47227
66141,20018,Washington,District of Columbia,DC,Washington,5680,2016-03,13.23993
66141,20018,Washington,District of Columbia,DC,Washington,5680,2016-04,14.47747
66141,20018,Washington,District of Columbia,DC,Washington,5680,2016-05,14.57808
66141,20018,Washington,District of Columbia,DC,Washington,5680,2016-06,8.322161
66141,20018,Washington,District of Columbia,DC,Washington,5680,2016-07,16.94387
66141,20018,Washington,District of Columbia,DC,Washington,5680,2016-08,14.86535
66146,20024,Washington,District of Columbia,DC,Washington,5719,2010-09,11.36273
66146,20024,Washington,District of Columbia,DC,Washington,5719,2010-10,12.90544
66146,20024,Washington,District of Columbia,DC,Washington,5719,2010-11,21.01906
66146,20024,Washington,District of Columbia,DC,Washington,5719,2010-12,16.90163
66146,20024,Washington,District of Columbia,DC,Washington,5719,2011-01,23.99349
66146,20024,Washington,District of Columbia,DC,Washington,5719,2011-02,20.72212
66146,20024,Washington,District of Columbia,DC,Washington,5719,2011-03,9.776874
66146,20024,Washington,District of Columbia,DC,Washington,5719,2011-04,14.5871
66146,20024,Washington,District of Columbia,DC,Washington,5719,2011-05,12.26575
66146,20024,Washington,District of Columbia,DC,Washington,5719,2011-06,13.51865
66146,20024,Washington,District of Columbia,DC,Washington,5719,2011-07,13.90289
66146,20024,Washington,District of Columbia,DC,Washington,5719,2011-08,12.92167
66146,20024,Washington,District of Columbia,DC,Washington,5719,2011-09,15.79241
66146,20024,Washington,District of Columbia,DC,Washington,5719,2011-10,11.6827
66146,20024,Washington,District of Columbia,DC,Washington,5719,2011-11,10.67755
66146,20024,Washington,District of Columbia,DC,Washington,5719,2011-12,15.1609
66146,20024,Washington,District of Columbia,DC,Washington,5719,2012-01,9.522163
66146,20024,Washington,District of Columbia,DC,Washington,5719,2012-02,5.136539
66146,20024,Washington,District of Columbia,DC,Washington,5719,2012-03,14.85206
66146,20024,Washington,District of Columbia,DC,Washington,5719,2012-04,4.480612
66146,20024,Washington,District of Columbia,DC,Washington,5719,2012-05,7.139172
66146,20024,Washington,District of Columbia,DC,Washington,5719,2012-06,8.525908
66146,20024,Washington,District of Columbia,DC,Washington,5719,2012-07,11.74194
66146,20024,Washington,District of Columbia,DC,Washington,5719,2012-08,4.180133
66146,20024,Washington,District of Columbia,DC,Washington,5719,2012-09,3.2882
66146,20024,Washington,District of Columbia,DC,Washington,5719,2012-10,7.290463
66146,20024,Washington,District of Columbia,DC,Washington,5719,2012-11,2.936276
66146,20024,Washington,District of Columbia,DC,Washington,5719,2012-12,7.707995
66146,20024,Washington,District of Columbia,DC,Washington,5719,2013-01,6.049941
66146,20024,Washington,District of Columbia,DC,Washington,5719,2013-02,7.572436
66146,20024,Washington,District of Columbia,DC,Washington,5719,2013-03,8.899681
66146,20024,Washington,District of Columbia,DC,Washington,5719,2013-04,11.09437
66146,20024,Washington,District of Columbia,DC,Washington,5719,2013-05,5.529003
66146,20024,Washington,District of Columbia,DC,Washington,5719,2013-06,11.34246
66146,20024,Washington,District of Columbia,DC,Washington,5719,2013-07,8.429796
66146,20024,Washington,District of Columbia,DC,Washington,5719,2013-08,3.596743
66146,20024,Washington,District of Columbia,DC,Washington,5719,2013-09,15.17226
66146,20024,Washington,District of Columbia,DC,Washington,5719,2013-10,13.29389
66146,20024,Washington,District of Columbia,DC,Washington,5719,2013-11,11.45678
66146,20024,Washington,District of Columbia,DC,Washington,5719,2013-12,5.095665
66146,20024,Washington,District of Columbia,DC,Washington,5719,2014-01,13.35926
66146,20024,Washington,District of Columbia,DC,Washington,5719,2014-02,9.966471
66146,20024,Washington,District of Columbia,DC,Washington,5719,2014-03,8.502855
66146,20024,Washington,District of Columbia,DC,Washington,5719,2014-04,0.728808
66146,20024,Washington,District of Columbia,DC,Washington,5719,2014-05,7.772975
66146,20024,Washington,District of Columbia,DC,Washington,5719,2014-06,7.62458
66146,20024,Washington,District of Columbia,DC,Washington,5719,2014-07,5.10524
66146,20024,Washington,District of Columbia,DC,Washington,5719,2014-08,7.962113
66146,20024,Washington,District of Columbia,DC,Washington,5719,2014-09,3.451828
66146,20024,Washington,District of Columbia,DC,Washington,5719,2014-10,1.997022
66146,20024,Washington,District of Columbia,DC,Washington,5719,2014-11,3.093139
66146,20024,Washington,District of Columbia,DC,Washington,5719,2014-12,3.16254
66146,20024,Washington,District of Columbia,DC,Washington,5719,2015-01,1.760725
66146,20024,Washington,District of Columbia,DC,Washington,5719,2015-02,3.844022
66146,20024,Washington,District of Columbia,DC,Washington,5719,2015-03,7.462899
66146,20024,Washington,District of Columbia,DC,Washington,5719,2015-04,7.506405
66146,20024,Washington,District of Columbia,DC,Washington,5719,2015-05,9.282029
66146,20024,Washington,District of Columbia,DC,Washington,5719,2015-06,6.652419
66146,20024,Washington,District of Columbia,DC,Washington,5719,2015-07,6.420377
66146,20024,Washington,District of Columbia,DC,Washington,5719,2015-08,14.09552
66146,20024,Washington,District of Columbia,DC,Washington,5719,2015-09,8.396302
66146,20024,Washington,District of Columbia,DC,Washington,5719,2015-10,10.06396
66146,20024,Washington,District of Columbia,DC,Washington,5719,2015-11,7.820412
66146,20024,Washington,District of Columbia,DC,Washington,5719,2015-12,8.964462
66146,20024,Washington,District of Columbia,DC,Washington,5719,2016-01,6.466607
66146,20024,Washington,District of Columbia,DC,Washington,5719,2016-02,7.358761
66146,20024,Washington,District of Columbia,DC,Washington,5719,2016-03,11.92998
66146,20024,Washington,District of Columbia,DC,Washington,5719,2016-04,7.222315
66146,20024,Washington,District of Columbia,DC,Washington,5719,2016-05,14.86644
66146,20024,Washington,District of Columbia,DC,Washington,5719,2016-06,8.49004
66146,20024,Washington,District of Columbia,DC,Washington,5719,2016-07,14.22002
66146,20024,Washington,District of Columbia,DC,Washington,5719,2016-08,19.34142
66155,20037,Washington,District of Columbia,DC,Washington,6172,2010-09,11.32897
66155,20037,Washington,District of Columbia,DC,Washington,6172,2010-10,9.795566
66155,20037,Washington,District of Columbia,DC,Washington,6172,2010-11,7.098892
66155,20037,Washington,District of Columbia,DC,Washington,6172,2010-12,14.40328
66155,20037,Washington,District of Columbia,DC,Washington,6172,2011-01,9.503282
66155,20037,Washington,District of Columbia,DC,Washington,6172,2011-02,12.74738
66155,20037,Washington,District of Columbia,DC,Washington,6172,2011-03,10.13743
66155,20037,Washington,District of Columbia,DC,Washington,6172,2011-04,8.206785
66155,20037,Washington,District of Columbia,DC,Washington,6172,2011-05,13.81579
66155,20037,Washington,District of Columbia,DC,Washington,6172,2011-06,13.81627
66155,20037,Washington,District of Columbia,DC,Washington,6172,2011-07,10.30577
66155,20037,Washington,District of Columbia,DC,Washington,6172,2011-08,10.0385
66155,20037,Washington,District of Columbia,DC,Washington,6172,2011-09,9.809393
66155,20037,Washington,District of Columbia,DC,Washington,6172,2011-10,10.60607
66155,20037,Washington,District of Columbia,DC,Washington,6172,2011-11,11.2583
66155,20037,Washington,District of Columbia,DC,Washington,6172,2011-12,8.930914
66155,20037,Washington,District of Columbia,DC,Washington,6172,2012-01,10.7453
66155,20037,Washington,District of Columbia,DC,Washington,6172,2012-02,7.284467
66155,20037,Washington,District of Columbia,DC,Washington,6172,2012-03,9.440739
66155,20037,Washington,District of Columbia,DC,Washington,6172,2012-04,8.509334
66155,20037,Washington,District of Columbia,DC,Washington,6172,2012-05,6.019563
66155,20037,Washington,District of Columbia,DC,Washington,6172,2012-06,7.099474
66155,20037,Washington,District of Columbia,DC,Washington,6172,2012-07,8.12683
66155,20037,Washington,District of Columbia,DC,Washington,6172,2012-08,8.430759
66155,20037,Washington,District of Columbia,DC,Washington,6172,2012-09,4.7743
66155,20037,Washington,District of Columbia,DC,Washington,6172,2012-10,7.616079
66155,20037,Washington,District of Columbia,DC,Washington,6172,2012-11,7.474393
66155,20037,Washington,District of Columbia,DC,Washington,6172,2012-12,9.501324
66155,20037,Washington,District of Columbia,DC,Washington,6172,2013-01,6.180736
66155,20037,Washington,District of Columbia,DC,Washington,6172,2013-02,14.28505
66155,20037,Washington,District of Columbia,DC,Washington,6172,2013-03,11.64642
66155,20037,Washington,District of Columbia,DC,Washington,6172,2013-04,19.4711
66155,20037,Washington,District of Columbia,DC,Washington,6172,2013-05,5.450272
66155,20037,Washington,District of Columbia,DC,Washington,6172,2013-06,13.45912
66155,20037,Washington,District of Columbia,DC,Washington,6172,2013-07,4.002602
66155,20037,Washington,District of Columbia,DC,Washington,6172,2013-08,14.49654
66155,20037,Washington,District of Columbia,DC,Washington,6172,2013-09,7.277065
66155,20037,Washington,District of Columbia,DC,Washington,6172,2013-10,6.424919
66155,20037,Washington,District of Columbia,DC,Washington,6172,2013-11,13.12568
66155,20037,Washington,District of Columbia,DC,Washington,6172,2013-12,9.99152
66155,20037,Washington,District of Columbia,DC,Washington,6172,2014-01,7.533393
66155,20037,Washington,District of Columbia,DC,Washington,6172,2014-02,11.87019
66155,20037,Washington,District of Columbia,DC,Washington,6172,2014-03,7.935984
66155,20037,Washington,District of Columbia,DC,Washington,6172,2014-04,12.15978
66155,20037,Washington,District of Columbia,DC,Washington,6172,2014-05,14.04994
66155,20037,Washington,District of Columbia,DC,Washington,6172,2014-06,14.36118
66155,20037,Washington,District of Columbia,DC,Washington,6172,2014-07,17.29752
66155,20037,Washington,District of Columbia,DC,Washington,6172,2014-08,13.93986
66155,20037,Washington,District of Columbia,DC,Washington,6172,2014-09,15.37366
66155,20037,Washington,District of Columbia,DC,Washington,6172,2014-10,16.40409
66155,20037,Washington,District of Columbia,DC,Washington,6172,2014-11,14.53937
66155,20037,Washington,District of Columbia,DC,Washington,6172,2014-12,9.470687
66155,20037,Washington,District of Columbia,DC,Washington,6172,2015-01,16.55111
66155,20037,Washington,District of Columbia,DC,Washington,6172,2015-02,9.540595
66155,20037,Washington,District of Columbia,DC,Washington,6172,2015-03,9.75449
66155,20037,Washington,District of Columbia,DC,Washington,6172,2015-04,6.802634
66155,20037,Washington,District of Columbia,DC,Washington,6172,2015-05,11.0437
66155,20037,Washington,District of Columbia,DC,Washington,6172,2015-06,6.46371
66155,20037,Washington,District of Columbia,DC,Washington,6172,2015-07,9.176738
66155,20037,Washington,District of Columbia,DC,Washington,6172,2015-08,7.971814
66155,20037,Washington,District of Columbia,DC,Washington,6172,2015-09,14.01002
66155,20037,Washington,District of Columbia,DC,Washington,6172,2015-10,11.83352
66155,20037,Washington,District of Columbia,DC,Washington,6172,2015-11,9.290451
66155,20037,Washington,District of Columbia,DC,Washington,6172,2015-12,10.61341
66155,20037,Washington,District of Columbia,DC,Washington,6172,2016-01,12.45058
66155,20037,Washington,District of Columbia,DC,Washington,6172,2016-02,7.140975
66155,20037,Washington,District of Columbia,DC,Washington,6172,2016-03,11.7371
66155,20037,Washington,District of Columbia,DC,Washington,6172,2016-04,11.15403
66155,20037,Washington,District of Columbia,DC,Washington,6172,2016-05,13.5572
66155,20037,Washington,District of Columbia,DC,Washington,6172,2016-06,9.887695
66155,20037,Washington,District of Columbia,DC,Washington,6172,2016-07,13.2762
66155,20037,Washington,District of Columbia,DC,Washington,6172,2016-08,11.24562
