RegionName,City,State,Metro,CountyName,SizeRank,Month,MedianListingPricePerSqft
20009,Washington,DC,Washington,District of Columbia,40,2010-01,513.1429
20009,Washington,DC,Washington,District of Columbia,40,2010-02,520.7387
20009,Washington,DC,Washington,District of Columbia,40,2010-03,531.2472
20009,Washington,DC,Washington,District of Columbia,40,2010-04,510.582
20009,Washington,DC,Washington,District of Columbia,40,2010-05,510.8466
20009,Washington,DC,Washington,District of Columbia,40,2010-06,515.0412
20009,Washington,DC,Washington,District of Columbia,40,2010-07,516.8884
20009,Washington,DC,Washington,District of Columbia,40,2010-08,508.7963
20009,Washington,DC,Washington,District of Columbia,40,2010-09,496.7949
20009,Washington,DC,Washington,District of Columbia,40,2010-10,515.0473
20009,Washington,DC,Washington,District of Columbia,40,2010-11,514.2196
20009,Washington,DC,Washington,District of Columbia,40,2010-12,508.2113
20009,Washington,DC,Washington,District of Columbia,40,2011-01,506.4194
20009,Washington,DC,Washington,District of Columbia,40,2011-02,516.8884
20009,Washington,DC,Washington,District of Columbia,40,2011-03,517.7596
20009,Washington,DC,Washington,District of Columbia,40,2011-04,500.1206
20009,Washington,DC,Washington,District of Columbia,40,2011-05,502.3224
20009,Washington,DC,Washington,District of Columbia,40,2011-06,508.2459
20009,Washington,DC,Washington,District of Columbia,40,2011-07,481.6709
20009,Washington,DC,Washington,District of Columbia,40,2011-08,515.1976
20009,Washington,DC,Washington,District of Columbia,40,2011-09,504.5455
20009,Washington,DC,Washington,District of Columbia,40,2011-10,507.4708
20009,Washington,DC,Washington,District of Columbia,40,2011-11,504.053
20009,Washington,DC,Washington,District of Columbia,40,2011-12,503.7981
20009,Washington,DC,Washington,District of Columbia,40,2012-01,499.875
20009,Washington,DC,Washington,District of Columbia,40,2012-02,494.7341
20009,Washington,DC,Washington,District of Columbia,40,2012-03,493.2534
20009,Washington,DC,Washington,District of Columbia,40,2012-04,504.7319
20009,Washington,DC,Washington,District of Columbia,40,2012-05,509.3868
20009,Washington,DC,Washington,District of Columbia,40,2012-06,518.484
20009,Washington,DC,Washington,District of Columbia,40,2012-07,538.6691
20009,Washington,DC,Washington,District of Columbia,40,2012-08,537.7393
20009,Washington,DC,Washington,District of Columbia,40,2012-09,541.9104
20009,Washington,DC,Washington,District of Columbia,40,2012-10,536.1398
20009,Washington,DC,Washington,District of Columbia,40,2012-11,543.4755
20009,Washington,DC,Washington,District of Columbia,40,2012-12,538.3333
20009,Washington,DC,Washington,District of Columbia,40,2013-01,537.5817
20009,Washington,DC,Washington,District of Columbia,40,2013-02,530.7385
20009,Washington,DC,Washington,District of Columbia,40,2013-03,524.5685
20009,Washington,DC,Washington,District of Columbia,40,2013-04,555.6793
20009,Washington,DC,Washington,District of Columbia,40,2013-05,555.6793
20009,Washington,DC,Washington,District of Columbia,40,2013-06,557.098
20009,Washington,DC,Washington,District of Columbia,40,2013-07,555.2241
20009,Washington,DC,Washington,District of Columbia,40,2013-08,554.7656
20009,Washington,DC,Washington,District of Columbia,40,2013-09,560.9756
20009,Washington,DC,Washington,District of Columbia,40,2013-10,574.3629
20009,Washington,DC,Washington,District of Columbia,40,2013-11,576.668
20009,Washington,DC,Washington,District of Columbia,40,2013-12,570.2614
20009,Washington,DC,Washington,District of Columbia,40,2014-01,568.2159
20009,Washington,DC,Washington,District of Columbia,40,2014-02,580.8804
20009,Washington,DC,Washington,District of Columbia,40,2014-03,587.3162
20009,Washington,DC,Washington,District of Columbia,40,2014-04,580.7971
20009,Washington,DC,Washington,District of Columbia,40,2014-05,588.4261
20009,Washington,DC,Washington,District of Columbia,40,2014-06,587.9085
20009,Washington,DC,Washington,District of Columbia,40,2014-07,580.7114
20009,Washington,DC,Washington,District of Columbia,40,2014-08,578.125
20009,Washington,DC,Washington,District of Columbia,40,2014-09,586.1009
20009,Washington,DC,Washington,District of Columbia,40,2014-10,568.1108
20009,Washington,DC,Washington,District of Columbia,40,2014-11,572.8511
20009,Washington,DC,Washington,District of Columbia,40,2014-12,566.2179
20009,Washington,DC,Washington,District of Columbia,40,2015-01,564.6026
20009,Washington,DC,Washington,District of Columbia,40,2015-02,588.091
20009,Washington,DC,Washington,District of Columbia,40,2015-03,586.2287
20009,Washington,DC,Washington,District of Columbia,40,2015-04,595.3
20009,Washington,DC,Washington,District of Columbia,40,2015-05,607.056
20009,Washington,DC,Washington,District of Columbia,40,2015-06,612.4809
20009,Washington,DC,Washington,District of Columbia,40,2015-07,602.5641
20009,Washington,DC,Washington,District of Columbia,40,2015-08,597.2696
20009,Washington,DC,Washington,District of Columbia,40,2015-09,592.9273
20009,Washington,DC,Washington,District of Columbia,40,2015-10,581.4098
20009,Washington,DC,Washington,District of Columbia,40,2015-11,594.9587
20009,Washington,DC,Washington,District of Columbia,40,2015-12,607.2874
20009,Washington,DC,Washington,District of Columbia,40,2016-01,616.8996
20009,Washington,DC,Washington,District of Columbia,40,2016-02,630.4348
20009,Washington,DC,Washington,District of Columbia,40,2016-03,628.8853
20009,Washington,DC,Washington,District of Columbia,40,2016-04,615.9713
20009,Washington,DC,Washington,District of Columbia,40,2016-05,617.5673
20009,Washington,DC,Washington,District of Columbia,40,2016-06,633.6306
20009,Washington,DC,Washington,District of Columbia,40,2016-07,635.825
20009,Washington,DC,Washington,District of Columbia,40,2016-08,627.49
20002,Washington,DC,Washington,District of Columbia,47,2010-01,
20002,Washington,DC,Washington,District of Columbia,47,2010-02,
20002,Washington,DC,Washington,District of Columbia,47,2010-03,
20002,Washington,DC,Washington,District of Columbia,47,2010-04,
20002,Washington,DC,Washington,District of Columbia,47,2010-05,
20002,Washington,DC,Washington,District of Columbia,47,2010-06,
20002,Washington,DC,Washington,District of Columbia,47,2010-07,
20002,Washington,DC,Washington,District of Columbia,47,2010-08,
20002,Washington,DC,Washington,District of Columbia,47,2010-09,
20002,Washington,DC,Washington,District of Columbia,47,2010-10,
20002,Washington,DC,Washington,District of Columbia,47,2010-11,
20002,Washington,DC,Washington,District of Columbia,47,2010-12,
20002,Washington,DC,Washington,District of Columbia,47,2011-01,
20002,Washington,DC,Washington,District of Columbia,47,2011-02,
20002,Washington,DC,Washington,District of Columbia,47,2011-03,
20002,Washington,DC,Washington,District of Columbia,47,2011-04,
20002,Washington,DC,Washington,District of Columbia,47,2011-05,
20002,Washington,DC,Washington,District of Columbia,47,2011-06,
20002,Washington,DC,Washington,District of Columbia,47,2011-07,
20002,Washington,DC,Washington,District of Columbia,47,2011-08,
20002,Washington,DC,Washington,District of Columbia,47,2011-09,
20002,Washington,DC,Washington,District of Columbia,47,2011-10,
20002,Washington,DC,Washington,District of Columbia,47,2011-11,
20002,Washington,DC,Washington,District of Columbia,47,2011-12,
20002,Washington,DC,Washington,District of Columbia,47,2012-01,
20002,Washington,DC,Washington,District of Columbia,47,2012-02,
20002,Washington,DC,Washington,District of Columbia,47,2012-03,
20002,Washington,DC,Washington,District of Columbia,47,2012-04,
20002,Washington,DC,Washington,District of Columbia,47,2012-05,
20002,Washington,DC,Washington,District of Columbia,47,2012-06,
20002,Washington,DC,Washington,District of Columbia,47,2012-07,
20002,Washington,DC,Washington,District of Columbia,47,2012-08,305.8566
20002,Washington,DC,Washington,District of Columbia,47,2012-09,314.9235
20002,Washington,DC,Washington,District of Columbia,47,2012-10,326.9817
20002,Washington,DC,Washington,District of Columbia,47,2012-11,347.4386
20002,Washington,DC,Washington,District of Columbia,47,2012-12,358.0357
20002,Washington,DC,Washington,District of Columbia,47,2013-01,363.7905
20002,Washington,DC,Washington,District of Columbia,47,2013-02,374.3421
20002,Washington,DC,Washington,District of Columbia,47,2013-03,384.5414
20002,Washington,DC,Washington,District of Columbia,47,2013-04,393.11
20002,Washington,DC,Washington,District of Columbia,47,2013-05,425.6066
20002,Washington,DC,Washington,District of Columbia,47,2013-06,436.6382
20002,Washington,DC,Washington,District of Columbia,47,2013-07,416.5
20002,Washington,DC,Washington,District of Columbia,47,2013-08,391.2426
20002,Washington,DC,Washington,District of Columbia,47,2013-09,424.1282
20002,Washington,DC,Washington,District of Columbia,47,2013-10,410.4068
20002,Washington,DC,Washington,District of Columbia,47,2013-11,408.2426
20002,Washington,DC,Washington,District of Columbia,47,2013-12,412.3507
20002,Washington,DC,Washington,District of Columbia,47,2014-01,411.613
20002,Washington,DC,Washington,District of Columbia,47,2014-02,413.0117
20002,Washington,DC,Washington,District of Columbia,47,2014-03,419.4678
20002,Washington,DC,Washington,District of Columbia,47,2014-04,423.6302
20002,Washington,DC,Washington,District of Columbia,47,2014-05,442.963
20002,Washington,DC,Washington,District of Columbia,47,2014-06,437.0901
20002,Washington,DC,Washington,District of Columbia,47,2014-07,435.0926
20002,Washington,DC,Washington,District of Columbia,47,2014-08,425.4595
20002,Washington,DC,Washington,District of Columbia,47,2014-09,432.2179
20002,Washington,DC,Washington,District of Columbia,47,2014-10,429.7322
20002,Washington,DC,Washington,District of Columbia,47,2014-11,405.768
20002,Washington,DC,Washington,District of Columbia,47,2014-12,405.8266
20002,Washington,DC,Washington,District of Columbia,47,2015-01,415.8333
20002,Washington,DC,Washington,District of Columbia,47,2015-02,415.8333
20002,Washington,DC,Washington,District of Columbia,47,2015-03,425.2577
20002,Washington,DC,Washington,District of Columbia,47,2015-04,447.6786
20002,Washington,DC,Washington,District of Columbia,47,2015-05,452.5619
20002,Washington,DC,Washington,District of Columbia,47,2015-06,466.3604
20002,Washington,DC,Washington,District of Columbia,47,2015-07,451.5907
20002,Washington,DC,Washington,District of Columbia,47,2015-08,459.4293
20002,Washington,DC,Washington,District of Columbia,47,2015-09,458.6466
20002,Washington,DC,Washington,District of Columbia,47,2015-10,474.9042
20002,Washington,DC,Washington,District of Columbia,47,2015-11,472.2763
20002,Washington,DC,Washington,District of Columbia,47,2015-12,453.3333
20002,Washington,DC,Washington,District of Columbia,47,2016-01,459.2161
20002,Washington,DC,Washington,District of Columbia,47,2016-02,472.3267
20002,Washington,DC,Washington,District of Columbia,47,2016-03,484.6939
20002,Washington,DC,Washington,District of Columbia,47,2016-04,504.9053
20002,Washington,DC,Washington,District of Columbia,47,2016-05,501.1085
20002,Washington,DC,Washington,District of Columbia,47,2016-06,504.4197
20002,Washington,DC,Washington,District of Columbia,47,2016-07,504.5153
20002,Washington,DC,Washington,District of Columbia,47,2016-08,492.5101
20011,Washington,DC,Washington,District of Columbia,153,2010-01,
20011,Washington,DC,Washington,District of Columbia,153,2010-02,
20011,Washington,DC,Washington,District of Columbia,153,2010-03,
20011,Washington,DC,Washington,District of Columbia,153,2010-04,
20011,Washington,DC,Washington,District of Columbia,153,2010-05,
20011,Washington,DC,Washington,District of Columbia,153,2010-06,
20011,Washington,DC,Washington,District of Columbia,153,2010-07,
20011,Washington,DC,Washington,District of Columbia,153,2010-08,
20011,Washington,DC,Washington,District of Columbia,153,2010-09,
20011,Washington,DC,Washington,District of Columbia,153,2010-10,
20011,Washington,DC,Washington,District of Columbia,153,2010-11,
20011,Washington,DC,Washington,District of Columbia,153,2010-12,
20011,Washington,DC,Washington,District of Columbia,153,2011-01,
20011,Washington,DC,Washington,District of Columbia,153,2011-02,
20011,Washington,DC,Washington,District of Columbia,153,2011-03,
20011,Washington,DC,Washington,District of Columbia,153,2011-04,
20011,Washington,DC,Washington,District of Columbia,153,2011-05,
20011,Washington,DC,Washington,District of Columbia,153,2011-06,
20011,Washington,DC,Washington,District of Columbia,153,2011-07,
20011,Washington,DC,Washington,District of Columbia,153,2011-08,
20011,Washington,DC,Washington,District of Columbia,153,2011-09,
20011,Washington,DC,Washington,District of Columbia,153,2011-10,
20011,Washington,DC,Washington,District of Columbia,153,2011-11,
20011,Washington,DC,Washington,District of Columbia,153,2011-12,
20011,Washington,DC,Washington,District of Columbia,153,2012-01,
20011,Washington,DC,Washington,District of Columbia,153,2012-02,
20011,Washington,DC,Washington,District of Columbia,153,2012-03,
20011,Washington,DC,Washington,District of Columbia,153,2012-04,
20011,Washington,DC,Washington,District of Columbia,153,2012-05,
20011,Washington,DC,Washington,District of Columbia,153,2012-06,
20011,Washington,DC,Washington,District of Columbia,153,2012-07,
20011,Washington,DC,Washington,District of Columbia,153,2012-08,260.631
20011,Washington,DC,Washington,District of Columbia,153,2012-09,254.0357
20011,Washington,DC,Washington,District of Columbia,153,2012-10,262.7628
20011,Washington,DC,Washington,District of Columbia,153,2012-11,267.4107
20011,Washington,DC,Washington,District of Columbia,153,2012-12,280.0524
20011,Washington,DC,Washington,District of Columbia,153,2013-01,278.6797
20011,Washington,DC,Washington,District of Columbia,153,2013-02,281.49
20011,Washington,DC,Washington,District of Columbia,153,2013-03,295.9658
20011,Washington,DC,Washington,District of Columbia,153,2013-04,330.813
20011,Washington,DC,Washington,District of Columbia,153,2013-05,341.7262
20011,Washington,DC,Washington,District of Columbia,153,2013-06,336.3965
20011,Washington,DC,Washington,District of Columbia,153,2013-07,352.2928
20011,Washington,DC,Washington,District of Columbia,153,2013-08,353.8117
20011,Washington,DC,Washington,District of Columbia,153,2013-09,357.0833
20011,Washington,DC,Washington,District of Columbia,153,2013-10,360.8889
20011,Washington,DC,Washington,District of Columbia,153,2013-11,356.7857
20011,Washington,DC,Washington,District of Columbia,153,2013-12,361.2961
20011,Washington,DC,Washington,District of Columbia,153,2014-01,348.2549
20011,Washington,DC,Washington,District of Columbia,153,2014-02,351.131
20011,Washington,DC,Washington,District of Columbia,153,2014-03,351.131
20011,Washington,DC,Washington,District of Columbia,153,2014-04,361.4458
20011,Washington,DC,Washington,District of Columbia,153,2014-05,358.2555
20011,Washington,DC,Washington,District of Columbia,153,2014-06,361.0556
20011,Washington,DC,Washington,District of Columbia,153,2014-07,358.5938
20011,Washington,DC,Washington,District of Columbia,153,2014-08,357.0833
20011,Washington,DC,Washington,District of Columbia,153,2014-09,357.1429
20011,Washington,DC,Washington,District of Columbia,153,2014-10,361.9761
20011,Washington,DC,Washington,District of Columbia,153,2014-11,375.8459
20011,Washington,DC,Washington,District of Columbia,153,2014-12,381.5091
20011,Washington,DC,Washington,District of Columbia,153,2015-01,386.2492
20011,Washington,DC,Washington,District of Columbia,153,2015-02,383.5776
20011,Washington,DC,Washington,District of Columbia,153,2015-03,384.891
20011,Washington,DC,Washington,District of Columbia,153,2015-04,390.5208
20011,Washington,DC,Washington,District of Columbia,153,2015-05,381.3732
20011,Washington,DC,Washington,District of Columbia,153,2015-06,376.3781
20011,Washington,DC,Washington,District of Columbia,153,2015-07,365.8358
20011,Washington,DC,Washington,District of Columbia,153,2015-08,373.5227
20011,Washington,DC,Washington,District of Columbia,153,2015-09,378.673
20011,Washington,DC,Washington,District of Columbia,153,2015-10,387.3239
20011,Washington,DC,Washington,District of Columbia,153,2015-11,383.9274
20011,Washington,DC,Washington,District of Columbia,153,2015-12,389.2418
20011,Washington,DC,Washington,District of Columbia,153,2016-01,399.2395
20011,Washington,DC,Washington,District of Columbia,153,2016-02,402.8909
20011,Washington,DC,Washington,District of Columbia,153,2016-03,402.489
20011,Washington,DC,Washington,District of Columbia,153,2016-04,420.7959
20011,Washington,DC,Washington,District of Columbia,153,2016-05,423.9544
20011,Washington,DC,Washington,District of Columbia,153,2016-06,420.7921
20011,Washington,DC,Washington,District of Columbia,153,2016-07,423.9544
20011,Washington,DC,Washington,District of Columbia,153,2016-08,428.2976
20019,Washington,DC,Washington,District of Columbia,212,2010-01,
20019,Washington,DC,Washington,District of Columbia,212,2010-02,
20019,Washington,DC,Washington,District of Columbia,212,2010-03,
20019,Washington,DC,Washington,District of Columbia,212,2010-04,
20019,Washington,DC,Washington,District of Columbia,212,2010-05,
20019,Washington,DC,Washington,District of Columbia,212,2010-06,
20019,Washington,DC,Washington,District of Columbia,212,2010-07,
20019,Washington,DC,Washington,District of Columbia,212,2010-08,
20019,Washington,DC,Washington,District of Columbia,212,2010-09,
20019,Washington,DC,Washington,District of Columbia,212,2010-10,
20019,Washington,DC,Washington,District of Columbia,212,2010-11,
20019,Washington,DC,Washington,District of Columbia,212,2010-12,
20019,Washington,DC,Washington,District of Columbia,212,2011-01,
20019,Washington,DC,Washington,District of Columbia,212,2011-02,
20019,Washington,DC,Washington,District of Columbia,212,2011-03,
20019,Washington,DC,Washington,District of Columbia,212,2011-04,
20019,Washington,DC,Washington,District of Columbia,212,2011-05,
20019,Washington,DC,Washington,District of Columbia,212,2011-06,
20019,Washington,DC,Washington,District of Columbia,212,2011-07,
20019,Washington,DC,Washington,District of Columbia,212,2011-08,
20019,Washington,DC,Washington,District of Columbia,212,2011-09,
20019,Washington,DC,Washington,District of Columbia,212,2011-10,
20019,Washington,DC,Washington,District of Columbia,212,2011-11,
20019,Washington,DC,Washington,District of Columbia,212,2011-12,
20019,Washington,DC,Washington,District of Columbia,212,2012-01,
20019,Washington,DC,Washington,District of Columbia,212,2012-02,
20019,Washington,DC,Washington,District of Columbia,212,2012-03,
20019,Washington,DC,Washington,District of Columbia,212,2012-04,
20019,Washington,DC,Washington,District of Columbia,212,2012-05,
20019,Washington,DC,Washington,District of Columbia,212,2012-06,
20019,Washington,DC,Washington,District of Columbia,212,2012-07,
20019,Washington,DC,Washington,District of Columbia,212,2012-08,
20019,Washington,DC,Washington,District of Columbia,212,2012-09,
20019,Washington,DC,Washington,District of Columbia,212,2012-10,
20019,Washington,DC,Washington,District of Columbia,212,2012-11,
20019,Washington,DC,Washington,District of Columbia,212,2012-12,
20019,Washington,DC,Washington,District of Columbia,212,2013-01,
20019,Washington,DC,Washington,District of Columbia,212,2013-02,
20019,Washington,DC,Washington,District of Columbia,212,2013-03,
20019,Washington,DC,Washington,District of Columbia,212,2013-04,
20019,Washington,DC,Washington,District of Columbia,212,2013-05,
20019,Washington,DC,Washington,District of Columbia,212,2013-06,
20019,Washington,DC,Washington,District of Columbia,212,2013-07,
20019,Washington,DC,Washington,District of Columbia,212,2013-08,
20019,Washington,DC,Washington,District of Columbia,212,2013-09,
20019,Washington,DC,Washington,District of Columbia,212,2013-10,169.6833
20019,Washington,DC,Washington,District of Columbia,212,2013-11,186.2981
20019,Washington,DC,Washington,District of Columbia,212,2013-12,181.3057
20019,Washington,DC,Washington,District of Columbia,212,2014-01,176.7347
20019,Washington,DC,Washington,District of Columbia,212,2014-02,168.3114
20019,Washington,DC,Washington,District of Columbia,212,2014-03,176.6026
20019,Washington,DC,Washington,District of Columbia,212,2014-04,172.7108
20019,Washington,DC,Washington,District of Columbia,212,2014-05,174.6559
20019,Washington,DC,Washington,District of Columbia,212,2014-06,176.9231
20019,Washington,DC,Washington,District of Columbia,212,2014-07,176.3522
20019,Washington,DC,Washington,District of Columbia,212,2014-08,176.9231
20019,Washington,DC,Washington,District of Columbia,212,2014-09,177.2039
20019,Washington,DC,Washington,District of Columbia,212,2014-10,183.3333
20019,Washington,DC,Washington,District of Columbia,212,2014-11,187.2857
20019,Washington,DC,Washington,District of Columbia,212,2014-12,181.0533
20019,Washington,DC,Washington,District of Columbia,212,2015-01,183.3333
20019,Washington,DC,Washington,District of Columbia,212,2015-02,177.4848
20019,Washington,DC,Washington,District of Columbia,212,2015-03,178.1802
20019,Washington,DC,Washington,District of Columbia,212,2015-04,179.4378
20019,Washington,DC,Washington,District of Columbia,212,2015-05,183.9465
20019,Washington,DC,Washington,District of Columbia,212,2015-06,186.1252
20019,Washington,DC,Washington,District of Columbia,212,2015-07,190.8283
20019,Washington,DC,Washington,District of Columbia,212,2015-08,186.7726
20019,Washington,DC,Washington,District of Columbia,212,2015-09,194.7851
20019,Washington,DC,Washington,District of Columbia,212,2015-10,206.1632
20019,Washington,DC,Washington,District of Columbia,212,2015-11,208.3333
20019,Washington,DC,Washington,District of Columbia,212,2015-12,208.7885
20019,Washington,DC,Washington,District of Columbia,212,2016-01,210.9191
20019,Washington,DC,Washington,District of Columbia,212,2016-02,213.8773
20019,Washington,DC,Washington,District of Columbia,212,2016-03,213.141
20019,Washington,DC,Washington,District of Columbia,212,2016-04,215.18
20019,Washington,DC,Washington,District of Columbia,212,2016-05,212.7784
20019,Washington,DC,Washington,District of Columbia,212,2016-06,216.1111
20019,Washington,DC,Washington,District of Columbia,212,2016-07,218.652
20019,Washington,DC,Washington,District of Columbia,212,2016-08,216.3462
20001,Washington,DC,Washington,District of Columbia,333,2010-01,
20001,Washington,DC,Washington,District of Columbia,333,2010-02,
20001,Washington,DC,Washington,District of Columbia,333,2010-03,
20001,Washington,DC,Washington,District of Columbia,333,2010-04,
20001,Washington,DC,Washington,District of Columbia,333,2010-05,
20001,Washington,DC,Washington,District of Columbia,333,2010-06,
20001,Washington,DC,Washington,District of Columbia,333,2010-07,
20001,Washington,DC,Washington,District of Columbia,333,2010-08,
20001,Washington,DC,Washington,District of Columbia,333,2010-09,
20001,Washington,DC,Washington,District of Columbia,333,2010-10,
20001,Washington,DC,Washington,District of Columbia,333,2010-11,
20001,Washington,DC,Washington,District of Columbia,333,2010-12,
20001,Washington,DC,Washington,District of Columbia,333,2011-01,
20001,Washington,DC,Washington,District of Columbia,333,2011-02,
20001,Washington,DC,Washington,District of Columbia,333,2011-03,
20001,Washington,DC,Washington,District of Columbia,333,2011-04,
20001,Washington,DC,Washington,District of Columbia,333,2011-05,
20001,Washington,DC,Washington,District of Columbia,333,2011-06,
20001,Washington,DC,Washington,District of Columbia,333,2011-07,
20001,Washington,DC,Washington,District of Columbia,333,2011-08,
20001,Washington,DC,Washington,District of Columbia,333,2011-09,
20001,Washington,DC,Washington,District of Columbia,333,2011-10,
20001,Washington,DC,Washington,District of Columbia,333,2011-11,
20001,Washington,DC,Washington,District of Columbia,333,2011-12,
20001,Washington,DC,Washington,District of Columbia,333,2012-01,
20001,Washington,DC,Washington,District of Columbia,333,2012-02,
20001,Washington,DC,Washington,District of Columbia,333,2012-03,
20001,Washington,DC,Washington,District of Columbia,333,2012-04,
20001,Washington,DC,Washington,District of Columbia,333,2012-05,
20001,Washington,DC,Washington,District of Columbia,333,2012-06,
20001,Washington,DC,Washington,District of Columbia,333,2012-07,
20001,Washington,DC,Washington,District of Columbia,333,2012-08,438.7999
20001,Washington,DC,Washington,District of Columbia,333,2012-09,438.9423
20001,Washington,DC,Washington,District of Columbia,333,2012-10,466.156
20001,Washington,DC,Washington,District of Columbia,333,2012-11,477.1505
20001,Washington,DC,Washington,District of Columbia,333,2012-12,476.5888
20001,Washington,DC,Washington,District of Columbia,333,2013-01,477.1219
20001,Washington,DC,Washington,District of Columbia,333,2013-02,498.0212
20001,Washington,DC,Washington,District of Columbia,333,2013-03,520.246
20001,Washington,DC,Washington,District of Columbia,333,2013-04,502.4872
20001,Washington,DC,Washington,District of Columbia,333,2013-05,516.4187
20001,Washington,DC,Washington,District of Columbia,333,2013-06,512.6333
20001,Washington,DC,Washington,District of Columbia,333,2013-07,533.2667
20001,Washington,DC,Washington,District of Columbia,333,2013-08,530.5222
20001,Washington,DC,Washington,District of Columbia,333,2013-09,531.3609
20001,Washington,DC,Washington,District of Columbia,333,2013-10,529.095
20001,Washington,DC,Washington,District of Columbia,333,2013-11,519.1835
20001,Washington,DC,Washington,District of Columbia,333,2013-12,517.5396
20001,Washington,DC,Washington,District of Columbia,333,2014-01,526.1152
20001,Washington,DC,Washington,District of Columbia,333,2014-02,537.0059
20001,Washington,DC,Washington,District of Columbia,333,2014-03,532.9686
20001,Washington,DC,Washington,District of Columbia,333,2014-04,543.6364
20001,Washington,DC,Washington,District of Columbia,333,2014-05,551.9108
20001,Washington,DC,Washington,District of Columbia,333,2014-06,547.3354
20001,Washington,DC,Washington,District of Columbia,333,2014-07,568.4885
20001,Washington,DC,Washington,District of Columbia,333,2014-08,551.0345
20001,Washington,DC,Washington,District of Columbia,333,2014-09,550.6971
20001,Washington,DC,Washington,District of Columbia,333,2014-10,550.7141
20001,Washington,DC,Washington,District of Columbia,333,2014-11,554.5292
20001,Washington,DC,Washington,District of Columbia,333,2014-12,538.2641
20001,Washington,DC,Washington,District of Columbia,333,2015-01,538.6531
20001,Washington,DC,Washington,District of Columbia,333,2015-02,545.4545
20001,Washington,DC,Washington,District of Columbia,333,2015-03,556.8102
20001,Washington,DC,Washington,District of Columbia,333,2015-04,558.5128
20001,Washington,DC,Washington,District of Columbia,333,2015-05,592.576
20001,Washington,DC,Washington,District of Columbia,333,2015-06,592.576
20001,Washington,DC,Washington,District of Columbia,333,2015-07,570.5577
20001,Washington,DC,Washington,District of Columbia,333,2015-08,589.3536
20001,Washington,DC,Washington,District of Columbia,333,2015-09,585.1322
20001,Washington,DC,Washington,District of Columbia,333,2015-10,590.776
20001,Washington,DC,Washington,District of Columbia,333,2015-11,582.4373
20001,Washington,DC,Washington,District of Columbia,333,2015-12,596.2644
20001,Washington,DC,Washington,District of Columbia,333,2016-01,596.206
20001,Washington,DC,Washington,District of Columbia,333,2016-02,603.8591
20001,Washington,DC,Washington,District of Columbia,333,2016-03,590.3054
20001,Washington,DC,Washington,District of Columbia,333,2016-04,590.38
20001,Washington,DC,Washington,District of Columbia,333,2016-05,590.2681
20001,Washington,DC,Washington,District of Columbia,333,2016-06,576.7918
20001,Washington,DC,Washington,District of Columbia,333,2016-07,582.8368
20001,Washington,DC,Washington,District of Columbia,333,2016-08,586.7254
20008,Washington,DC,Washington,District of Columbia,1273,2010-01,510.014
20008,Washington,DC,Washington,District of Columbia,1273,2010-02,505.3008
20008,Washington,DC,Washington,District of Columbia,1273,2010-03,493.984
20008,Washington,DC,Washington,District of Columbia,1273,2010-04,478.364
20008,Washington,DC,Washington,District of Columbia,1273,2010-05,493.984
20008,Washington,DC,Washington,District of Columbia,1273,2010-06,495.966
20008,Washington,DC,Washington,District of Columbia,1273,2010-07,478.3748
20008,Washington,DC,Washington,District of Columbia,1273,2010-08,482.0774
20008,Washington,DC,Washington,District of Columbia,1273,2010-09,485.1505
20008,Washington,DC,Washington,District of Columbia,1273,2010-10,500.8316
20008,Washington,DC,Washington,District of Columbia,1273,2010-11,484.0257
20008,Washington,DC,Washington,District of Columbia,1273,2010-12,473.9294
20008,Washington,DC,Washington,District of Columbia,1273,2011-01,479.7634
20008,Washington,DC,Washington,District of Columbia,1273,2011-02,467.7755
20008,Washington,DC,Washington,District of Columbia,1273,2011-03,470.2823
20008,Washington,DC,Washington,District of Columbia,1273,2011-04,486.1607
20008,Washington,DC,Washington,District of Columbia,1273,2011-05,492.1538
20008,Washington,DC,Washington,District of Columbia,1273,2011-06,490.986
20008,Washington,DC,Washington,District of Columbia,1273,2011-07,440.4114
20008,Washington,DC,Washington,District of Columbia,1273,2011-08,478.0474
20008,Washington,DC,Washington,District of Columbia,1273,2011-09,472.6403
20008,Washington,DC,Washington,District of Columbia,1273,2011-10,470.4462
20008,Washington,DC,Washington,District of Columbia,1273,2011-11,466.1047
20008,Washington,DC,Washington,District of Columbia,1273,2011-12,467.0316
20008,Washington,DC,Washington,District of Columbia,1273,2012-01,449.9568
20008,Washington,DC,Washington,District of Columbia,1273,2012-02,461.3846
20008,Washington,DC,Washington,District of Columbia,1273,2012-03,466.8187
20008,Washington,DC,Washington,District of Columbia,1273,2012-04,497.2664
20008,Washington,DC,Washington,District of Columbia,1273,2012-05,489.7388
20008,Washington,DC,Washington,District of Columbia,1273,2012-06,495.2966
20008,Washington,DC,Washington,District of Columbia,1273,2012-07,496.282
20008,Washington,DC,Washington,District of Columbia,1273,2012-08,495.2607
20008,Washington,DC,Washington,District of Columbia,1273,2012-09,470.0372
20008,Washington,DC,Washington,District of Columbia,1273,2012-10,460
20008,Washington,DC,Washington,District of Columbia,1273,2012-11,462.1849
20008,Washington,DC,Washington,District of Columbia,1273,2012-12,466.2005
20008,Washington,DC,Washington,District of Columbia,1273,2013-01,495.3488
20008,Washington,DC,Washington,District of Columbia,1273,2013-02,491.34
20008,Washington,DC,Washington,District of Columbia,1273,2013-03,509.7826
20008,Washington,DC,Washington,District of Columbia,1273,2013-04,510.219
20008,Washington,DC,Washington,District of Columbia,1273,2013-05,509.8552
20008,Washington,DC,Washington,District of Columbia,1273,2013-06,509.9278
20008,Washington,DC,Washington,District of Columbia,1273,2013-07,519.7129
20008,Washington,DC,Washington,District of Columbia,1273,2013-08,491.25
20008,Washington,DC,Washington,District of Columbia,1273,2013-09,501.1036
20008,Washington,DC,Washington,District of Columbia,1273,2013-10,500.9249
20008,Washington,DC,Washington,District of Columbia,1273,2013-11,470.9419
20008,Washington,DC,Washington,District of Columbia,1273,2013-12,473.8991
20008,Washington,DC,Washington,District of Columbia,1273,2014-01,490.2975
20008,Washington,DC,Washington,District of Columbia,1273,2014-02,498.75
20008,Washington,DC,Washington,District of Columbia,1273,2014-03,545.0237
20008,Washington,DC,Washington,District of Columbia,1273,2014-04,541.1924
20008,Washington,DC,Washington,District of Columbia,1273,2014-05,491.4529
20008,Washington,DC,Washington,District of Columbia,1273,2014-06,496.8553
20008,Washington,DC,Washington,District of Columbia,1273,2014-07,511.1208
20008,Washington,DC,Washington,District of Columbia,1273,2014-08,503.0189
20008,Washington,DC,Washington,District of Columbia,1273,2014-09,507.5508
20008,Washington,DC,Washington,District of Columbia,1273,2014-10,497.2556
20008,Washington,DC,Washington,District of Columbia,1273,2014-11,492.0742
20008,Washington,DC,Washington,District of Columbia,1273,2014-12,512.3961
20008,Washington,DC,Washington,District of Columbia,1273,2015-01,483.1585
20008,Washington,DC,Washington,District of Columbia,1273,2015-02,532.6087
20008,Washington,DC,Washington,District of Columbia,1273,2015-03,533.784
20008,Washington,DC,Washington,District of Columbia,1273,2015-04,522.5
20008,Washington,DC,Washington,District of Columbia,1273,2015-05,517.2414
20008,Washington,DC,Washington,District of Columbia,1273,2015-06,524.8826
20008,Washington,DC,Washington,District of Columbia,1273,2015-07,493.6266
20008,Washington,DC,Washington,District of Columbia,1273,2015-08,506.2189
20008,Washington,DC,Washington,District of Columbia,1273,2015-09,546.8741
20008,Washington,DC,Washington,District of Columbia,1273,2015-10,543.768
20008,Washington,DC,Washington,District of Columbia,1273,2015-11,547.9438
20008,Washington,DC,Washington,District of Columbia,1273,2015-12,572.3942
20008,Washington,DC,Washington,District of Columbia,1273,2016-01,541.1412
20008,Washington,DC,Washington,District of Columbia,1273,2016-02,545.2683
20008,Washington,DC,Washington,District of Columbia,1273,2016-03,545.4545
20008,Washington,DC,Washington,District of Columbia,1273,2016-04,554.4527
20008,Washington,DC,Washington,District of Columbia,1273,2016-05,570.953
20008,Washington,DC,Washington,District of Columbia,1273,2016-06,555.1766
20008,Washington,DC,Washington,District of Columbia,1273,2016-07,539.2893
20008,Washington,DC,Washington,District of Columbia,1273,2016-08,534.0843
20016,Washington,DC,Washington,District of Columbia,1962,2010-01,453.376
20016,Washington,DC,Washington,District of Columbia,1962,2010-02,462.4756
20016,Washington,DC,Washington,District of Columbia,1962,2010-03,464.3402
20016,Washington,DC,Washington,District of Columbia,1962,2010-04,481.9036
20016,Washington,DC,Washington,District of Columbia,1962,2010-05,481.9036
20016,Washington,DC,Washington,District of Columbia,1962,2010-06,475.6969
20016,Washington,DC,Washington,District of Columbia,1962,2010-07,462.4592
20016,Washington,DC,Washington,District of Columbia,1962,2010-08,478.3766
20016,Washington,DC,Washington,District of Columbia,1962,2010-09,468.5688
20016,Washington,DC,Washington,District of Columbia,1962,2010-10,457.1159
20016,Washington,DC,Washington,District of Columbia,1962,2010-11,443.3698
20016,Washington,DC,Washington,District of Columbia,1962,2010-12,443.5816
20016,Washington,DC,Washington,District of Columbia,1962,2011-01,431.6874
20016,Washington,DC,Washington,District of Columbia,1962,2011-02,416.625
20016,Washington,DC,Washington,District of Columbia,1962,2011-03,426.8122
20016,Washington,DC,Washington,District of Columbia,1962,2011-04,438.231
20016,Washington,DC,Washington,District of Columbia,1962,2011-05,439.6622
20016,Washington,DC,Washington,District of Columbia,1962,2011-06,439.4088
20016,Washington,DC,Washington,District of Columbia,1962,2011-07,390.1561
20016,Washington,DC,Washington,District of Columbia,1962,2011-08,442.3592
20016,Washington,DC,Washington,District of Columbia,1962,2011-09,454.5159
20016,Washington,DC,Washington,District of Columbia,1962,2011-10,457.1578
20016,Washington,DC,Washington,District of Columbia,1962,2011-11,434.0481
20016,Washington,DC,Washington,District of Columbia,1962,2011-12,434.4138
20016,Washington,DC,Washington,District of Columbia,1962,2012-01,424.6352
20016,Washington,DC,Washington,District of Columbia,1962,2012-02,421.4155
20016,Washington,DC,Washington,District of Columbia,1962,2012-03,434.0481
20016,Washington,DC,Washington,District of Columbia,1962,2012-04,456.3609
20016,Washington,DC,Washington,District of Columbia,1962,2012-05,464.4269
20016,Washington,DC,Washington,District of Columbia,1962,2012-06,466.2464
20016,Washington,DC,Washington,District of Columbia,1962,2012-07,451.7227
20016,Washington,DC,Washington,District of Columbia,1962,2012-08,419.6697
20016,Washington,DC,Washington,District of Columbia,1962,2012-09,431.9379
20016,Washington,DC,Washington,District of Columbia,1962,2012-10,446.0323
20016,Washington,DC,Washington,District of Columbia,1962,2012-11,434.3808
20016,Washington,DC,Washington,District of Columbia,1962,2012-12,420.5502
20016,Washington,DC,Washington,District of Columbia,1962,2013-01,420.5502
20016,Washington,DC,Washington,District of Columbia,1962,2013-02,429.3612
20016,Washington,DC,Washington,District of Columbia,1962,2013-03,459.8093
20016,Washington,DC,Washington,District of Columbia,1962,2013-04,464.0212
20016,Washington,DC,Washington,District of Columbia,1962,2013-05,464.6302
20016,Washington,DC,Washington,District of Columbia,1962,2013-06,469.2192
20016,Washington,DC,Washington,District of Columbia,1962,2013-07,459.3983
20016,Washington,DC,Washington,District of Columbia,1962,2013-08,446.9749
20016,Washington,DC,Washington,District of Columbia,1962,2013-09,471.0272
20016,Washington,DC,Washington,District of Columbia,1962,2013-10,455.2313
20016,Washington,DC,Washington,District of Columbia,1962,2013-11,454.3222
20016,Washington,DC,Washington,District of Columbia,1962,2013-12,452.7919
20016,Washington,DC,Washington,District of Columbia,1962,2014-01,450.1801
20016,Washington,DC,Washington,District of Columbia,1962,2014-02,450.1801
20016,Washington,DC,Washington,District of Columbia,1962,2014-03,466.9179
20016,Washington,DC,Washington,District of Columbia,1962,2014-04,476.8399
20016,Washington,DC,Washington,District of Columbia,1962,2014-05,469.0738
20016,Washington,DC,Washington,District of Columbia,1962,2014-06,461.7117
20016,Washington,DC,Washington,District of Columbia,1962,2014-07,457.1126
20016,Washington,DC,Washington,District of Columbia,1962,2014-08,457.958
20016,Washington,DC,Washington,District of Columbia,1962,2014-09,475.2976
20016,Washington,DC,Washington,District of Columbia,1962,2014-10,488.2882
20016,Washington,DC,Washington,District of Columbia,1962,2014-11,481.3472
20016,Washington,DC,Washington,District of Columbia,1962,2014-12,481.3472
20016,Washington,DC,Washington,District of Columbia,1962,2015-01,475.8713
20016,Washington,DC,Washington,District of Columbia,1962,2015-02,487.3291
20016,Washington,DC,Washington,District of Columbia,1962,2015-03,481.618
20016,Washington,DC,Washington,District of Columbia,1962,2015-04,491.3783
20016,Washington,DC,Washington,District of Columbia,1962,2015-05,480.5195
20016,Washington,DC,Washington,District of Columbia,1962,2015-06,480.5195
20016,Washington,DC,Washington,District of Columbia,1962,2015-07,465.8869
20016,Washington,DC,Washington,District of Columbia,1962,2015-08,472.9532
20016,Washington,DC,Washington,District of Columbia,1962,2015-09,463.9894
20016,Washington,DC,Washington,District of Columbia,1962,2015-10,477.9484
20016,Washington,DC,Washington,District of Columbia,1962,2015-11,451.8152
20016,Washington,DC,Washington,District of Columbia,1962,2015-12,438.5965
20016,Washington,DC,Washington,District of Columbia,1962,2016-01,445.9865
20016,Washington,DC,Washington,District of Columbia,1962,2016-02,476.5396
20016,Washington,DC,Washington,District of Columbia,1962,2016-03,489.0203
20016,Washington,DC,Washington,District of Columbia,1962,2016-04,503.7975
20016,Washington,DC,Washington,District of Columbia,1962,2016-05,499.4106
20016,Washington,DC,Washington,District of Columbia,1962,2016-06,500.5274
20016,Washington,DC,Washington,District of Columbia,1962,2016-07,489.1867
20016,Washington,DC,Washington,District of Columbia,1962,2016-08,495.1981
20003,Washington,DC,Washington,District of Columbia,2162,2010-01,
20003,Washington,DC,Washington,District of Columbia,2162,2010-02,
20003,Washington,DC,Washington,District of Columbia,2162,2010-03,
20003,Washington,DC,Washington,District of Columbia,2162,2010-04,
20003,Washington,DC,Washington,District of Columbia,2162,2010-05,
20003,Washington,DC,Washington,District of Columbia,2162,2010-06,
20003,Washington,DC,Washington,District of Columbia,2162,2010-07,
20003,Washington,DC,Washington,District of Columbia,2162,2010-08,
20003,Washington,DC,Washington,District of Columbia,2162,2010-09,
20003,Washington,DC,Washington,District of Columbia,2162,2010-10,
20003,Washington,DC,Washington,District of Columbia,2162,2010-11,
20003,Washington,DC,Washington,District of Columbia,2162,2010-12,
20003,Washington,DC,Washington,District of Columbia,2162,2011-01,
20003,Washington,DC,Washington,District of Columbia,2162,2011-02,
20003,Washington,DC,Washington,District of Columbia,2162,2011-03,
20003,Washington,DC,Washington,District of Columbia,2162,2011-04,
20003,Washington,DC,Washington,District of Columbia,2162,2011-05,
20003,Washington,DC,Washington,District of Columbia,2162,2011-06,
20003,Washington,DC,Washington,District of Columbia,2162,2011-07,
20003,Washington,DC,Washington,District of Columbia,2162,2011-08,
20003,Washington,DC,Washington,District of Columbia,2162,2011-09,
20003,Washington,DC,Washington,District of Columbia,2162,2011-10,
20003,Washington,DC,Washington,District of Columbia,2162,2011-11,
20003,Washington,DC,Washington,District of Columbia,2162,2011-12,
20003,Washington,DC,Washington,District of Columbia,2162,2012-01,
20003,Washington,DC,Washington,District of Columbia,2162,2012-02,
20003,Washington,DC,Washington,District of Columbia,2162,2012-03,
20003,Washington,DC,Washington,District of Columbia,2162,2012-04,
20003,Washington,DC,Washington,District of Columbia,2162,2012-05,
20003,Washington,DC,Washington,District of Columbia,2162,2012-06,
20003,Washington,DC,Washington,District of Columbia,2162,2012-07,
20003,Washington,DC,Washington,District of Columbia,2162,2012-08,444.2736
20003,Washington,DC,Washington,District of Columbia,2162,2012-09,456.7822
20003,Washington,DC,Washington,District of Columbia,2162,2012-10,462.6323
20003,Washington,DC,Washington,District of Columbia,2162,2012-11,468.4247
20003,Washington,DC,Washington,District of Columbia,2162,2012-12,460.1227
20003,Washington,DC,Washington,District of Columbia,2162,2013-01,455.2472
20003,Washington,DC,Washington,District of Columbia,2162,2013-02,480.649
20003,Washington,DC,Washington,District of Columbia,2162,2013-03,476.2103
20003,Washington,DC,Washington,District of Columbia,2162,2013-04,494.2886
20003,Washington,DC,Washington,District of Columbia,2162,2013-05,491.9825
20003,Washington,DC,Washington,District of Columbia,2162,2013-06,499.933
20003,Washington,DC,Washington,District of Columbia,2162,2013-07,503.5194
20003,Washington,DC,Washington,District of Columbia,2162,2013-08,516.6667
20003,Washington,DC,Washington,District of Columbia,2162,2013-09,511.1524
20003,Washington,DC,Washington,District of Columbia,2162,2013-10,492.1867
20003,Washington,DC,Washington,District of Columbia,2162,2013-11,492.1867
20003,Washington,DC,Washington,District of Columbia,2162,2013-12,509.1292
20003,Washington,DC,Washington,District of Columbia,2162,2014-01,535.5664
20003,Washington,DC,Washington,District of Columbia,2162,2014-02,530.4796
20003,Washington,DC,Washington,District of Columbia,2162,2014-03,536.0497
20003,Washington,DC,Washington,District of Columbia,2162,2014-04,535.2183
20003,Washington,DC,Washington,District of Columbia,2162,2014-05,535.1912
20003,Washington,DC,Washington,District of Columbia,2162,2014-06,522.2063
20003,Washington,DC,Washington,District of Columbia,2162,2014-07,523.0687
20003,Washington,DC,Washington,District of Columbia,2162,2014-08,527.5987
20003,Washington,DC,Washington,District of Columbia,2162,2014-09,552.045
20003,Washington,DC,Washington,District of Columbia,2162,2014-10,524.5552
20003,Washington,DC,Washington,District of Columbia,2162,2014-11,522.6843
20003,Washington,DC,Washington,District of Columbia,2162,2014-12,528.8462
20003,Washington,DC,Washington,District of Columbia,2162,2015-01,575.0577
20003,Washington,DC,Washington,District of Columbia,2162,2015-02,541.4157
20003,Washington,DC,Washington,District of Columbia,2162,2015-03,554.642
20003,Washington,DC,Washington,District of Columbia,2162,2015-04,563.302
20003,Washington,DC,Washington,District of Columbia,2162,2015-05,558.8942
20003,Washington,DC,Washington,District of Columbia,2162,2015-06,552.8045
20003,Washington,DC,Washington,District of Columbia,2162,2015-07,542.4026
20003,Washington,DC,Washington,District of Columbia,2162,2015-08,544.6498
20003,Washington,DC,Washington,District of Columbia,2162,2015-09,548.3865
20003,Washington,DC,Washington,District of Columbia,2162,2015-10,567.0554
20003,Washington,DC,Washington,District of Columbia,2162,2015-11,564.494
20003,Washington,DC,Washington,District of Columbia,2162,2015-12,561.9374
20003,Washington,DC,Washington,District of Columbia,2162,2016-01,561.4334
20003,Washington,DC,Washington,District of Columbia,2162,2016-02,573.2044
20003,Washington,DC,Washington,District of Columbia,2162,2016-03,561.8971
20003,Washington,DC,Washington,District of Columbia,2162,2016-04,554.2794
20003,Washington,DC,Washington,District of Columbia,2162,2016-05,554.0865
20003,Washington,DC,Washington,District of Columbia,2162,2016-06,563.1034
20003,Washington,DC,Washington,District of Columbia,2162,2016-07,568.2359
20003,Washington,DC,Washington,District of Columbia,2162,2016-08,573.9224
20010,Washington,DC,Washington,District of Columbia,2606,2010-01,
20010,Washington,DC,Washington,District of Columbia,2606,2010-02,
20010,Washington,DC,Washington,District of Columbia,2606,2010-03,
20010,Washington,DC,Washington,District of Columbia,2606,2010-04,
20010,Washington,DC,Washington,District of Columbia,2606,2010-05,
20010,Washington,DC,Washington,District of Columbia,2606,2010-06,
20010,Washington,DC,Washington,District of Columbia,2606,2010-07,
20010,Washington,DC,Washington,District of Columbia,2606,2010-08,
20010,Washington,DC,Washington,District of Columbia,2606,2010-09,
20010,Washington,DC,Washington,District of Columbia,2606,2010-10,
20010,Washington,DC,Washington,District of Columbia,2606,2010-11,
20010,Washington,DC,Washington,District of Columbia,2606,2010-12,
20010,Washington,DC,Washington,District of Columbia,2606,2011-01,
20010,Washington,DC,Washington,District of Columbia,2606,2011-02,
20010,Washington,DC,Washington,District of Columbia,2606,2011-03,
20010,Washington,DC,Washington,District of Columbia,2606,2011-04,
20010,Washington,DC,Washington,District of Columbia,2606,2011-05,
20010,Washington,DC,Washington,District of Columbia,2606,2011-06,
20010,Washington,DC,Washington,District of Columbia,2606,2011-07,
20010,Washington,DC,Washington,District of Columbia,2606,2011-08,
20010,Washington,DC,Washington,District of Columbia,2606,2011-09,
20010,Washington,DC,Washington,District of Columbia,2606,2011-10,
20010,Washington,DC,Washington,District of Columbia,2606,2011-11,
20010,Washington,DC,Washington,District of Columbia,2606,2011-12,
20010,Washington,DC,Washington,District of Columbia,2606,2012-01,
20010,Washington,DC,Washington,District of Columbia,2606,2012-02,
20010,Washington,DC,Washington,District of Columbia,2606,2012-03,
20010,Washington,DC,Washington,District of Columbia,2606,2012-04,
20010,Washington,DC,Washington,District of Columbia,2606,2012-05,
20010,Washington,DC,Washington,District of Columbia,2606,2012-06,
20010,Washington,DC,Washington,District of Columbia,2606,2012-07,
20010,Washington,DC,Washington,District of Columbia,2606,2012-08,399.1667
20010,Washington,DC,Washington,District of Columbia,2606,2012-09,414.7465
20010,Washington,DC,Washington,District of Columbia,2606,2012-10,428.8657
20010,Washington,DC,Washington,District of Columbia,2606,2012-11,431.6667
20010,Washington,DC,Washington,District of Columbia,2606,2012-12,434.7826
20010,Washington,DC,Washington,District of Columbia,2606,2013-01,407.1732
20010,Washington,DC,Washington,District of Columbia,2606,2013-02,424.4344
20010,Washington,DC,Washington,District of Columbia,2606,2013-03,426.7858
20010,Washington,DC,Washington,District of Columbia,2606,2013-04,469.0207
20010,Washington,DC,Washington,District of Columbia,2606,2013-05,434.2791
20010,Washington,DC,Washington,District of Columbia,2606,2013-06,450.8115
20010,Washington,DC,Washington,District of Columbia,2606,2013-07,450.8115
20010,Washington,DC,Washington,District of Columbia,2606,2013-08,462.6137
20010,Washington,DC,Washington,District of Columbia,2606,2013-09,474.7225
20010,Washington,DC,Washington,District of Columbia,2606,2013-10,477.2908
20010,Washington,DC,Washington,District of Columbia,2606,2013-11,507.3197
20010,Washington,DC,Washington,District of Columbia,2606,2013-12,504.4784
20010,Washington,DC,Washington,District of Columbia,2606,2014-01,465.359
20010,Washington,DC,Washington,District of Columbia,2606,2014-02,492.4592
20010,Washington,DC,Washington,District of Columbia,2606,2014-03,457.0558
20010,Washington,DC,Washington,District of Columbia,2606,2014-04,473.4366
20010,Washington,DC,Washington,District of Columbia,2606,2014-05,479.8894
20010,Washington,DC,Washington,District of Columbia,2606,2014-06,498.2181
20010,Washington,DC,Washington,District of Columbia,2606,2014-07,494.9683
20010,Washington,DC,Washington,District of Columbia,2606,2014-08,498.2181
20010,Washington,DC,Washington,District of Columbia,2606,2014-09,499.6875
20010,Washington,DC,Washington,District of Columbia,2606,2014-10,488.9519
20010,Washington,DC,Washington,District of Columbia,2606,2014-11,486.1678
20010,Washington,DC,Washington,District of Columbia,2606,2014-12,480.7947
20010,Washington,DC,Washington,District of Columbia,2606,2015-01,478.6482
20010,Washington,DC,Washington,District of Columbia,2606,2015-02,510.5953
20010,Washington,DC,Washington,District of Columbia,2606,2015-03,506.0057
20010,Washington,DC,Washington,District of Columbia,2606,2015-04,502.6121
20010,Washington,DC,Washington,District of Columbia,2606,2015-05,498.3954
20010,Washington,DC,Washington,District of Columbia,2606,2015-06,497.5629
20010,Washington,DC,Washington,District of Columbia,2606,2015-07,496.7044
20010,Washington,DC,Washington,District of Columbia,2606,2015-08,499.4147
20010,Washington,DC,Washington,District of Columbia,2606,2015-09,500
20010,Washington,DC,Washington,District of Columbia,2606,2015-10,502.2489
20010,Washington,DC,Washington,District of Columbia,2606,2015-11,491.888
20010,Washington,DC,Washington,District of Columbia,2606,2015-12,495.3506
20010,Washington,DC,Washington,District of Columbia,2606,2016-01,485.6008
20010,Washington,DC,Washington,District of Columbia,2606,2016-02,478.8746
20010,Washington,DC,Washington,District of Columbia,2606,2016-03,493.7548
20010,Washington,DC,Washington,District of Columbia,2606,2016-04,509.5658
20010,Washington,DC,Washington,District of Columbia,2606,2016-05,520.3252
20010,Washington,DC,Washington,District of Columbia,2606,2016-06,513.4821
20010,Washington,DC,Washington,District of Columbia,2606,2016-07,507.6207
20010,Washington,DC,Washington,District of Columbia,2606,2016-08,510.7194
20007,Washington,DC,Washington,District of Columbia,2619,2010-01,612.6498
20007,Washington,DC,Washington,District of Columbia,2619,2010-02,595.1613
20007,Washington,DC,Washington,District of Columbia,2619,2010-03,577.948
20007,Washington,DC,Washington,District of Columbia,2619,2010-04,580.756
20007,Washington,DC,Washington,District of Columbia,2619,2010-05,578.4022
20007,Washington,DC,Washington,District of Columbia,2619,2010-06,562.2995
20007,Washington,DC,Washington,District of Columbia,2619,2010-07,579.7514
20007,Washington,DC,Washington,District of Columbia,2619,2010-08,583.1596
20007,Washington,DC,Washington,District of Columbia,2619,2010-09,583.2619
20007,Washington,DC,Washington,District of Columbia,2619,2010-10,607.2961
20007,Washington,DC,Washington,District of Columbia,2619,2010-11,601.1599
20007,Washington,DC,Washington,District of Columbia,2619,2010-12,606.441
20007,Washington,DC,Washington,District of Columbia,2619,2011-01,612.8668
20007,Washington,DC,Washington,District of Columbia,2619,2011-02,593.7706
20007,Washington,DC,Washington,District of Columbia,2619,2011-03,585.9504
20007,Washington,DC,Washington,District of Columbia,2619,2011-04,593.8921
20007,Washington,DC,Washington,District of Columbia,2619,2011-05,583.3333
20007,Washington,DC,Washington,District of Columbia,2619,2011-06,582.0447
20007,Washington,DC,Washington,District of Columbia,2619,2011-07,500
20007,Washington,DC,Washington,District of Columbia,2619,2011-08,578.0996
20007,Washington,DC,Washington,District of Columbia,2619,2011-09,575
20007,Washington,DC,Washington,District of Columbia,2619,2011-10,589.2449
20007,Washington,DC,Washington,District of Columbia,2619,2011-11,576.6029
20007,Washington,DC,Washington,District of Columbia,2619,2011-12,577.4332
20007,Washington,DC,Washington,District of Columbia,2619,2012-01,573.763
20007,Washington,DC,Washington,District of Columbia,2619,2012-02,573.6842
20007,Washington,DC,Washington,District of Columbia,2619,2012-03,573.8545
20007,Washington,DC,Washington,District of Columbia,2619,2012-04,598.9474
20007,Washington,DC,Washington,District of Columbia,2619,2012-05,597.4272
20007,Washington,DC,Washington,District of Columbia,2619,2012-06,581.2896
20007,Washington,DC,Washington,District of Columbia,2619,2012-07,588.0622
20007,Washington,DC,Washington,District of Columbia,2619,2012-08,565.5391
20007,Washington,DC,Washington,District of Columbia,2619,2012-09,588.551
20007,Washington,DC,Washington,District of Columbia,2619,2012-10,601.4184
20007,Washington,DC,Washington,District of Columbia,2619,2012-11,621.4384
20007,Washington,DC,Washington,District of Columbia,2619,2012-12,640.9439
20007,Washington,DC,Washington,District of Columbia,2619,2013-01,605.3812
20007,Washington,DC,Washington,District of Columbia,2619,2013-02,593.8462
20007,Washington,DC,Washington,District of Columbia,2619,2013-03,613.7352
20007,Washington,DC,Washington,District of Columbia,2619,2013-04,621.2536
20007,Washington,DC,Washington,District of Columbia,2619,2013-05,648.1481
20007,Washington,DC,Washington,District of Columbia,2619,2013-06,622.5439
20007,Washington,DC,Washington,District of Columbia,2619,2013-07,603.0843
20007,Washington,DC,Washington,District of Columbia,2619,2013-08,610.0158
20007,Washington,DC,Washington,District of Columbia,2619,2013-09,603.5811
20007,Washington,DC,Washington,District of Columbia,2619,2013-10,619.1047
20007,Washington,DC,Washington,District of Columbia,2619,2013-11,616.5879
20007,Washington,DC,Washington,District of Columbia,2619,2013-12,606.9279
20007,Washington,DC,Washington,District of Columbia,2619,2014-01,605.572
20007,Washington,DC,Washington,District of Columbia,2619,2014-02,652.8418
20007,Washington,DC,Washington,District of Columbia,2619,2014-03,630.1205
20007,Washington,DC,Washington,District of Columbia,2619,2014-04,622.4058
20007,Washington,DC,Washington,District of Columbia,2619,2014-05,603.4483
20007,Washington,DC,Washington,District of Columbia,2619,2014-06,604.5574
20007,Washington,DC,Washington,District of Columbia,2619,2014-07,593.271
20007,Washington,DC,Washington,District of Columbia,2619,2014-08,582.7213
20007,Washington,DC,Washington,District of Columbia,2619,2014-09,598.5868
20007,Washington,DC,Washington,District of Columbia,2619,2014-10,625
20007,Washington,DC,Washington,District of Columbia,2619,2014-11,656.4286
20007,Washington,DC,Washington,District of Columbia,2619,2014-12,656.3393
20007,Washington,DC,Washington,District of Columbia,2619,2015-01,630.5643
20007,Washington,DC,Washington,District of Columbia,2619,2015-02,618.3862
20007,Washington,DC,Washington,District of Columbia,2619,2015-03,637.1608
20007,Washington,DC,Washington,District of Columbia,2619,2015-04,655.9413
20007,Washington,DC,Washington,District of Columbia,2619,2015-05,651.7097
20007,Washington,DC,Washington,District of Columbia,2619,2015-06,632.0755
20007,Washington,DC,Washington,District of Columbia,2619,2015-07,606.6522
20007,Washington,DC,Washington,District of Columbia,2619,2015-08,610.2733
20007,Washington,DC,Washington,District of Columbia,2619,2015-09,648.3333
20007,Washington,DC,Washington,District of Columbia,2619,2015-10,634.3367
20007,Washington,DC,Washington,District of Columbia,2619,2015-11,626.4856
20007,Washington,DC,Washington,District of Columbia,2619,2015-12,604.1096
20007,Washington,DC,Washington,District of Columbia,2619,2016-01,618.6693
20007,Washington,DC,Washington,District of Columbia,2619,2016-02,635.7341
20007,Washington,DC,Washington,District of Columbia,2619,2016-03,625.6735
20007,Washington,DC,Washington,District of Columbia,2619,2016-04,630.9116
20007,Washington,DC,Washington,District of Columbia,2619,2016-05,640.1339
20007,Washington,DC,Washington,District of Columbia,2619,2016-06,692.4741
20007,Washington,DC,Washington,District of Columbia,2619,2016-07,687.5942
20007,Washington,DC,Washington,District of Columbia,2619,2016-08,714.3878
20005,Washington,DC,Washington,District of Columbia,5099,2010-01,
20005,Washington,DC,Washington,District of Columbia,5099,2010-02,
20005,Washington,DC,Washington,District of Columbia,5099,2010-03,
20005,Washington,DC,Washington,District of Columbia,5099,2010-04,
20005,Washington,DC,Washington,District of Columbia,5099,2010-05,
20005,Washington,DC,Washington,District of Columbia,5099,2010-06,
20005,Washington,DC,Washington,District of Columbia,5099,2010-07,
20005,Washington,DC,Washington,District of Columbia,5099,2010-08,
20005,Washington,DC,Washington,District of Columbia,5099,2010-09,
20005,Washington,DC,Washington,District of Columbia,5099,2010-10,
20005,Washington,DC,Washington,District of Columbia,5099,2010-11,
20005,Washington,DC,Washington,District of Columbia,5099,2010-12,
20005,Washington,DC,Washington,District of Columbia,5099,2011-01,
20005,Washington,DC,Washington,District of Columbia,5099,2011-02,
20005,Washington,DC,Washington,District of Columbia,5099,2011-03,
20005,Washington,DC,Washington,District of Columbia,5099,2011-04,
20005,Washington,DC,Washington,District of Columbia,5099,2011-05,
20005,Washington,DC,Washington,District of Columbia,5099,2011-06,
20005,Washington,DC,Washington,District of Columbia,5099,2011-07,
20005,Washington,DC,Washington,District of Columbia,5099,2011-08,
20005,Washington,DC,Washington,District of Columbia,5099,2011-09,
20005,Washington,DC,Washington,District of Columbia,5099,2011-10,
20005,Washington,DC,Washington,District of Columbia,5099,2011-11,
20005,Washington,DC,Washington,District of Columbia,5099,2011-12,
20005,Washington,DC,Washington,District of Columbia,5099,2012-01,
20005,Washington,DC,Washington,District of Columbia,5099,2012-02,
20005,Washington,DC,Washington,District of Columbia,5099,2012-03,
20005,Washington,DC,Washington,District of Columbia,5099,2012-04,
20005,Washington,DC,Washington,District of Columbia,5099,2012-05,
20005,Washington,DC,Washington,District of Columbia,5099,2012-06,
20005,Washington,DC,Washington,District of Columbia,5099,2012-07,
20005,Washington,DC,Washington,District of Columbia,5099,2012-08,
20005,Washington,DC,Washington,District of Columbia,5099,2012-09,
20005,Washington,DC,Washington,District of Columbia,5099,2012-10,
20005,Washington,DC,Washington,District of Columbia,5099,2012-11,
20005,Washington,DC,Washington,District of Columbia,5099,2012-12,
20005,Washington,DC,Washington,District of Columbia,5099,2013-01,
20005,Washington,DC,Washington,District of Columbia,5099,2013-02,
20005,Washington,DC,Washington,District of Columbia,5099,2013-03,
20005,Washington,DC,Washington,District of Columbia,5099,2013-04,
20005,Washington,DC,Washington,District of Columbia,5099,2013-05,
20005,Washington,DC,Washington,District of Columbia,5099,2013-06,
20005,Washington,DC,Washington,District of Columbia,5099,2013-07,
20005,Washington,DC,Washington,District of Columbia,5099,2013-08,
20005,Washington,DC,Washington,District of Columbia,5099,2013-09,
20005,Washington,DC,Washington,District of Columbia,5099,2013-10,
20005,Washington,DC,Washington,District of Columbia,5099,2013-11,
20005,Washington,DC,Washington,District of Columbia,5099,2013-12,
20005,Washington,DC,Washington,District of Columbia,5099,2014-01,
20005,Washington,DC,Washington,District of Columbia,5099,2014-02,
20005,Washington,DC,Washington,District of Columbia,5099,2014-03,
20005,Washington,DC,Washington,District of Columbia,5099,2014-04,
20005,Washington,DC,Washington,District of Columbia,5099,2014-05,
20005,Washington,DC,Washington,District of Columbia,5099,2014-06,
20005,Washington,DC,Washington,District of Columbia,5099,2014-07,
20005,Washington,DC,Washington,District of Columbia,5099,2014-08,
20005,Washington,DC,Washington,District of Columbia,5099,2014-09,
20005,Washington,DC,Washington,District of Columbia,5099,2014-10,
20005,Washington,DC,Washington,District of Columbia,5099,2014-11,
20005,Washington,DC,Washington,District of Columbia,5099,2014-12,
20005,Washington,DC,Washington,District of Columbia,5099,2015-01,
20005,Washington,DC,Washington,District of Columbia,5099,2015-02,
20005,Washington,DC,Washington,District of Columbia,5099,2015-03,598.0693
20005,Washington,DC,Washington,District of Columbia,5099,2015-04,612.0072
20005,Washington,DC,Washington,District of Columbia,5099,2015-05,631.3068
20005,Washington,DC,Washington,District of Columbia,5099,2015-06,628.6645
20005,Washington,DC,Washington,District of Columbia,5099,2015-07,595.7162
20005,Washington,DC,Washington,District of Columbia,5099,2015-08,600.75
20005,Washington,DC,Washington,District of Columbia,5099,2015-09,619.3581
20005,Washington,DC,Washington,District of Columbia,5099,2015-10,630.6193
20005,Washington,DC,Washington,District of Columbia,5099,2015-11,638.4073
20005,Washington,DC,Washington,District of Columbia,5099,2015-12,637.436
20005,Washington,DC,Washington,District of Columbia,5099,2016-01,630.7918
20005,Washington,DC,Washington,District of Columbia,5099,2016-02,646.4363
20005,Washington,DC,Washington,District of Columbia,5099,2016-03,630.7571
20005,Washington,DC,Washington,District of Columbia,5099,2016-04,627.5923
20005,Washington,DC,Washington,District of Columbia,5099,2016-05,653.6923
20005,Washington,DC,Washington,District of Columbia,5099,2016-06,654.0755
20005,Washington,DC,Washington,District of Columbia,5099,2016-07,639.4231
20005,Washington,DC,Washington,District of Columbia,5099,2016-08,660.0382
20017,Washington,DC,Washington,District of Columbia,5283,2010-01,
20017,Washington,DC,Washington,District of Columbia,5283,2010-02,
20017,Washington,DC,Washington,District of Columbia,5283,2010-03,
20017,Washington,DC,Washington,District of Columbia,5283,2010-04,
20017,Washington,DC,Washington,District of Columbia,5283,2010-05,
20017,Washington,DC,Washington,District of Columbia,5283,2010-06,
20017,Washington,DC,Washington,District of Columbia,5283,2010-07,
20017,Washington,DC,Washington,District of Columbia,5283,2010-08,
20017,Washington,DC,Washington,District of Columbia,5283,2010-09,
20017,Washington,DC,Washington,District of Columbia,5283,2010-10,
20017,Washington,DC,Washington,District of Columbia,5283,2010-11,
20017,Washington,DC,Washington,District of Columbia,5283,2010-12,
20017,Washington,DC,Washington,District of Columbia,5283,2011-01,
20017,Washington,DC,Washington,District of Columbia,5283,2011-02,
20017,Washington,DC,Washington,District of Columbia,5283,2011-03,
20017,Washington,DC,Washington,District of Columbia,5283,2011-04,
20017,Washington,DC,Washington,District of Columbia,5283,2011-05,
20017,Washington,DC,Washington,District of Columbia,5283,2011-06,
20017,Washington,DC,Washington,District of Columbia,5283,2011-07,
20017,Washington,DC,Washington,District of Columbia,5283,2011-08,
20017,Washington,DC,Washington,District of Columbia,5283,2011-09,
20017,Washington,DC,Washington,District of Columbia,5283,2011-10,
20017,Washington,DC,Washington,District of Columbia,5283,2011-11,
20017,Washington,DC,Washington,District of Columbia,5283,2011-12,
20017,Washington,DC,Washington,District of Columbia,5283,2012-01,
20017,Washington,DC,Washington,District of Columbia,5283,2012-02,
20017,Washington,DC,Washington,District of Columbia,5283,2012-03,
20017,Washington,DC,Washington,District of Columbia,5283,2012-04,
20017,Washington,DC,Washington,District of Columbia,5283,2012-05,
20017,Washington,DC,Washington,District of Columbia,5283,2012-06,
20017,Washington,DC,Washington,District of Columbia,5283,2012-07,
20017,Washington,DC,Washington,District of Columbia,5283,2012-08,279.2851
20017,Washington,DC,Washington,District of Columbia,5283,2012-09,278.6063
20017,Washington,DC,Washington,District of Columbia,5283,2012-10,281.0782
20017,Washington,DC,Washington,District of Columbia,5283,2012-11,275.0543
20017,Washington,DC,Washington,District of Columbia,5283,2012-12,279.4759
20017,Washington,DC,Washington,District of Columbia,5283,2013-01,296.1466
20017,Washington,DC,Washington,District of Columbia,5283,2013-02,283.3807
20017,Washington,DC,Washington,District of Columbia,5283,2013-03,283.3807
20017,Washington,DC,Washington,District of Columbia,5283,2013-04,312.6023
20017,Washington,DC,Washington,District of Columbia,5283,2013-05,331.2062
20017,Washington,DC,Washington,District of Columbia,5283,2013-06,321.7054
20017,Washington,DC,Washington,District of Columbia,5283,2013-07,336.5345
20017,Washington,DC,Washington,District of Columbia,5283,2013-08,335.5474
20017,Washington,DC,Washington,District of Columbia,5283,2013-09,320.3607
20017,Washington,DC,Washington,District of Columbia,5283,2013-10,319.4726
20017,Washington,DC,Washington,District of Columbia,5283,2013-11,319.4726
20017,Washington,DC,Washington,District of Columbia,5283,2013-12,338.0179
20017,Washington,DC,Washington,District of Columbia,5283,2014-01,339.0632
20017,Washington,DC,Washington,District of Columbia,5283,2014-02,342.6002
20017,Washington,DC,Washington,District of Columbia,5283,2014-03,346.1986
20017,Washington,DC,Washington,District of Columbia,5283,2014-04,342.6298
20017,Washington,DC,Washington,District of Columbia,5283,2014-05,356.6964
20017,Washington,DC,Washington,District of Columbia,5283,2014-06,341.1905
20017,Washington,DC,Washington,District of Columbia,5283,2014-07,343.625
20017,Washington,DC,Washington,District of Columbia,5283,2014-08,333.3324
20017,Washington,DC,Washington,District of Columbia,5283,2014-09,327.0609
20017,Washington,DC,Washington,District of Columbia,5283,2014-10,372.3086
20017,Washington,DC,Washington,District of Columbia,5283,2014-11,374.6356
20017,Washington,DC,Washington,District of Columbia,5283,2014-12,363.0515
20017,Washington,DC,Washington,District of Columbia,5283,2015-01,332.0363
20017,Washington,DC,Washington,District of Columbia,5283,2015-02,314.6181
20017,Washington,DC,Washington,District of Columbia,5283,2015-03,327.4067
20017,Washington,DC,Washington,District of Columbia,5283,2015-04,339.5904
20017,Washington,DC,Washington,District of Columbia,5283,2015-05,381.0162
20017,Washington,DC,Washington,District of Columbia,5283,2015-06,398.005
20017,Washington,DC,Washington,District of Columbia,5283,2015-07,396.7328
20017,Washington,DC,Washington,District of Columbia,5283,2015-08,397.3689
20017,Washington,DC,Washington,District of Columbia,5283,2015-09,395.8121
20017,Washington,DC,Washington,District of Columbia,5283,2015-10,385.5508
20017,Washington,DC,Washington,District of Columbia,5283,2015-11,386.2438
20017,Washington,DC,Washington,District of Columbia,5283,2015-12,379.8051
20017,Washington,DC,Washington,District of Columbia,5283,2016-01,400.4576
20017,Washington,DC,Washington,District of Columbia,5283,2016-02,408.8235
20017,Washington,DC,Washington,District of Columbia,5283,2016-03,414.2459
20017,Washington,DC,Washington,District of Columbia,5283,2016-04,416.9689
20017,Washington,DC,Washington,District of Columbia,5283,2016-05,425.2427
20017,Washington,DC,Washington,District of Columbia,5283,2016-06,425.3665
20017,Washington,DC,Washington,District of Columbia,5283,2016-07,442.6215
20017,Washington,DC,Washington,District of Columbia,5283,2016-08,449.4943
20018,Washington,DC,Washington,District of Columbia,5377,2010-01,
20018,Washington,DC,Washington,District of Columbia,5377,2010-02,
20018,Washington,DC,Washington,District of Columbia,5377,2010-03,
20018,Washington,DC,Washington,District of Columbia,5377,2010-04,
20018,Washington,DC,Washington,District of Columbia,5377,2010-05,
20018,Washington,DC,Washington,District of Columbia,5377,2010-06,
20018,Washington,DC,Washington,District of Columbia,5377,2010-07,
20018,Washington,DC,Washington,District of Columbia,5377,2010-08,
20018,Washington,DC,Washington,District of Columbia,5377,2010-09,
20018,Washington,DC,Washington,District of Columbia,5377,2010-10,
20018,Washington,DC,Washington,District of Columbia,5377,2010-11,
20018,Washington,DC,Washington,District of Columbia,5377,2010-12,
20018,Washington,DC,Washington,District of Columbia,5377,2011-01,
20018,Washington,DC,Washington,District of Columbia,5377,2011-02,
20018,Washington,DC,Washington,District of Columbia,5377,2011-03,
20018,Washington,DC,Washington,District of Columbia,5377,2011-04,
20018,Washington,DC,Washington,District of Columbia,5377,2011-05,
20018,Washington,DC,Washington,District of Columbia,5377,2011-06,
20018,Washington,DC,Washington,District of Columbia,5377,2011-07,
20018,Washington,DC,Washington,District of Columbia,5377,2011-08,
20018,Washington,DC,Washington,District of Columbia,5377,2011-09,
20018,Washington,DC,Washington,District of Columbia,5377,2011-10,
20018,Washington,DC,Washington,District of Columbia,5377,2011-11,
20018,Washington,DC,Washington,District of Columbia,5377,2011-12,
20018,Washington,DC,Washington,District of Columbia,5377,2012-01,
20018,Washington,DC,Washington,District of Columbia,5377,2012-02,
20018,Washington,DC,Washington,District of Columbia,5377,2012-03,
20018,Washington,DC,Washington,District of Columbia,5377,2012-04,
20018,Washington,DC,Washington,District of Columbia,5377,2012-05,
20018,Washington,DC,Washington,District of Columbia,5377,2012-06,
20018,Washington,DC,Washington,District of Columbia,5377,2012-07,
20018,Washington,DC,Washington,District of Columbia,5377,2012-08,
20018,Washington,DC,Washington,District of Columbia,5377,2012-09,
20018,Washington,DC,Washington,District of Columbia,5377,2012-10,
20018,Washington,DC,Washington,District of Columbia,5377,2012-11,
20018,Washington,DC,Washington,District of Columbia,5377,2012-12,
20018,Washington,DC,Washington,District of Columbia,5377,2013-01,
20018,Washington,DC,Washington,District of Columbia,5377,2013-02,
20018,Washington,DC,Washington,District of Columbia,5377,2013-03,
20018,Washington,DC,Washington,District of Columbia,5377,2013-04,
20018,Washington,DC,Washington,District of Columbia,5377,2013-05,
20018,Washington,DC,Washington,District of Columbia,5377,2013-06,
20018,Washington,DC,Washington,District of Columbia,5377,2013-07,
20018,Washington,DC,Washington,District of Columbia,5377,2013-08,
20018,Washington,DC,Washington,District of Columbia,5377,2013-09,
20018,Washington,DC,Washington,District of Columbia,5377,2013-10,264.1832
20018,Washington,DC,Washington,District of Columbia,5377,2013-11,264.8128
20018,Washington,DC,Washington,District of Columbia,5377,2013-12,271.2399
20018,Washington,DC,Washington,District of Columbia,5377,2014-01,254.7185
20018,Washington,DC,Washington,District of Columbia,5377,2014-02,258.3026
20018,Washington,DC,Washington,District of Columbia,5377,2014-03,265.6188
20018,Washington,DC,Washington,District of Columbia,5377,2014-04,269.5883
20018,Washington,DC,Washington,District of Columbia,5377,2014-05,283.7707
20018,Washington,DC,Washington,District of Columbia,5377,2014-06,279.7708
20018,Washington,DC,Washington,District of Columbia,5377,2014-07,271.2325
20018,Washington,DC,Washington,District of Columbia,5377,2014-08,267.6332
20018,Washington,DC,Washington,District of Columbia,5377,2014-09,259.8061
20018,Washington,DC,Washington,District of Columbia,5377,2014-10,276.0622
20018,Washington,DC,Washington,District of Columbia,5377,2014-11,271.8688
20018,Washington,DC,Washington,District of Columbia,5377,2014-12,301.7923
20018,Washington,DC,Washington,District of Columbia,5377,2015-01,270.1423
20018,Washington,DC,Washington,District of Columbia,5377,2015-02,271.8688
20018,Washington,DC,Washington,District of Columbia,5377,2015-03,286.8517
20018,Washington,DC,Washington,District of Columbia,5377,2015-04,302.9149
20018,Washington,DC,Washington,District of Columbia,5377,2015-05,296.6322
20018,Washington,DC,Washington,District of Columbia,5377,2015-06,296.6322
20018,Washington,DC,Washington,District of Columbia,5377,2015-07,299.06
20018,Washington,DC,Washington,District of Columbia,5377,2015-08,302.2572
20018,Washington,DC,Washington,District of Columbia,5377,2015-09,324.3506
20018,Washington,DC,Washington,District of Columbia,5377,2015-10,321.8862
20018,Washington,DC,Washington,District of Columbia,5377,2015-11,317.4286
20018,Washington,DC,Washington,District of Columbia,5377,2015-12,298.2955
20018,Washington,DC,Washington,District of Columbia,5377,2016-01,324.2075
20018,Washington,DC,Washington,District of Columbia,5377,2016-02,327.9624
20018,Washington,DC,Washington,District of Columbia,5377,2016-03,317.202
20018,Washington,DC,Washington,District of Columbia,5377,2016-04,329.868
20018,Washington,DC,Washington,District of Columbia,5377,2016-05,335.3011
20018,Washington,DC,Washington,District of Columbia,5377,2016-06,341.6878
20018,Washington,DC,Washington,District of Columbia,5377,2016-07,352.0799
20018,Washington,DC,Washington,District of Columbia,5377,2016-08,344.8153
20037,Washington,DC,Washington,District of Columbia,5823,2010-01,548.1419
20037,Washington,DC,Washington,District of Columbia,5823,2010-02,541.8535
20037,Washington,DC,Washington,District of Columbia,5823,2010-03,559.8813
20037,Washington,DC,Washington,District of Columbia,5823,2010-04,562.5
20037,Washington,DC,Washington,District of Columbia,5823,2010-05,569.738
20037,Washington,DC,Washington,District of Columbia,5823,2010-06,572.6429
20037,Washington,DC,Washington,District of Columbia,5823,2010-07,569.4761
20037,Washington,DC,Washington,District of Columbia,5823,2010-08,557.6426
20037,Washington,DC,Washington,District of Columbia,5823,2010-09,560.2041
20037,Washington,DC,Washington,District of Columbia,5823,2010-10,574.9023
20037,Washington,DC,Washington,District of Columbia,5823,2010-11,578.9474
20037,Washington,DC,Washington,District of Columbia,5823,2010-12,561.2889
20037,Washington,DC,Washington,District of Columbia,5823,2011-01,555.6133
20037,Washington,DC,Washington,District of Columbia,5823,2011-02,547.3856
20037,Washington,DC,Washington,District of Columbia,5823,2011-03,544.3934
20037,Washington,DC,Washington,District of Columbia,5823,2011-04,542.5714
20037,Washington,DC,Washington,District of Columbia,5823,2011-05,541.9864
20037,Washington,DC,Washington,District of Columbia,5823,2011-06,544.9797
20037,Washington,DC,Washington,District of Columbia,5823,2011-07,535.7143
20037,Washington,DC,Washington,District of Columbia,5823,2011-08,549.1607
20037,Washington,DC,Washington,District of Columbia,5823,2011-09,545.1237
20037,Washington,DC,Washington,District of Columbia,5823,2011-10,546.68
20037,Washington,DC,Washington,District of Columbia,5823,2011-11,540.404
20037,Washington,DC,Washington,District of Columbia,5823,2011-12,523.8924
20037,Washington,DC,Washington,District of Columbia,5823,2012-01,474.1667
20037,Washington,DC,Washington,District of Columbia,5823,2012-02,485.2831
20037,Washington,DC,Washington,District of Columbia,5823,2012-03,497.5793
20037,Washington,DC,Washington,District of Columbia,5823,2012-04,563.3641
20037,Washington,DC,Washington,District of Columbia,5823,2012-05,563.3641
20037,Washington,DC,Washington,District of Columbia,5823,2012-06,573.4262
20037,Washington,DC,Washington,District of Columbia,5823,2012-07,517.976
20037,Washington,DC,Washington,District of Columbia,5823,2012-08,522.5139
20037,Washington,DC,Washington,District of Columbia,5823,2012-09,529.1777
20037,Washington,DC,Washington,District of Columbia,5823,2012-10,530.9494
20037,Washington,DC,Washington,District of Columbia,5823,2012-11,496.614
20037,Washington,DC,Washington,District of Columbia,5823,2012-12,509.245
20037,Washington,DC,Washington,District of Columbia,5823,2013-01,543.3382
20037,Washington,DC,Washington,District of Columbia,5823,2013-02,496.614
20037,Washington,DC,Washington,District of Columbia,5823,2013-03,506.3766
20037,Washington,DC,Washington,District of Columbia,5823,2013-04,564.3993
20037,Washington,DC,Washington,District of Columbia,5823,2013-05,568.1982
20037,Washington,DC,Washington,District of Columbia,5823,2013-06,563.1659
20037,Washington,DC,Washington,District of Columbia,5823,2013-07,575.6698
20037,Washington,DC,Washington,District of Columbia,5823,2013-08,575.6698
20037,Washington,DC,Washington,District of Columbia,5823,2013-09,654.6863
20037,Washington,DC,Washington,District of Columbia,5823,2013-10,597.9499
20037,Washington,DC,Washington,District of Columbia,5823,2013-11,580.3335
20037,Washington,DC,Washington,District of Columbia,5823,2013-12,542.0944
20037,Washington,DC,Washington,District of Columbia,5823,2014-01,544.488
20037,Washington,DC,Washington,District of Columbia,5823,2014-02,564.4682
20037,Washington,DC,Washington,District of Columbia,5823,2014-03,564.4682
20037,Washington,DC,Washington,District of Columbia,5823,2014-04,586.5856
20037,Washington,DC,Washington,District of Columbia,5823,2014-05,608.3568
20037,Washington,DC,Washington,District of Columbia,5823,2014-06,601.5936
20037,Washington,DC,Washington,District of Columbia,5823,2014-07,590.1793
20037,Washington,DC,Washington,District of Columbia,5823,2014-08,561.8375
20037,Washington,DC,Washington,District of Columbia,5823,2014-09,579.7497
20037,Washington,DC,Washington,District of Columbia,5823,2014-10,594.8989
20037,Washington,DC,Washington,District of Columbia,5823,2014-11,589.9772
20037,Washington,DC,Washington,District of Columbia,5823,2014-12,588.1373
20037,Washington,DC,Washington,District of Columbia,5823,2015-01,591.2062
20037,Washington,DC,Washington,District of Columbia,5823,2015-02,576.2411
20037,Washington,DC,Washington,District of Columbia,5823,2015-03,579.8535
20037,Washington,DC,Washington,District of Columbia,5823,2015-04,579.3226
20037,Washington,DC,Washington,District of Columbia,5823,2015-05,535.8739
20037,Washington,DC,Washington,District of Columbia,5823,2015-06,557.4086
20037,Washington,DC,Washington,District of Columbia,5823,2015-07,544.5974
20037,Washington,DC,Washington,District of Columbia,5823,2015-08,568.6176
20037,Washington,DC,Washington,District of Columbia,5823,2015-09,557.4086
20037,Washington,DC,Washington,District of Columbia,5823,2015-10,534.3715
20037,Washington,DC,Washington,District of Columbia,5823,2015-11,541.2293
20037,Washington,DC,Washington,District of Columbia,5823,2015-12,568.6275
20037,Washington,DC,Washington,District of Columbia,5823,2016-01,606.5574
20037,Washington,DC,Washington,District of Columbia,5823,2016-02,550.9574
20037,Washington,DC,Washington,District of Columbia,5823,2016-03,630.454
20037,Washington,DC,Washington,District of Columbia,5823,2016-04,687.3383
20037,Washington,DC,Washington,District of Columbia,5823,2016-05,654.745
20037,Washington,DC,Washington,District of Columbia,5823,2016-06,687.0748
20037,Washington,DC,Washington,District of Columbia,5823,2016-07,687.8212
20037,Washington,DC,Washington,District of Columbia,5823,2016-08,682.3476
20015,Washington,DC,Washington,District of Columbia,6345,2010-01,
20015,Washington,DC,Washington,District of Columbia,6345,2010-02,
20015,Washington,DC,Washington,District of Columbia,6345,2010-03,
20015,Washington,DC,Washington,District of Columbia,6345,2010-04,
20015,Washington,DC,Washington,District of Columbia,6345,2010-05,
20015,Washington,DC,Washington,District of Columbia,6345,2010-06,
20015,Washington,DC,Washington,District of Columbia,6345,2010-07,
20015,Washington,DC,Washington,District of Columbia,6345,2010-08,
20015,Washington,DC,Washington,District of Columbia,6345,2010-09,
20015,Washington,DC,Washington,District of Columbia,6345,2010-10,
20015,Washington,DC,Washington,District of Columbia,6345,2010-11,
20015,Washington,DC,Washington,District of Columbia,6345,2010-12,
20015,Washington,DC,Washington,District of Columbia,6345,2011-01,
20015,Washington,DC,Washington,District of Columbia,6345,2011-02,
20015,Washington,DC,Washington,District of Columbia,6345,2011-03,
20015,Washington,DC,Washington,District of Columbia,6345,2011-04,
20015,Washington,DC,Washington,District of Columbia,6345,2011-05,
20015,Washington,DC,Washington,District of Columbia,6345,2011-06,
20015,Washington,DC,Washington,District of Columbia,6345,2011-07,
20015,Washington,DC,Washington,District of Columbia,6345,2011-08,
20015,Washington,DC,Washington,District of Columbia,6345,2011-09,
20015,Washington,DC,Washington,District of Columbia,6345,2011-10,
20015,Washington,DC,Washington,District of Columbia,6345,2011-11,
20015,Washington,DC,Washington,District of Columbia,6345,2011-12,
20015,Washington,DC,Washington,District of Columbia,6345,2012-01,
20015,Washington,DC,Washington,District of Columbia,6345,2012-02,
20015,Washington,DC,Washington,District of Columbia,6345,2012-03,
20015,Washington,DC,Washington,District of Columbia,6345,2012-04,
20015,Washington,DC,Washington,District of Columbia,6345,2012-05,
20015,Washington,DC,Washington,District of Columbia,6345,2012-06,
20015,Washington,DC,Washington,District of Columbia,6345,2012-07,
20015,Washington,DC,Washington,District of Columbia,6345,2012-08,
20015,Washington,DC,Washington,District of Columbia,6345,2012-09,
20015,Washington,DC,Washington,District of Columbia,6345,2012-10,
20015,Washington,DC,Washington,District of Columbia,6345,2012-11,
20015,Washington,DC,Washington,District of Columbia,6345,2012-12,
20015,Washington,DC,Washington,District of Columbia,6345,2013-01,
20015,Washington,DC,Washington,District of Columbia,6345,2013-02,438.3781
20015,Washington,DC,Washington,District of Columbia,6345,2013-03,463.8222
20015,Washington,DC,Washington,District of Columbia,6345,2013-04,485.8874
20015,Washington,DC,Washington,District of Columbia,6345,2013-05,482.1546
20015,Washington,DC,Washington,District of Columbia,6345,2013-06,448.4174
20015,Washington,DC,Washington,District of Columbia,6345,2013-07,451.7586
20015,Washington,DC,Washington,District of Columbia,6345,2013-08,474.0402
20015,Washington,DC,Washington,District of Columbia,6345,2013-09,483.1002
20015,Washington,DC,Washington,District of Columbia,6345,2013-10,464.8313
20015,Washington,DC,Washington,District of Columbia,6345,2013-11,507.2376
20015,Washington,DC,Washington,District of Columbia,6345,2013-12,513.1666
20015,Washington,DC,Washington,District of Columbia,6345,2014-01,550.8042
20015,Washington,DC,Washington,District of Columbia,6345,2014-02,540.9357
20015,Washington,DC,Washington,District of Columbia,6345,2014-03,513.1666
20015,Washington,DC,Washington,District of Columbia,6345,2014-04,526.6064
20015,Washington,DC,Washington,District of Columbia,6345,2014-05,554.5651
20015,Washington,DC,Washington,District of Columbia,6345,2014-06,496.1686
20015,Washington,DC,Washington,District of Columbia,6345,2014-07,498.782
20015,Washington,DC,Washington,District of Columbia,6345,2014-08,545.007
20015,Washington,DC,Washington,District of Columbia,6345,2014-09,501.0375
20015,Washington,DC,Washington,District of Columbia,6345,2014-10,479.5266
20015,Washington,DC,Washington,District of Columbia,6345,2014-11,479.6399
20015,Washington,DC,Washington,District of Columbia,6345,2014-12,452.5648
20015,Washington,DC,Washington,District of Columbia,6345,2015-01,474.1295
20015,Washington,DC,Washington,District of Columbia,6345,2015-02,527.7628
20015,Washington,DC,Washington,District of Columbia,6345,2015-03,506.0724
20015,Washington,DC,Washington,District of Columbia,6345,2015-04,530.9612
20015,Washington,DC,Washington,District of Columbia,6345,2015-05,530.7377
20015,Washington,DC,Washington,District of Columbia,6345,2015-06,538.9757
20015,Washington,DC,Washington,District of Columbia,6345,2015-07,532.6755
20015,Washington,DC,Washington,District of Columbia,6345,2015-08,514.0351
20015,Washington,DC,Washington,District of Columbia,6345,2015-09,503.9063
20015,Washington,DC,Washington,District of Columbia,6345,2015-10,501.5576
20015,Washington,DC,Washington,District of Columbia,6345,2015-11,503.6269
20015,Washington,DC,Washington,District of Columbia,6345,2015-12,553.7881
20015,Washington,DC,Washington,District of Columbia,6345,2016-01,543.712
20015,Washington,DC,Washington,District of Columbia,6345,2016-02,552.1666
20015,Washington,DC,Washington,District of Columbia,6345,2016-03,563.6364
20015,Washington,DC,Washington,District of Columbia,6345,2016-04,597.71
20015,Washington,DC,Washington,District of Columbia,6345,2016-05,566.7098
20015,Washington,DC,Washington,District of Columbia,6345,2016-06,551.471
20015,Washington,DC,Washington,District of Columbia,6345,2016-07,524.0902
20015,Washington,DC,Washington,District of Columbia,6345,2016-08,512.9771
20012,Washington,DC,Washington,District of Columbia,6892,2010-01,
20012,Washington,DC,Washington,District of Columbia,6892,2010-02,
20012,Washington,DC,Washington,District of Columbia,6892,2010-03,
20012,Washington,DC,Washington,District of Columbia,6892,2010-04,
20012,Washington,DC,Washington,District of Columbia,6892,2010-05,
20012,Washington,DC,Washington,District of Columbia,6892,2010-06,
20012,Washington,DC,Washington,District of Columbia,6892,2010-07,
20012,Washington,DC,Washington,District of Columbia,6892,2010-08,
20012,Washington,DC,Washington,District of Columbia,6892,2010-09,
20012,Washington,DC,Washington,District of Columbia,6892,2010-10,
20012,Washington,DC,Washington,District of Columbia,6892,2010-11,
20012,Washington,DC,Washington,District of Columbia,6892,2010-12,
20012,Washington,DC,Washington,District of Columbia,6892,2011-01,
20012,Washington,DC,Washington,District of Columbia,6892,2011-02,
20012,Washington,DC,Washington,District of Columbia,6892,2011-03,
20012,Washington,DC,Washington,District of Columbia,6892,2011-04,
20012,Washington,DC,Washington,District of Columbia,6892,2011-05,
20012,Washington,DC,Washington,District of Columbia,6892,2011-06,
20012,Washington,DC,Washington,District of Columbia,6892,2011-07,
20012,Washington,DC,Washington,District of Columbia,6892,2011-08,
20012,Washington,DC,Washington,District of Columbia,6892,2011-09,
20012,Washington,DC,Washington,District of Columbia,6892,2011-10,
20012,Washington,DC,Washington,District of Columbia,6892,2011-11,
20012,Washington,DC,Washington,District of Columbia,6892,2011-12,
20012,Washington,DC,Washington,District of Columbia,6892,2012-01,
20012,Washington,DC,Washington,District of Columbia,6892,2012-02,
20012,Washington,DC,Washington,District of Columbia,6892,2012-03,
20012,Washington,DC,Washington,District of Columbia,6892,2012-04,
20012,Washington,DC,Washington,District of Columbia,6892,2012-05,
20012,Washington,DC,Washington,District of Columbia,6892,2012-06,
20012,Washington,DC,Washington,District of Columbia,6892,2012-07,
20012,Washington,DC,Washington,District of Columbia,6892,2012-08,
20012,Washington,DC,Washington,District of Columbia,6892,2012-09,
20012,Washington,DC,Washington,District of Columbia,6892,2012-10,
20012,Washington,DC,Washington,District of Columbia,6892,2012-11,
20012,Washington,DC,Washington,District of Columbia,6892,2012-12,
20012,Washington,DC,Washington,District of Columbia,6892,2013-01,
20012,Washington,DC,Washington,District of Columbia,6892,2013-02,
20012,Washington,DC,Washington,District of Columbia,6892,2013-03,
20012,Washington,DC,Washington,District of Columbia,6892,2013-04,
20012,Washington,DC,Washington,District of Columbia,6892,2013-05,
20012,Washington,DC,Washington,District of Columbia,6892,2013-06,
20012,Washington,DC,Washington,District of Columbia,6892,2013-07,
20012,Washington,DC,Washington,District of Columbia,6892,2013-08,
20012,Washington,DC,Washington,District of Columbia,6892,2013-09,
20012,Washington,DC,Washington,District of Columbia,6892,2013-10,
20012,Washington,DC,Washington,District of Columbia,6892,2013-11,
20012,Washington,DC,Washington,District of Columbia,6892,2013-12,
20012,Washington,DC,Washington,District of Columbia,6892,2014-01,
20012,Washington,DC,Washington,District of Columbia,6892,2014-02,
20012,Washington,DC,Washington,District of Columbia,6892,2014-03,
20012,Washington,DC,Washington,District of Columbia,6892,2014-04,
20012,Washington,DC,Washington,District of Columbia,6892,2014-05,
20012,Washington,DC,Washington,District of Columbia,6892,2014-06,
20012,Washington,DC,Washington,District of Columbia,6892,2014-07,
20012,Washington,DC,Washington,District of Columbia,6892,2014-08,
20012,Washington,DC,Washington,District of Columbia,6892,2014-09,
20012,Washington,DC,Washington,District of Columbia,6892,2014-10,
20012,Washington,DC,Washington,District of Columbia,6892,2014-11,
20012,Washington,DC,Washington,District of Columbia,6892,2014-12,
20012,Washington,DC,Washington,District of Columbia,6892,2015-01,
20012,Washington,DC,Washington,District of Columbia,6892,2015-02,
20012,Washington,DC,Washington,District of Columbia,6892,2015-03,372.3615
20012,Washington,DC,Washington,District of Columbia,6892,2015-04,366.0646
20012,Washington,DC,Washington,District of Columbia,6892,2015-05,385.5996
20012,Washington,DC,Washington,District of Columbia,6892,2015-06,386.3139
20012,Washington,DC,Washington,District of Columbia,6892,2015-07,384.6741
20012,Washington,DC,Washington,District of Columbia,6892,2015-08,380.3671
20012,Washington,DC,Washington,District of Columbia,6892,2015-09,381.2785
20012,Washington,DC,Washington,District of Columbia,6892,2015-10,356.1909
20012,Washington,DC,Washington,District of Columbia,6892,2015-11,360.1533
20012,Washington,DC,Washington,District of Columbia,6892,2015-12,353.6305
20012,Washington,DC,Washington,District of Columbia,6892,2016-01,377.3256
20012,Washington,DC,Washington,District of Columbia,6892,2016-02,387.4556
20012,Washington,DC,Washington,District of Columbia,6892,2016-03,381.6757
20012,Washington,DC,Washington,District of Columbia,6892,2016-04,383.7769
20012,Washington,DC,Washington,District of Columbia,6892,2016-05,376.2418
20012,Washington,DC,Washington,District of Columbia,6892,2016-06,377.3339
20012,Washington,DC,Washington,District of Columbia,6892,2016-07,383.7769
20012,Washington,DC,Washington,District of Columbia,6892,2016-08,367.4716
