RegionName,City,State,Metro,CountyName,SizeRank,Month,MedianListingPrice
20009,Washington,DC,Washington,District of Columbia,32,2010-01,
20009,Washington,DC,Washington,District of Columbia,32,2010-02,
20009,Washington,DC,Washington,District of Columbia,32,2010-03,
20009,Washington,DC,Washington,District of Columbia,32,2010-04,
20009,Washington,DC,Washington,District of Columbia,32,2010-05,
20009,Washington,DC,Washington,District of Columbia,32,2010-06,
20009,Washington,DC,Washington,District of Columbia,32,2010-07,
20009,Washington,DC,Washington,District of Columbia,32,2010-08,
20009,Washington,DC,Washington,District of Columbia,32,2010-09,
20009,Washington,DC,Washington,District of Columbia,32,2010-10,
20009,Washington,DC,Washington,District of Columbia,32,2010-11,
20009,Washington,DC,Washington,District of Columbia,32,2010-12,
20009,Washington,DC,Washington,District of Columbia,32,2011-01,
20009,Washington,DC,Washington,District of Columbia,32,2011-02,
20009,Washington,DC,Washington,District of Columbia,32,2011-03,
20009,Washington,DC,Washington,District of Columbia,32,2011-04,
20009,Washington,DC,Washington,District of Columbia,32,2011-05,
20009,Washington,DC,Washington,District of Columbia,32,2011-06,
20009,Washington,DC,Washington,District of Columbia,32,2011-07,
20009,Washington,DC,Washington,District of Columbia,32,2011-08,
20009,Washington,DC,Washington,District of Columbia,32,2011-09,425000
20009,Washington,DC,Washington,District of Columbia,32,2011-10,425000
20009,Washington,DC,Washington,District of Columbia,32,2011-11,435000
20009,Washington,DC,Washington,District of Columbia,32,2011-12,455900
20009,Washington,DC,Washington,District of Columbia,32,2012-01,459000
20009,Washington,DC,Washington,District of Columbia,32,2012-02,449700
20009,Washington,DC,Washington,District of Columbia,32,2012-03,439000
20009,Washington,DC,Washington,District of Columbia,32,2012-04,432500
20009,Washington,DC,Washington,District of Columbia,32,2012-05,412500
20009,Washington,DC,Washington,District of Columbia,32,2012-06,399948.5
20009,Washington,DC,Washington,District of Columbia,32,2012-07,419000
20009,Washington,DC,Washington,District of Columbia,32,2012-08,395000
20009,Washington,DC,Washington,District of Columbia,32,2012-09,399500
20009,Washington,DC,Washington,District of Columbia,32,2012-10,425000
20009,Washington,DC,Washington,District of Columbia,32,2012-11,442450
20009,Washington,DC,Washington,District of Columbia,32,2012-12,430000
20009,Washington,DC,Washington,District of Columbia,32,2013-01,419000
20009,Washington,DC,Washington,District of Columbia,32,2013-02,449450
20009,Washington,DC,Washington,District of Columbia,32,2013-03,442900
20009,Washington,DC,Washington,District of Columbia,32,2013-04,449949.5
20009,Washington,DC,Washington,District of Columbia,32,2013-05,499000
20009,Washington,DC,Washington,District of Columbia,32,2013-06,495000
20009,Washington,DC,Washington,District of Columbia,32,2013-07,474950
20009,Washington,DC,Washington,District of Columbia,32,2013-08,475000
20009,Washington,DC,Washington,District of Columbia,32,2013-09,461950
20009,Washington,DC,Washington,District of Columbia,32,2013-10,495000
20009,Washington,DC,Washington,District of Columbia,32,2013-11,474900
20009,Washington,DC,Washington,District of Columbia,32,2013-12,464000
20009,Washington,DC,Washington,District of Columbia,32,2014-01,419500
20009,Washington,DC,Washington,District of Columbia,32,2014-02,479000
20009,Washington,DC,Washington,District of Columbia,32,2014-03,459000
20009,Washington,DC,Washington,District of Columbia,32,2014-04,470000
20009,Washington,DC,Washington,District of Columbia,32,2014-05,450000
20009,Washington,DC,Washington,District of Columbia,32,2014-06,449000
20009,Washington,DC,Washington,District of Columbia,32,2014-07,439000
20009,Washington,DC,Washington,District of Columbia,32,2014-08,419000
20009,Washington,DC,Washington,District of Columbia,32,2014-09,442400
20009,Washington,DC,Washington,District of Columbia,32,2014-10,439900
20009,Washington,DC,Washington,District of Columbia,32,2014-11,459000
20009,Washington,DC,Washington,District of Columbia,32,2014-12,459000
20009,Washington,DC,Washington,District of Columbia,32,2015-01,444500
20009,Washington,DC,Washington,District of Columbia,32,2015-02,439000
20009,Washington,DC,Washington,District of Columbia,32,2015-03,437000
20009,Washington,DC,Washington,District of Columbia,32,2015-04,475000
20009,Washington,DC,Washington,District of Columbia,32,2015-05,489000
20009,Washington,DC,Washington,District of Columbia,32,2015-06,490000
20009,Washington,DC,Washington,District of Columbia,32,2015-07,479900
20009,Washington,DC,Washington,District of Columbia,32,2015-08,489900
20009,Washington,DC,Washington,District of Columbia,32,2015-09,499999.5
20009,Washington,DC,Washington,District of Columbia,32,2015-10,510000
20009,Washington,DC,Washington,District of Columbia,32,2015-11,508000
20009,Washington,DC,Washington,District of Columbia,32,2015-12,499949.5
20009,Washington,DC,Washington,District of Columbia,32,2016-01,499700
20009,Washington,DC,Washington,District of Columbia,32,2016-02,534500
20009,Washington,DC,Washington,District of Columbia,32,2016-03,500000
20009,Washington,DC,Washington,District of Columbia,32,2016-04,519950
20009,Washington,DC,Washington,District of Columbia,32,2016-05,490000
20009,Washington,DC,Washington,District of Columbia,32,2016-06,529450
20009,Washington,DC,Washington,District of Columbia,32,2016-07,549500
20009,Washington,DC,Washington,District of Columbia,32,2016-08,579000
20002,Washington,DC,Washington,District of Columbia,39,2010-01,
20002,Washington,DC,Washington,District of Columbia,39,2010-02,
20002,Washington,DC,Washington,District of Columbia,39,2010-03,
20002,Washington,DC,Washington,District of Columbia,39,2010-04,
20002,Washington,DC,Washington,District of Columbia,39,2010-05,
20002,Washington,DC,Washington,District of Columbia,39,2010-06,
20002,Washington,DC,Washington,District of Columbia,39,2010-07,
20002,Washington,DC,Washington,District of Columbia,39,2010-08,
20002,Washington,DC,Washington,District of Columbia,39,2010-09,
20002,Washington,DC,Washington,District of Columbia,39,2010-10,
20002,Washington,DC,Washington,District of Columbia,39,2010-11,
20002,Washington,DC,Washington,District of Columbia,39,2010-12,
20002,Washington,DC,Washington,District of Columbia,39,2011-01,
20002,Washington,DC,Washington,District of Columbia,39,2011-02,
20002,Washington,DC,Washington,District of Columbia,39,2011-03,
20002,Washington,DC,Washington,District of Columbia,39,2011-04,
20002,Washington,DC,Washington,District of Columbia,39,2011-05,
20002,Washington,DC,Washington,District of Columbia,39,2011-06,
20002,Washington,DC,Washington,District of Columbia,39,2011-07,
20002,Washington,DC,Washington,District of Columbia,39,2011-08,
20002,Washington,DC,Washington,District of Columbia,39,2011-09,
20002,Washington,DC,Washington,District of Columbia,39,2011-10,
20002,Washington,DC,Washington,District of Columbia,39,2011-11,
20002,Washington,DC,Washington,District of Columbia,39,2011-12,
20002,Washington,DC,Washington,District of Columbia,39,2012-01,
20002,Washington,DC,Washington,District of Columbia,39,2012-02,
20002,Washington,DC,Washington,District of Columbia,39,2012-03,
20002,Washington,DC,Washington,District of Columbia,39,2012-04,
20002,Washington,DC,Washington,District of Columbia,39,2012-05,
20002,Washington,DC,Washington,District of Columbia,39,2012-06,
20002,Washington,DC,Washington,District of Columbia,39,2012-07,
20002,Washington,DC,Washington,District of Columbia,39,2012-08,
20002,Washington,DC,Washington,District of Columbia,39,2012-09,
20002,Washington,DC,Washington,District of Columbia,39,2012-10,
20002,Washington,DC,Washington,District of Columbia,39,2012-11,
20002,Washington,DC,Washington,District of Columbia,39,2012-12,
20002,Washington,DC,Washington,District of Columbia,39,2013-01,
20002,Washington,DC,Washington,District of Columbia,39,2013-02,
20002,Washington,DC,Washington,District of Columbia,39,2013-03,
20002,Washington,DC,Washington,District of Columbia,39,2013-04,
20002,Washington,DC,Washington,District of Columbia,39,2013-05,
20002,Washington,DC,Washington,District of Columbia,39,2013-06,
20002,Washington,DC,Washington,District of Columbia,39,2013-07,
20002,Washington,DC,Washington,District of Columbia,39,2013-08,
20002,Washington,DC,Washington,District of Columbia,39,2013-09,
20002,Washington,DC,Washington,District of Columbia,39,2013-10,
20002,Washington,DC,Washington,District of Columbia,39,2013-11,489000
20002,Washington,DC,Washington,District of Columbia,39,2013-12,499000
20002,Washington,DC,Washington,District of Columbia,39,2014-01,475000
20002,Washington,DC,Washington,District of Columbia,39,2014-02,475000
20002,Washington,DC,Washington,District of Columbia,39,2014-03,481900
20002,Washington,DC,Washington,District of Columbia,39,2014-04,479500
20002,Washington,DC,Washington,District of Columbia,39,2014-05,485000
20002,Washington,DC,Washington,District of Columbia,39,2014-06,509900
20002,Washington,DC,Washington,District of Columbia,39,2014-07,522400
20002,Washington,DC,Washington,District of Columbia,39,2014-08,515950
20002,Washington,DC,Washington,District of Columbia,39,2014-09,535000
20002,Washington,DC,Washington,District of Columbia,39,2014-10,540000
20002,Washington,DC,Washington,District of Columbia,39,2014-11,499999
20002,Washington,DC,Washington,District of Columbia,39,2014-12,498500
20002,Washington,DC,Washington,District of Columbia,39,2015-01,499000
20002,Washington,DC,Washington,District of Columbia,39,2015-02,499000
20002,Washington,DC,Washington,District of Columbia,39,2015-03,479950
20002,Washington,DC,Washington,District of Columbia,39,2015-04,475000
20002,Washington,DC,Washington,District of Columbia,39,2015-05,489000
20002,Washington,DC,Washington,District of Columbia,39,2015-06,509900
20002,Washington,DC,Washington,District of Columbia,39,2015-07,499000
20002,Washington,DC,Washington,District of Columbia,39,2015-08,498500
20002,Washington,DC,Washington,District of Columbia,39,2015-09,525000
20002,Washington,DC,Washington,District of Columbia,39,2015-10,509800
20002,Washington,DC,Washington,District of Columbia,39,2015-11,507175
20002,Washington,DC,Washington,District of Columbia,39,2015-12,499000
20002,Washington,DC,Washington,District of Columbia,39,2016-01,525000
20002,Washington,DC,Washington,District of Columbia,39,2016-02,525000
20002,Washington,DC,Washington,District of Columbia,39,2016-03,577000
20002,Washington,DC,Washington,District of Columbia,39,2016-04,575000
20002,Washington,DC,Washington,District of Columbia,39,2016-05,559000
20002,Washington,DC,Washington,District of Columbia,39,2016-06,552500
20002,Washington,DC,Washington,District of Columbia,39,2016-07,594000
20002,Washington,DC,Washington,District of Columbia,39,2016-08,594000
20011,Washington,DC,Washington,District of Columbia,140,2010-01,
20011,Washington,DC,Washington,District of Columbia,140,2010-02,
20011,Washington,DC,Washington,District of Columbia,140,2010-03,
20011,Washington,DC,Washington,District of Columbia,140,2010-04,
20011,Washington,DC,Washington,District of Columbia,140,2010-05,
20011,Washington,DC,Washington,District of Columbia,140,2010-06,
20011,Washington,DC,Washington,District of Columbia,140,2010-07,
20011,Washington,DC,Washington,District of Columbia,140,2010-08,
20011,Washington,DC,Washington,District of Columbia,140,2010-09,
20011,Washington,DC,Washington,District of Columbia,140,2010-10,
20011,Washington,DC,Washington,District of Columbia,140,2010-11,
20011,Washington,DC,Washington,District of Columbia,140,2010-12,
20011,Washington,DC,Washington,District of Columbia,140,2011-01,
20011,Washington,DC,Washington,District of Columbia,140,2011-02,
20011,Washington,DC,Washington,District of Columbia,140,2011-03,
20011,Washington,DC,Washington,District of Columbia,140,2011-04,
20011,Washington,DC,Washington,District of Columbia,140,2011-05,
20011,Washington,DC,Washington,District of Columbia,140,2011-06,
20011,Washington,DC,Washington,District of Columbia,140,2011-07,
20011,Washington,DC,Washington,District of Columbia,140,2011-08,
20011,Washington,DC,Washington,District of Columbia,140,2011-09,
20011,Washington,DC,Washington,District of Columbia,140,2011-10,
20011,Washington,DC,Washington,District of Columbia,140,2011-11,
20011,Washington,DC,Washington,District of Columbia,140,2011-12,
20011,Washington,DC,Washington,District of Columbia,140,2012-01,
20011,Washington,DC,Washington,District of Columbia,140,2012-02,
20011,Washington,DC,Washington,District of Columbia,140,2012-03,
20011,Washington,DC,Washington,District of Columbia,140,2012-04,
20011,Washington,DC,Washington,District of Columbia,140,2012-05,
20011,Washington,DC,Washington,District of Columbia,140,2012-06,
20011,Washington,DC,Washington,District of Columbia,140,2012-07,
20011,Washington,DC,Washington,District of Columbia,140,2012-08,
20011,Washington,DC,Washington,District of Columbia,140,2012-09,
20011,Washington,DC,Washington,District of Columbia,140,2012-10,
20011,Washington,DC,Washington,District of Columbia,140,2012-11,
20011,Washington,DC,Washington,District of Columbia,140,2012-12,
20011,Washington,DC,Washington,District of Columbia,140,2013-01,
20011,Washington,DC,Washington,District of Columbia,140,2013-02,
20011,Washington,DC,Washington,District of Columbia,140,2013-03,
20011,Washington,DC,Washington,District of Columbia,140,2013-04,
20011,Washington,DC,Washington,District of Columbia,140,2013-05,
20011,Washington,DC,Washington,District of Columbia,140,2013-06,
20011,Washington,DC,Washington,District of Columbia,140,2013-07,
20011,Washington,DC,Washington,District of Columbia,140,2013-08,
20011,Washington,DC,Washington,District of Columbia,140,2013-09,
20011,Washington,DC,Washington,District of Columbia,140,2013-10,
20011,Washington,DC,Washington,District of Columbia,140,2013-11,519000
20011,Washington,DC,Washington,District of Columbia,140,2013-12,499900
20011,Washington,DC,Washington,District of Columbia,140,2014-01,499000
20011,Washington,DC,Washington,District of Columbia,140,2014-02,474950
20011,Washington,DC,Washington,District of Columbia,140,2014-03,499949.5
20011,Washington,DC,Washington,District of Columbia,140,2014-04,499450
20011,Washington,DC,Washington,District of Columbia,140,2014-05,519900
20011,Washington,DC,Washington,District of Columbia,140,2014-06,499900
20011,Washington,DC,Washington,District of Columbia,140,2014-07,487000
20011,Washington,DC,Washington,District of Columbia,140,2014-08,477500
20011,Washington,DC,Washington,District of Columbia,140,2014-09,474787
20011,Washington,DC,Washington,District of Columbia,140,2014-10,472000
20011,Washington,DC,Washington,District of Columbia,140,2014-11,482500
20011,Washington,DC,Washington,District of Columbia,140,2014-12,465000
20011,Washington,DC,Washington,District of Columbia,140,2015-01,482473.5
20011,Washington,DC,Washington,District of Columbia,140,2015-02,479450
20011,Washington,DC,Washington,District of Columbia,140,2015-03,489000
20011,Washington,DC,Washington,District of Columbia,140,2015-04,499900
20011,Washington,DC,Washington,District of Columbia,140,2015-05,514990
20011,Washington,DC,Washington,District of Columbia,140,2015-06,499000
20011,Washington,DC,Washington,District of Columbia,140,2015-07,489000
20011,Washington,DC,Washington,District of Columbia,140,2015-08,498750
20011,Washington,DC,Washington,District of Columbia,140,2015-09,497500
20011,Washington,DC,Washington,District of Columbia,140,2015-10,549325
20011,Washington,DC,Washington,District of Columbia,140,2015-11,539900
20011,Washington,DC,Washington,District of Columbia,140,2015-12,549775
20011,Washington,DC,Washington,District of Columbia,140,2016-01,575000
20011,Washington,DC,Washington,District of Columbia,140,2016-02,549950
20011,Washington,DC,Washington,District of Columbia,140,2016-03,549000
20011,Washington,DC,Washington,District of Columbia,140,2016-04,589449.5
20011,Washington,DC,Washington,District of Columbia,140,2016-05,579999
20011,Washington,DC,Washington,District of Columbia,140,2016-06,575000
20011,Washington,DC,Washington,District of Columbia,140,2016-07,599000
20011,Washington,DC,Washington,District of Columbia,140,2016-08,589000
20019,Washington,DC,Washington,District of Columbia,196,2010-01,
20019,Washington,DC,Washington,District of Columbia,196,2010-02,
20019,Washington,DC,Washington,District of Columbia,196,2010-03,
20019,Washington,DC,Washington,District of Columbia,196,2010-04,
20019,Washington,DC,Washington,District of Columbia,196,2010-05,
20019,Washington,DC,Washington,District of Columbia,196,2010-06,
20019,Washington,DC,Washington,District of Columbia,196,2010-07,
20019,Washington,DC,Washington,District of Columbia,196,2010-08,
20019,Washington,DC,Washington,District of Columbia,196,2010-09,
20019,Washington,DC,Washington,District of Columbia,196,2010-10,
20019,Washington,DC,Washington,District of Columbia,196,2010-11,
20019,Washington,DC,Washington,District of Columbia,196,2010-12,
20019,Washington,DC,Washington,District of Columbia,196,2011-01,
20019,Washington,DC,Washington,District of Columbia,196,2011-02,
20019,Washington,DC,Washington,District of Columbia,196,2011-03,
20019,Washington,DC,Washington,District of Columbia,196,2011-04,
20019,Washington,DC,Washington,District of Columbia,196,2011-05,
20019,Washington,DC,Washington,District of Columbia,196,2011-06,
20019,Washington,DC,Washington,District of Columbia,196,2011-07,
20019,Washington,DC,Washington,District of Columbia,196,2011-08,
20019,Washington,DC,Washington,District of Columbia,196,2011-09,
20019,Washington,DC,Washington,District of Columbia,196,2011-10,
20019,Washington,DC,Washington,District of Columbia,196,2011-11,
20019,Washington,DC,Washington,District of Columbia,196,2011-12,
20019,Washington,DC,Washington,District of Columbia,196,2012-01,
20019,Washington,DC,Washington,District of Columbia,196,2012-02,
20019,Washington,DC,Washington,District of Columbia,196,2012-03,
20019,Washington,DC,Washington,District of Columbia,196,2012-04,
20019,Washington,DC,Washington,District of Columbia,196,2012-05,
20019,Washington,DC,Washington,District of Columbia,196,2012-06,
20019,Washington,DC,Washington,District of Columbia,196,2012-07,
20019,Washington,DC,Washington,District of Columbia,196,2012-08,
20019,Washington,DC,Washington,District of Columbia,196,2012-09,
20019,Washington,DC,Washington,District of Columbia,196,2012-10,
20019,Washington,DC,Washington,District of Columbia,196,2012-11,
20019,Washington,DC,Washington,District of Columbia,196,2012-12,
20019,Washington,DC,Washington,District of Columbia,196,2013-01,
20019,Washington,DC,Washington,District of Columbia,196,2013-02,
20019,Washington,DC,Washington,District of Columbia,196,2013-03,
20019,Washington,DC,Washington,District of Columbia,196,2013-04,
20019,Washington,DC,Washington,District of Columbia,196,2013-05,
20019,Washington,DC,Washington,District of Columbia,196,2013-06,
20019,Washington,DC,Washington,District of Columbia,196,2013-07,
20019,Washington,DC,Washington,District of Columbia,196,2013-08,
20019,Washington,DC,Washington,District of Columbia,196,2013-09,190000
20019,Washington,DC,Washington,District of Columbia,196,2013-10,181500
20019,Washington,DC,Washington,District of Columbia,196,2013-11,190000
20019,Washington,DC,Washington,District of Columbia,196,2013-12,192500
20019,Washington,DC,Washington,District of Columbia,196,2014-01,192500
20019,Washington,DC,Washington,District of Columbia,196,2014-02,189500
20019,Washington,DC,Washington,District of Columbia,196,2014-03,192250
20019,Washington,DC,Washington,District of Columbia,196,2014-04,197500
20019,Washington,DC,Washington,District of Columbia,196,2014-05,197500
20019,Washington,DC,Washington,District of Columbia,196,2014-06,189900
20019,Washington,DC,Washington,District of Columbia,196,2014-07,193500
20019,Washington,DC,Washington,District of Columbia,196,2014-08,213500
20019,Washington,DC,Washington,District of Columbia,196,2014-09,204150
20019,Washington,DC,Washington,District of Columbia,196,2014-10,205450
20019,Washington,DC,Washington,District of Columbia,196,2014-11,207000
20019,Washington,DC,Washington,District of Columbia,196,2014-12,204900
20019,Washington,DC,Washington,District of Columbia,196,2015-01,199999
20019,Washington,DC,Washington,District of Columbia,196,2015-02,200000
20019,Washington,DC,Washington,District of Columbia,196,2015-03,205000
20019,Washington,DC,Washington,District of Columbia,196,2015-04,219900
20019,Washington,DC,Washington,District of Columbia,196,2015-05,220000
20019,Washington,DC,Washington,District of Columbia,196,2015-06,220000
20019,Washington,DC,Washington,District of Columbia,196,2015-07,215000
20019,Washington,DC,Washington,District of Columbia,196,2015-08,210000
20019,Washington,DC,Washington,District of Columbia,196,2015-09,226000
20019,Washington,DC,Washington,District of Columbia,196,2015-10,235000
20019,Washington,DC,Washington,District of Columbia,196,2015-11,230000
20019,Washington,DC,Washington,District of Columbia,196,2015-12,235000
20019,Washington,DC,Washington,District of Columbia,196,2016-01,248700
20019,Washington,DC,Washington,District of Columbia,196,2016-02,265000
20019,Washington,DC,Washington,District of Columbia,196,2016-03,262449.5
20019,Washington,DC,Washington,District of Columbia,196,2016-04,250000
20019,Washington,DC,Washington,District of Columbia,196,2016-05,255000
20019,Washington,DC,Washington,District of Columbia,196,2016-06,264999.5
20019,Washington,DC,Washington,District of Columbia,196,2016-07,267499
20019,Washington,DC,Washington,District of Columbia,196,2016-08,266500
20001,Washington,DC,Washington,District of Columbia,317,2010-01,
20001,Washington,DC,Washington,District of Columbia,317,2010-02,
20001,Washington,DC,Washington,District of Columbia,317,2010-03,
20001,Washington,DC,Washington,District of Columbia,317,2010-04,
20001,Washington,DC,Washington,District of Columbia,317,2010-05,
20001,Washington,DC,Washington,District of Columbia,317,2010-06,
20001,Washington,DC,Washington,District of Columbia,317,2010-07,
20001,Washington,DC,Washington,District of Columbia,317,2010-08,
20001,Washington,DC,Washington,District of Columbia,317,2010-09,
20001,Washington,DC,Washington,District of Columbia,317,2010-10,
20001,Washington,DC,Washington,District of Columbia,317,2010-11,
20001,Washington,DC,Washington,District of Columbia,317,2010-12,
20001,Washington,DC,Washington,District of Columbia,317,2011-01,
20001,Washington,DC,Washington,District of Columbia,317,2011-02,
20001,Washington,DC,Washington,District of Columbia,317,2011-03,
20001,Washington,DC,Washington,District of Columbia,317,2011-04,
20001,Washington,DC,Washington,District of Columbia,317,2011-05,
20001,Washington,DC,Washington,District of Columbia,317,2011-06,
20001,Washington,DC,Washington,District of Columbia,317,2011-07,
20001,Washington,DC,Washington,District of Columbia,317,2011-08,
20001,Washington,DC,Washington,District of Columbia,317,2011-09,
20001,Washington,DC,Washington,District of Columbia,317,2011-10,
20001,Washington,DC,Washington,District of Columbia,317,2011-11,
20001,Washington,DC,Washington,District of Columbia,317,2011-12,
20001,Washington,DC,Washington,District of Columbia,317,2012-01,
20001,Washington,DC,Washington,District of Columbia,317,2012-02,
20001,Washington,DC,Washington,District of Columbia,317,2012-03,
20001,Washington,DC,Washington,District of Columbia,317,2012-04,
20001,Washington,DC,Washington,District of Columbia,317,2012-05,
20001,Washington,DC,Washington,District of Columbia,317,2012-06,
20001,Washington,DC,Washington,District of Columbia,317,2012-07,
20001,Washington,DC,Washington,District of Columbia,317,2012-08,439949.5
20001,Washington,DC,Washington,District of Columbia,317,2012-09,449999
20001,Washington,DC,Washington,District of Columbia,317,2012-10,480000
20001,Washington,DC,Washington,District of Columbia,317,2012-11,512450
20001,Washington,DC,Washington,District of Columbia,317,2012-12,499900
20001,Washington,DC,Washington,District of Columbia,317,2013-01,499950
20001,Washington,DC,Washington,District of Columbia,317,2013-02,529900
20001,Washington,DC,Washington,District of Columbia,317,2013-03,499850
20001,Washington,DC,Washington,District of Columbia,317,2013-04,499400
20001,Washington,DC,Washington,District of Columbia,317,2013-05,495000
20001,Washington,DC,Washington,District of Columbia,317,2013-06,549825
20001,Washington,DC,Washington,District of Columbia,317,2013-07,549900
20001,Washington,DC,Washington,District of Columbia,317,2013-08,525000
20001,Washington,DC,Washington,District of Columbia,317,2013-09,525000
20001,Washington,DC,Washington,District of Columbia,317,2013-10,547650
20001,Washington,DC,Washington,District of Columbia,317,2013-11,531500
20001,Washington,DC,Washington,District of Columbia,317,2013-12,539500
20001,Washington,DC,Washington,District of Columbia,317,2014-01,499990
20001,Washington,DC,Washington,District of Columbia,317,2014-02,485999
20001,Washington,DC,Washington,District of Columbia,317,2014-03,517375
20001,Washington,DC,Washington,District of Columbia,317,2014-04,532124.5
20001,Washington,DC,Washington,District of Columbia,317,2014-05,499900
20001,Washington,DC,Washington,District of Columbia,317,2014-06,524945
20001,Washington,DC,Washington,District of Columbia,317,2014-07,549450
20001,Washington,DC,Washington,District of Columbia,317,2014-08,539900
20001,Washington,DC,Washington,District of Columbia,317,2014-09,549000
20001,Washington,DC,Washington,District of Columbia,317,2014-10,551250
20001,Washington,DC,Washington,District of Columbia,317,2014-11,555125
20001,Washington,DC,Washington,District of Columbia,317,2014-12,574900
20001,Washington,DC,Washington,District of Columbia,317,2015-01,560000
20001,Washington,DC,Washington,District of Columbia,317,2015-02,599700
20001,Washington,DC,Washington,District of Columbia,317,2015-03,649000
20001,Washington,DC,Washington,District of Columbia,317,2015-04,644000
20001,Washington,DC,Washington,District of Columbia,317,2015-05,621250
20001,Washington,DC,Washington,District of Columbia,317,2015-06,599000
20001,Washington,DC,Washington,District of Columbia,317,2015-07,587000
20001,Washington,DC,Washington,District of Columbia,317,2015-08,610000
20001,Washington,DC,Washington,District of Columbia,317,2015-09,627000
20001,Washington,DC,Washington,District of Columbia,317,2015-10,610000
20001,Washington,DC,Washington,District of Columbia,317,2015-11,624900
20001,Washington,DC,Washington,District of Columbia,317,2015-12,599900
20001,Washington,DC,Washington,District of Columbia,317,2016-01,614950
20001,Washington,DC,Washington,District of Columbia,317,2016-02,599900
20001,Washington,DC,Washington,District of Columbia,317,2016-03,619900
20001,Washington,DC,Washington,District of Columbia,317,2016-04,629000
20001,Washington,DC,Washington,District of Columbia,317,2016-05,627750
20001,Washington,DC,Washington,District of Columbia,317,2016-06,625000
20001,Washington,DC,Washington,District of Columbia,317,2016-07,649900
20001,Washington,DC,Washington,District of Columbia,317,2016-08,644500
20032,Washington,DC,Washington,District of Columbia,1573,2010-01,
20032,Washington,DC,Washington,District of Columbia,1573,2010-02,
20032,Washington,DC,Washington,District of Columbia,1573,2010-03,
20032,Washington,DC,Washington,District of Columbia,1573,2010-04,
20032,Washington,DC,Washington,District of Columbia,1573,2010-05,
20032,Washington,DC,Washington,District of Columbia,1573,2010-06,
20032,Washington,DC,Washington,District of Columbia,1573,2010-07,
20032,Washington,DC,Washington,District of Columbia,1573,2010-08,
20032,Washington,DC,Washington,District of Columbia,1573,2010-09,
20032,Washington,DC,Washington,District of Columbia,1573,2010-10,
20032,Washington,DC,Washington,District of Columbia,1573,2010-11,
20032,Washington,DC,Washington,District of Columbia,1573,2010-12,
20032,Washington,DC,Washington,District of Columbia,1573,2011-01,
20032,Washington,DC,Washington,District of Columbia,1573,2011-02,
20032,Washington,DC,Washington,District of Columbia,1573,2011-03,
20032,Washington,DC,Washington,District of Columbia,1573,2011-04,
20032,Washington,DC,Washington,District of Columbia,1573,2011-05,
20032,Washington,DC,Washington,District of Columbia,1573,2011-06,
20032,Washington,DC,Washington,District of Columbia,1573,2011-07,
20032,Washington,DC,Washington,District of Columbia,1573,2011-08,
20032,Washington,DC,Washington,District of Columbia,1573,2011-09,
20032,Washington,DC,Washington,District of Columbia,1573,2011-10,
20032,Washington,DC,Washington,District of Columbia,1573,2011-11,
20032,Washington,DC,Washington,District of Columbia,1573,2011-12,
20032,Washington,DC,Washington,District of Columbia,1573,2012-01,
20032,Washington,DC,Washington,District of Columbia,1573,2012-02,
20032,Washington,DC,Washington,District of Columbia,1573,2012-03,
20032,Washington,DC,Washington,District of Columbia,1573,2012-04,
20032,Washington,DC,Washington,District of Columbia,1573,2012-05,
20032,Washington,DC,Washington,District of Columbia,1573,2012-06,
20032,Washington,DC,Washington,District of Columbia,1573,2012-07,
20032,Washington,DC,Washington,District of Columbia,1573,2012-08,
20032,Washington,DC,Washington,District of Columbia,1573,2012-09,
20032,Washington,DC,Washington,District of Columbia,1573,2012-10,
20032,Washington,DC,Washington,District of Columbia,1573,2012-11,
20032,Washington,DC,Washington,District of Columbia,1573,2012-12,
20032,Washington,DC,Washington,District of Columbia,1573,2013-01,
20032,Washington,DC,Washington,District of Columbia,1573,2013-02,
20032,Washington,DC,Washington,District of Columbia,1573,2013-03,
20032,Washington,DC,Washington,District of Columbia,1573,2013-04,
20032,Washington,DC,Washington,District of Columbia,1573,2013-05,
20032,Washington,DC,Washington,District of Columbia,1573,2013-06,
20032,Washington,DC,Washington,District of Columbia,1573,2013-07,
20032,Washington,DC,Washington,District of Columbia,1573,2013-08,
20032,Washington,DC,Washington,District of Columbia,1573,2013-09,
20032,Washington,DC,Washington,District of Columbia,1573,2013-10,
20032,Washington,DC,Washington,District of Columbia,1573,2013-11,
20032,Washington,DC,Washington,District of Columbia,1573,2013-12,
20032,Washington,DC,Washington,District of Columbia,1573,2014-01,
20032,Washington,DC,Washington,District of Columbia,1573,2014-02,
20032,Washington,DC,Washington,District of Columbia,1573,2014-03,
20032,Washington,DC,Washington,District of Columbia,1573,2014-04,
20032,Washington,DC,Washington,District of Columbia,1573,2014-05,
20032,Washington,DC,Washington,District of Columbia,1573,2014-06,
20032,Washington,DC,Washington,District of Columbia,1573,2014-07,
20032,Washington,DC,Washington,District of Columbia,1573,2014-08,
20032,Washington,DC,Washington,District of Columbia,1573,2014-09,
20032,Washington,DC,Washington,District of Columbia,1573,2014-10,
20032,Washington,DC,Washington,District of Columbia,1573,2014-11,
20032,Washington,DC,Washington,District of Columbia,1573,2014-12,
20032,Washington,DC,Washington,District of Columbia,1573,2015-01,165000
20032,Washington,DC,Washington,District of Columbia,1573,2015-02,179900
20032,Washington,DC,Washington,District of Columbia,1573,2015-03,199900
20032,Washington,DC,Washington,District of Columbia,1573,2015-04,200000
20032,Washington,DC,Washington,District of Columbia,1573,2015-05,199900
20032,Washington,DC,Washington,District of Columbia,1573,2015-06,179950
20032,Washington,DC,Washington,District of Columbia,1573,2015-07,192450
20032,Washington,DC,Washington,District of Columbia,1573,2015-08,199999
20032,Washington,DC,Washington,District of Columbia,1573,2015-09,199900
20032,Washington,DC,Washington,District of Columbia,1573,2015-10,193950
20032,Washington,DC,Washington,District of Columbia,1573,2015-11,185000
20032,Washington,DC,Washington,District of Columbia,1573,2015-12,195000
20032,Washington,DC,Washington,District of Columbia,1573,2016-01,210000
20032,Washington,DC,Washington,District of Columbia,1573,2016-02,228000
20032,Washington,DC,Washington,District of Columbia,1573,2016-03,229965
20032,Washington,DC,Washington,District of Columbia,1573,2016-04,210000
20032,Washington,DC,Washington,District of Columbia,1573,2016-05,210000
20032,Washington,DC,Washington,District of Columbia,1573,2016-06,210000
20032,Washington,DC,Washington,District of Columbia,1573,2016-07,190000
20032,Washington,DC,Washington,District of Columbia,1573,2016-08,185000
20003,Washington,DC,Washington,District of Columbia,2077,2010-01,
20003,Washington,DC,Washington,District of Columbia,2077,2010-02,
20003,Washington,DC,Washington,District of Columbia,2077,2010-03,
20003,Washington,DC,Washington,District of Columbia,2077,2010-04,
20003,Washington,DC,Washington,District of Columbia,2077,2010-05,
20003,Washington,DC,Washington,District of Columbia,2077,2010-06,
20003,Washington,DC,Washington,District of Columbia,2077,2010-07,
20003,Washington,DC,Washington,District of Columbia,2077,2010-08,
20003,Washington,DC,Washington,District of Columbia,2077,2010-09,
20003,Washington,DC,Washington,District of Columbia,2077,2010-10,
20003,Washington,DC,Washington,District of Columbia,2077,2010-11,
20003,Washington,DC,Washington,District of Columbia,2077,2010-12,
20003,Washington,DC,Washington,District of Columbia,2077,2011-01,
20003,Washington,DC,Washington,District of Columbia,2077,2011-02,
20003,Washington,DC,Washington,District of Columbia,2077,2011-03,
20003,Washington,DC,Washington,District of Columbia,2077,2011-04,
20003,Washington,DC,Washington,District of Columbia,2077,2011-05,
20003,Washington,DC,Washington,District of Columbia,2077,2011-06,
20003,Washington,DC,Washington,District of Columbia,2077,2011-07,
20003,Washington,DC,Washington,District of Columbia,2077,2011-08,
20003,Washington,DC,Washington,District of Columbia,2077,2011-09,
20003,Washington,DC,Washington,District of Columbia,2077,2011-10,
20003,Washington,DC,Washington,District of Columbia,2077,2011-11,
20003,Washington,DC,Washington,District of Columbia,2077,2011-12,
20003,Washington,DC,Washington,District of Columbia,2077,2012-01,
20003,Washington,DC,Washington,District of Columbia,2077,2012-02,
20003,Washington,DC,Washington,District of Columbia,2077,2012-03,
20003,Washington,DC,Washington,District of Columbia,2077,2012-04,
20003,Washington,DC,Washington,District of Columbia,2077,2012-05,
20003,Washington,DC,Washington,District of Columbia,2077,2012-06,
20003,Washington,DC,Washington,District of Columbia,2077,2012-07,
20003,Washington,DC,Washington,District of Columbia,2077,2012-08,529000
20003,Washington,DC,Washington,District of Columbia,2077,2012-09,529450
20003,Washington,DC,Washington,District of Columbia,2077,2012-10,515900
20003,Washington,DC,Washington,District of Columbia,2077,2012-11,499900
20003,Washington,DC,Washington,District of Columbia,2077,2012-12,497900
20003,Washington,DC,Washington,District of Columbia,2077,2013-01,497900
20003,Washington,DC,Washington,District of Columbia,2077,2013-02,511950
20003,Washington,DC,Washington,District of Columbia,2077,2013-03,543450
20003,Washington,DC,Washington,District of Columbia,2077,2013-04,537900
20003,Washington,DC,Washington,District of Columbia,2077,2013-05,554900
20003,Washington,DC,Washington,District of Columbia,2077,2013-06,579450
20003,Washington,DC,Washington,District of Columbia,2077,2013-07,569000
20003,Washington,DC,Washington,District of Columbia,2077,2013-08,499000
20003,Washington,DC,Washington,District of Columbia,2077,2013-09,510000
20003,Washington,DC,Washington,District of Columbia,2077,2013-10,575310
20003,Washington,DC,Washington,District of Columbia,2077,2013-11,575310
20003,Washington,DC,Washington,District of Columbia,2077,2013-12,579900
20003,Washington,DC,Washington,District of Columbia,2077,2014-01,600000
20003,Washington,DC,Washington,District of Columbia,2077,2014-02,499450
20003,Washington,DC,Washington,District of Columbia,2077,2014-03,515000
20003,Washington,DC,Washington,District of Columbia,2077,2014-04,544950
20003,Washington,DC,Washington,District of Columbia,2077,2014-05,544500
20003,Washington,DC,Washington,District of Columbia,2077,2014-06,568000
20003,Washington,DC,Washington,District of Columbia,2077,2014-07,599000
20003,Washington,DC,Washington,District of Columbia,2077,2014-08,614950
20003,Washington,DC,Washington,District of Columbia,2077,2014-09,599000
20003,Washington,DC,Washington,District of Columbia,2077,2014-10,567000
20003,Washington,DC,Washington,District of Columbia,2077,2014-11,549747.5
20003,Washington,DC,Washington,District of Columbia,2077,2014-12,550000
20003,Washington,DC,Washington,District of Columbia,2077,2015-01,549450
20003,Washington,DC,Washington,District of Columbia,2077,2015-02,539950
20003,Washington,DC,Washington,District of Columbia,2077,2015-03,560000
20003,Washington,DC,Washington,District of Columbia,2077,2015-04,625000
20003,Washington,DC,Washington,District of Columbia,2077,2015-05,642000
20003,Washington,DC,Washington,District of Columbia,2077,2015-06,627000
20003,Washington,DC,Washington,District of Columbia,2077,2015-07,625000
20003,Washington,DC,Washington,District of Columbia,2077,2015-08,649450
20003,Washington,DC,Washington,District of Columbia,2077,2015-09,649000
20003,Washington,DC,Washington,District of Columbia,2077,2015-10,632450
20003,Washington,DC,Washington,District of Columbia,2077,2015-11,607950
20003,Washington,DC,Washington,District of Columbia,2077,2015-12,649900
20003,Washington,DC,Washington,District of Columbia,2077,2016-01,671950
20003,Washington,DC,Washington,District of Columbia,2077,2016-02,689000
20003,Washington,DC,Washington,District of Columbia,2077,2016-03,622500
20003,Washington,DC,Washington,District of Columbia,2077,2016-04,679000
20003,Washington,DC,Washington,District of Columbia,2077,2016-05,687450
20003,Washington,DC,Washington,District of Columbia,2077,2016-06,677500
20003,Washington,DC,Washington,District of Columbia,2077,2016-07,694900
20003,Washington,DC,Washington,District of Columbia,2077,2016-08,685000
20010,Washington,DC,Washington,District of Columbia,2501,2010-01,
20010,Washington,DC,Washington,District of Columbia,2501,2010-02,
20010,Washington,DC,Washington,District of Columbia,2501,2010-03,
20010,Washington,DC,Washington,District of Columbia,2501,2010-04,
20010,Washington,DC,Washington,District of Columbia,2501,2010-05,
20010,Washington,DC,Washington,District of Columbia,2501,2010-06,
20010,Washington,DC,Washington,District of Columbia,2501,2010-07,
20010,Washington,DC,Washington,District of Columbia,2501,2010-08,
20010,Washington,DC,Washington,District of Columbia,2501,2010-09,
20010,Washington,DC,Washington,District of Columbia,2501,2010-10,
20010,Washington,DC,Washington,District of Columbia,2501,2010-11,
20010,Washington,DC,Washington,District of Columbia,2501,2010-12,
20010,Washington,DC,Washington,District of Columbia,2501,2011-01,
20010,Washington,DC,Washington,District of Columbia,2501,2011-02,
20010,Washington,DC,Washington,District of Columbia,2501,2011-03,
20010,Washington,DC,Washington,District of Columbia,2501,2011-04,
20010,Washington,DC,Washington,District of Columbia,2501,2011-05,
20010,Washington,DC,Washington,District of Columbia,2501,2011-06,
20010,Washington,DC,Washington,District of Columbia,2501,2011-07,
20010,Washington,DC,Washington,District of Columbia,2501,2011-08,
20010,Washington,DC,Washington,District of Columbia,2501,2011-09,
20010,Washington,DC,Washington,District of Columbia,2501,2011-10,
20010,Washington,DC,Washington,District of Columbia,2501,2011-11,
20010,Washington,DC,Washington,District of Columbia,2501,2011-12,
20010,Washington,DC,Washington,District of Columbia,2501,2012-01,
20010,Washington,DC,Washington,District of Columbia,2501,2012-02,
20010,Washington,DC,Washington,District of Columbia,2501,2012-03,
20010,Washington,DC,Washington,District of Columbia,2501,2012-04,
20010,Washington,DC,Washington,District of Columbia,2501,2012-05,
20010,Washington,DC,Washington,District of Columbia,2501,2012-06,
20010,Washington,DC,Washington,District of Columbia,2501,2012-07,
20010,Washington,DC,Washington,District of Columbia,2501,2012-08,
20010,Washington,DC,Washington,District of Columbia,2501,2012-09,465500
20010,Washington,DC,Washington,District of Columbia,2501,2012-10,449000
20010,Washington,DC,Washington,District of Columbia,2501,2012-11,470000
20010,Washington,DC,Washington,District of Columbia,2501,2012-12,454450
20010,Washington,DC,Washington,District of Columbia,2501,2013-01,499990
20010,Washington,DC,Washington,District of Columbia,2501,2013-02,489000
20010,Washington,DC,Washington,District of Columbia,2501,2013-03,489000
20010,Washington,DC,Washington,District of Columbia,2501,2013-04,514500
20010,Washington,DC,Washington,District of Columbia,2501,2013-05,549900
20010,Washington,DC,Washington,District of Columbia,2501,2013-06,599000
20010,Washington,DC,Washington,District of Columbia,2501,2013-07,549000
20010,Washington,DC,Washington,District of Columbia,2501,2013-08,454500
20010,Washington,DC,Washington,District of Columbia,2501,2013-09,484950
20010,Washington,DC,Washington,District of Columbia,2501,2013-10,480000
20010,Washington,DC,Washington,District of Columbia,2501,2013-11,474950
20010,Washington,DC,Washington,District of Columbia,2501,2013-12,487400
20010,Washington,DC,Washington,District of Columbia,2501,2014-01,504950
20010,Washington,DC,Washington,District of Columbia,2501,2014-02,510000
20010,Washington,DC,Washington,District of Columbia,2501,2014-03,579777.5
20010,Washington,DC,Washington,District of Columbia,2501,2014-04,572000
20010,Washington,DC,Washington,District of Columbia,2501,2014-05,525000
20010,Washington,DC,Washington,District of Columbia,2501,2014-06,549950
20010,Washington,DC,Washington,District of Columbia,2501,2014-07,507450
20010,Washington,DC,Washington,District of Columbia,2501,2014-08,512400
20010,Washington,DC,Washington,District of Columbia,2501,2014-09,579000
20010,Washington,DC,Washington,District of Columbia,2501,2014-10,574450
20010,Washington,DC,Washington,District of Columbia,2501,2014-11,577450
20010,Washington,DC,Washington,District of Columbia,2501,2014-12,645000
20010,Washington,DC,Washington,District of Columbia,2501,2015-01,672500
20010,Washington,DC,Washington,District of Columbia,2501,2015-02,599450
20010,Washington,DC,Washington,District of Columbia,2501,2015-03,599000
20010,Washington,DC,Washington,District of Columbia,2501,2015-04,562500
20010,Washington,DC,Washington,District of Columbia,2501,2015-05,595000
20010,Washington,DC,Washington,District of Columbia,2501,2015-06,579900
20010,Washington,DC,Washington,District of Columbia,2501,2015-07,550000
20010,Washington,DC,Washington,District of Columbia,2501,2015-08,549500
20010,Washington,DC,Washington,District of Columbia,2501,2015-09,572450
20010,Washington,DC,Washington,District of Columbia,2501,2015-10,602375
20010,Washington,DC,Washington,District of Columbia,2501,2015-11,574950
20010,Washington,DC,Washington,District of Columbia,2501,2015-12,579000
20010,Washington,DC,Washington,District of Columbia,2501,2016-01,599000
20010,Washington,DC,Washington,District of Columbia,2501,2016-02,599750
20010,Washington,DC,Washington,District of Columbia,2501,2016-03,629900
20010,Washington,DC,Washington,District of Columbia,2501,2016-04,669000
20010,Washington,DC,Washington,District of Columbia,2501,2016-05,649900
20010,Washington,DC,Washington,District of Columbia,2501,2016-06,664000
20010,Washington,DC,Washington,District of Columbia,2501,2016-07,634900
20010,Washington,DC,Washington,District of Columbia,2501,2016-08,624555
20007,Washington,DC,Washington,District of Columbia,2513,2010-01,
20007,Washington,DC,Washington,District of Columbia,2513,2010-02,
20007,Washington,DC,Washington,District of Columbia,2513,2010-03,
20007,Washington,DC,Washington,District of Columbia,2513,2010-04,
20007,Washington,DC,Washington,District of Columbia,2513,2010-05,
20007,Washington,DC,Washington,District of Columbia,2513,2010-06,
20007,Washington,DC,Washington,District of Columbia,2513,2010-07,
20007,Washington,DC,Washington,District of Columbia,2513,2010-08,
20007,Washington,DC,Washington,District of Columbia,2513,2010-09,
20007,Washington,DC,Washington,District of Columbia,2513,2010-10,
20007,Washington,DC,Washington,District of Columbia,2513,2010-11,
20007,Washington,DC,Washington,District of Columbia,2513,2010-12,
20007,Washington,DC,Washington,District of Columbia,2513,2011-01,
20007,Washington,DC,Washington,District of Columbia,2513,2011-02,
20007,Washington,DC,Washington,District of Columbia,2513,2011-03,
20007,Washington,DC,Washington,District of Columbia,2513,2011-04,
20007,Washington,DC,Washington,District of Columbia,2513,2011-05,
20007,Washington,DC,Washington,District of Columbia,2513,2011-06,
20007,Washington,DC,Washington,District of Columbia,2513,2011-07,
20007,Washington,DC,Washington,District of Columbia,2513,2011-08,
20007,Washington,DC,Washington,District of Columbia,2513,2011-09,
20007,Washington,DC,Washington,District of Columbia,2513,2011-10,
20007,Washington,DC,Washington,District of Columbia,2513,2011-11,
20007,Washington,DC,Washington,District of Columbia,2513,2011-12,
20007,Washington,DC,Washington,District of Columbia,2513,2012-01,
20007,Washington,DC,Washington,District of Columbia,2513,2012-02,
20007,Washington,DC,Washington,District of Columbia,2513,2012-03,
20007,Washington,DC,Washington,District of Columbia,2513,2012-04,
20007,Washington,DC,Washington,District of Columbia,2513,2012-05,
20007,Washington,DC,Washington,District of Columbia,2513,2012-06,
20007,Washington,DC,Washington,District of Columbia,2513,2012-07,
20007,Washington,DC,Washington,District of Columbia,2513,2012-08,
20007,Washington,DC,Washington,District of Columbia,2513,2012-09,
20007,Washington,DC,Washington,District of Columbia,2513,2012-10,
20007,Washington,DC,Washington,District of Columbia,2513,2012-11,
20007,Washington,DC,Washington,District of Columbia,2513,2012-12,
20007,Washington,DC,Washington,District of Columbia,2513,2013-01,
20007,Washington,DC,Washington,District of Columbia,2513,2013-02,
20007,Washington,DC,Washington,District of Columbia,2513,2013-03,
20007,Washington,DC,Washington,District of Columbia,2513,2013-04,
20007,Washington,DC,Washington,District of Columbia,2513,2013-05,
20007,Washington,DC,Washington,District of Columbia,2513,2013-06,
20007,Washington,DC,Washington,District of Columbia,2513,2013-07,
20007,Washington,DC,Washington,District of Columbia,2513,2013-08,
20007,Washington,DC,Washington,District of Columbia,2513,2013-09,
20007,Washington,DC,Washington,District of Columbia,2513,2013-10,
20007,Washington,DC,Washington,District of Columbia,2513,2013-11,
20007,Washington,DC,Washington,District of Columbia,2513,2013-12,
20007,Washington,DC,Washington,District of Columbia,2513,2014-01,
20007,Washington,DC,Washington,District of Columbia,2513,2014-02,1025000
20007,Washington,DC,Washington,District of Columbia,2513,2014-03,902050
20007,Washington,DC,Washington,District of Columbia,2513,2014-04,935274.5
20007,Washington,DC,Washington,District of Columbia,2513,2014-05,995000
20007,Washington,DC,Washington,District of Columbia,2513,2014-06,925000
20007,Washington,DC,Washington,District of Columbia,2513,2014-07,849000
20007,Washington,DC,Washington,District of Columbia,2513,2014-08,767000
20007,Washington,DC,Washington,District of Columbia,2513,2014-09,850000
20007,Washington,DC,Washington,District of Columbia,2513,2014-10,954500
20007,Washington,DC,Washington,District of Columbia,2513,2014-11,967000
20007,Washington,DC,Washington,District of Columbia,2513,2014-12,947500
20007,Washington,DC,Washington,District of Columbia,2513,2015-01,932000
20007,Washington,DC,Washington,District of Columbia,2513,2015-02,846500
20007,Washington,DC,Washington,District of Columbia,2513,2015-03,889500
20007,Washington,DC,Washington,District of Columbia,2513,2015-04,907000
20007,Washington,DC,Washington,District of Columbia,2513,2015-05,980000
20007,Washington,DC,Washington,District of Columbia,2513,2015-06,869000
20007,Washington,DC,Washington,District of Columbia,2513,2015-07,849000
20007,Washington,DC,Washington,District of Columbia,2513,2015-08,909000
20007,Washington,DC,Washington,District of Columbia,2513,2015-09,919000
20007,Washington,DC,Washington,District of Columbia,2513,2015-10,900000
20007,Washington,DC,Washington,District of Columbia,2513,2015-11,889000
20007,Washington,DC,Washington,District of Columbia,2513,2015-12,910000
20007,Washington,DC,Washington,District of Columbia,2513,2016-01,875000
20007,Washington,DC,Washington,District of Columbia,2513,2016-02,850000
20007,Washington,DC,Washington,District of Columbia,2513,2016-03,877500
20007,Washington,DC,Washington,District of Columbia,2513,2016-04,899000
20007,Washington,DC,Washington,District of Columbia,2513,2016-05,1050000
20007,Washington,DC,Washington,District of Columbia,2513,2016-06,1095000
20007,Washington,DC,Washington,District of Columbia,2513,2016-07,1195000
20007,Washington,DC,Washington,District of Columbia,2513,2016-08,1295000
20018,Washington,DC,Washington,District of Columbia,5178,2010-01,
20018,Washington,DC,Washington,District of Columbia,5178,2010-02,
20018,Washington,DC,Washington,District of Columbia,5178,2010-03,
20018,Washington,DC,Washington,District of Columbia,5178,2010-04,
20018,Washington,DC,Washington,District of Columbia,5178,2010-05,
20018,Washington,DC,Washington,District of Columbia,5178,2010-06,
20018,Washington,DC,Washington,District of Columbia,5178,2010-07,
20018,Washington,DC,Washington,District of Columbia,5178,2010-08,
20018,Washington,DC,Washington,District of Columbia,5178,2010-09,
20018,Washington,DC,Washington,District of Columbia,5178,2010-10,
20018,Washington,DC,Washington,District of Columbia,5178,2010-11,
20018,Washington,DC,Washington,District of Columbia,5178,2010-12,
20018,Washington,DC,Washington,District of Columbia,5178,2011-01,
20018,Washington,DC,Washington,District of Columbia,5178,2011-02,
20018,Washington,DC,Washington,District of Columbia,5178,2011-03,
20018,Washington,DC,Washington,District of Columbia,5178,2011-04,
20018,Washington,DC,Washington,District of Columbia,5178,2011-05,
20018,Washington,DC,Washington,District of Columbia,5178,2011-06,
20018,Washington,DC,Washington,District of Columbia,5178,2011-07,
20018,Washington,DC,Washington,District of Columbia,5178,2011-08,
20018,Washington,DC,Washington,District of Columbia,5178,2011-09,
20018,Washington,DC,Washington,District of Columbia,5178,2011-10,
20018,Washington,DC,Washington,District of Columbia,5178,2011-11,
20018,Washington,DC,Washington,District of Columbia,5178,2011-12,
20018,Washington,DC,Washington,District of Columbia,5178,2012-01,
20018,Washington,DC,Washington,District of Columbia,5178,2012-02,
20018,Washington,DC,Washington,District of Columbia,5178,2012-03,
20018,Washington,DC,Washington,District of Columbia,5178,2012-04,
20018,Washington,DC,Washington,District of Columbia,5178,2012-05,
20018,Washington,DC,Washington,District of Columbia,5178,2012-06,
20018,Washington,DC,Washington,District of Columbia,5178,2012-07,
20018,Washington,DC,Washington,District of Columbia,5178,2012-08,
20018,Washington,DC,Washington,District of Columbia,5178,2012-09,
20018,Washington,DC,Washington,District of Columbia,5178,2012-10,
20018,Washington,DC,Washington,District of Columbia,5178,2012-11,
20018,Washington,DC,Washington,District of Columbia,5178,2012-12,
20018,Washington,DC,Washington,District of Columbia,5178,2013-01,
20018,Washington,DC,Washington,District of Columbia,5178,2013-02,
20018,Washington,DC,Washington,District of Columbia,5178,2013-03,
20018,Washington,DC,Washington,District of Columbia,5178,2013-04,
20018,Washington,DC,Washington,District of Columbia,5178,2013-05,
20018,Washington,DC,Washington,District of Columbia,5178,2013-06,
20018,Washington,DC,Washington,District of Columbia,5178,2013-07,
20018,Washington,DC,Washington,District of Columbia,5178,2013-08,
20018,Washington,DC,Washington,District of Columbia,5178,2013-09,
20018,Washington,DC,Washington,District of Columbia,5178,2013-10,
20018,Washington,DC,Washington,District of Columbia,5178,2013-11,390000
20018,Washington,DC,Washington,District of Columbia,5178,2013-12,420456
20018,Washington,DC,Washington,District of Columbia,5178,2014-01,418945
20018,Washington,DC,Washington,District of Columbia,5178,2014-02,451495
20018,Washington,DC,Washington,District of Columbia,5178,2014-03,432500
20018,Washington,DC,Washington,District of Columbia,5178,2014-04,402950
20018,Washington,DC,Washington,District of Columbia,5178,2014-05,427245
20018,Washington,DC,Washington,District of Columbia,5178,2014-06,422245
20018,Washington,DC,Washington,District of Columbia,5178,2014-07,409949.5
20018,Washington,DC,Washington,District of Columbia,5178,2014-08,424990
20018,Washington,DC,Washington,District of Columbia,5178,2014-09,399000
20018,Washington,DC,Washington,District of Columbia,5178,2014-10,469000
20018,Washington,DC,Washington,District of Columbia,5178,2014-11,462495
20018,Washington,DC,Washington,District of Columbia,5178,2014-12,479999
20018,Washington,DC,Washington,District of Columbia,5178,2015-01,452490
20018,Washington,DC,Washington,District of Columbia,5178,2015-02,449990
20018,Washington,DC,Washington,District of Columbia,5178,2015-03,478495
20018,Washington,DC,Washington,District of Columbia,5178,2015-04,450000
20018,Washington,DC,Washington,District of Columbia,5178,2015-05,489900
20018,Washington,DC,Washington,District of Columbia,5178,2015-06,461995
20018,Washington,DC,Washington,District of Columbia,5178,2015-07,479950
20018,Washington,DC,Washington,District of Columbia,5178,2015-08,499000
20018,Washington,DC,Washington,District of Columbia,5178,2015-09,474950
20018,Washington,DC,Washington,District of Columbia,5178,2015-10,499900
20018,Washington,DC,Washington,District of Columbia,5178,2015-11,482000
20018,Washington,DC,Washington,District of Columbia,5178,2015-12,499000
20018,Washington,DC,Washington,District of Columbia,5178,2016-01,482450
20018,Washington,DC,Washington,District of Columbia,5178,2016-02,489450
20018,Washington,DC,Washington,District of Columbia,5178,2016-03,500000
20018,Washington,DC,Washington,District of Columbia,5178,2016-04,532450
20018,Washington,DC,Washington,District of Columbia,5178,2016-05,534500
20018,Washington,DC,Washington,District of Columbia,5178,2016-06,550000
20018,Washington,DC,Washington,District of Columbia,5178,2016-07,564999
20018,Washington,DC,Washington,District of Columbia,5178,2016-08,550000
20037,Washington,DC,Washington,District of Columbia,5616,2010-01,
20037,Washington,DC,Washington,District of Columbia,5616,2010-02,
20037,Washington,DC,Washington,District of Columbia,5616,2010-03,
20037,Washington,DC,Washington,District of Columbia,5616,2010-04,
20037,Washington,DC,Washington,District of Columbia,5616,2010-05,
20037,Washington,DC,Washington,District of Columbia,5616,2010-06,
20037,Washington,DC,Washington,District of Columbia,5616,2010-07,
20037,Washington,DC,Washington,District of Columbia,5616,2010-08,
20037,Washington,DC,Washington,District of Columbia,5616,2010-09,
20037,Washington,DC,Washington,District of Columbia,5616,2010-10,
20037,Washington,DC,Washington,District of Columbia,5616,2010-11,
20037,Washington,DC,Washington,District of Columbia,5616,2010-12,
20037,Washington,DC,Washington,District of Columbia,5616,2011-01,
20037,Washington,DC,Washington,District of Columbia,5616,2011-02,
20037,Washington,DC,Washington,District of Columbia,5616,2011-03,
20037,Washington,DC,Washington,District of Columbia,5616,2011-04,
20037,Washington,DC,Washington,District of Columbia,5616,2011-05,
20037,Washington,DC,Washington,District of Columbia,5616,2011-06,
20037,Washington,DC,Washington,District of Columbia,5616,2011-07,
20037,Washington,DC,Washington,District of Columbia,5616,2011-08,
20037,Washington,DC,Washington,District of Columbia,5616,2011-09,
20037,Washington,DC,Washington,District of Columbia,5616,2011-10,
20037,Washington,DC,Washington,District of Columbia,5616,2011-11,
20037,Washington,DC,Washington,District of Columbia,5616,2011-12,
20037,Washington,DC,Washington,District of Columbia,5616,2012-01,
20037,Washington,DC,Washington,District of Columbia,5616,2012-02,
20037,Washington,DC,Washington,District of Columbia,5616,2012-03,
20037,Washington,DC,Washington,District of Columbia,5616,2012-04,612000
20037,Washington,DC,Washington,District of Columbia,5616,2012-05,599000
20037,Washington,DC,Washington,District of Columbia,5616,2012-06,549000
20037,Washington,DC,Washington,District of Columbia,5616,2012-07,524000
20037,Washington,DC,Washington,District of Columbia,5616,2012-08,575000
20037,Washington,DC,Washington,District of Columbia,5616,2012-09,579000
20037,Washington,DC,Washington,District of Columbia,5616,2012-10,570000
20037,Washington,DC,Washington,District of Columbia,5616,2012-11,565000
20037,Washington,DC,Washington,District of Columbia,5616,2012-12,567400
20037,Washington,DC,Washington,District of Columbia,5616,2013-01,550000
20037,Washington,DC,Washington,District of Columbia,5616,2013-02,562450
20037,Washington,DC,Washington,District of Columbia,5616,2013-03,560000
20037,Washington,DC,Washington,District of Columbia,5616,2013-04,537000
20037,Washington,DC,Washington,District of Columbia,5616,2013-05,544250
20037,Washington,DC,Washington,District of Columbia,5616,2013-06,539000
20037,Washington,DC,Washington,District of Columbia,5616,2013-07,575000
20037,Washington,DC,Washington,District of Columbia,5616,2013-08,608000
20037,Washington,DC,Washington,District of Columbia,5616,2013-09,624000
20037,Washington,DC,Washington,District of Columbia,5616,2013-10,599000
20037,Washington,DC,Washington,District of Columbia,5616,2013-11,631950
20037,Washington,DC,Washington,District of Columbia,5616,2013-12,643500
20037,Washington,DC,Washington,District of Columbia,5616,2014-01,659000
20037,Washington,DC,Washington,District of Columbia,5616,2014-02,659000
20037,Washington,DC,Washington,District of Columbia,5616,2014-03,626500
20037,Washington,DC,Washington,District of Columbia,5616,2014-04,602000
20037,Washington,DC,Washington,District of Columbia,5616,2014-05,537500
20037,Washington,DC,Washington,District of Columbia,5616,2014-06,599000
20037,Washington,DC,Washington,District of Columbia,5616,2014-07,542499.5
20037,Washington,DC,Washington,District of Columbia,5616,2014-08,517000
20037,Washington,DC,Washington,District of Columbia,5616,2014-09,599900
20037,Washington,DC,Washington,District of Columbia,5616,2014-10,599000
20037,Washington,DC,Washington,District of Columbia,5616,2014-11,599000
20037,Washington,DC,Washington,District of Columbia,5616,2014-12,599900
20037,Washington,DC,Washington,District of Columbia,5616,2015-01,599900
20037,Washington,DC,Washington,District of Columbia,5616,2015-02,590000
20037,Washington,DC,Washington,District of Columbia,5616,2015-03,574500
20037,Washington,DC,Washington,District of Columbia,5616,2015-04,489000
20037,Washington,DC,Washington,District of Columbia,5616,2015-05,442500
20037,Washington,DC,Washington,District of Columbia,5616,2015-06,467000
20037,Washington,DC,Washington,District of Columbia,5616,2015-07,467000
20037,Washington,DC,Washington,District of Columbia,5616,2015-08,478000
20037,Washington,DC,Washington,District of Columbia,5616,2015-09,487000
20037,Washington,DC,Washington,District of Columbia,5616,2015-10,487000
20037,Washington,DC,Washington,District of Columbia,5616,2015-11,550000
20037,Washington,DC,Washington,District of Columbia,5616,2015-12,600000
20037,Washington,DC,Washington,District of Columbia,5616,2016-01,600000
20037,Washington,DC,Washington,District of Columbia,5616,2016-02,625000
20037,Washington,DC,Washington,District of Columbia,5616,2016-03,619000
20037,Washington,DC,Washington,District of Columbia,5616,2016-04,563200
20037,Washington,DC,Washington,District of Columbia,5616,2016-05,519900
20037,Washington,DC,Washington,District of Columbia,5616,2016-06,554450
20037,Washington,DC,Washington,District of Columbia,5616,2016-07,512000
20037,Washington,DC,Washington,District of Columbia,5616,2016-08,479900
20015,Washington,DC,Washington,District of Columbia,6113,2010-01,
20015,Washington,DC,Washington,District of Columbia,6113,2010-02,
20015,Washington,DC,Washington,District of Columbia,6113,2010-03,
20015,Washington,DC,Washington,District of Columbia,6113,2010-04,
20015,Washington,DC,Washington,District of Columbia,6113,2010-05,
20015,Washington,DC,Washington,District of Columbia,6113,2010-06,
20015,Washington,DC,Washington,District of Columbia,6113,2010-07,
20015,Washington,DC,Washington,District of Columbia,6113,2010-08,
20015,Washington,DC,Washington,District of Columbia,6113,2010-09,
20015,Washington,DC,Washington,District of Columbia,6113,2010-10,
20015,Washington,DC,Washington,District of Columbia,6113,2010-11,
20015,Washington,DC,Washington,District of Columbia,6113,2010-12,
20015,Washington,DC,Washington,District of Columbia,6113,2011-01,
20015,Washington,DC,Washington,District of Columbia,6113,2011-02,
20015,Washington,DC,Washington,District of Columbia,6113,2011-03,
20015,Washington,DC,Washington,District of Columbia,6113,2011-04,
20015,Washington,DC,Washington,District of Columbia,6113,2011-05,
20015,Washington,DC,Washington,District of Columbia,6113,2011-06,
20015,Washington,DC,Washington,District of Columbia,6113,2011-07,
20015,Washington,DC,Washington,District of Columbia,6113,2011-08,
20015,Washington,DC,Washington,District of Columbia,6113,2011-09,
20015,Washington,DC,Washington,District of Columbia,6113,2011-10,
20015,Washington,DC,Washington,District of Columbia,6113,2011-11,
20015,Washington,DC,Washington,District of Columbia,6113,2011-12,
20015,Washington,DC,Washington,District of Columbia,6113,2012-01,
20015,Washington,DC,Washington,District of Columbia,6113,2012-02,
20015,Washington,DC,Washington,District of Columbia,6113,2012-03,
20015,Washington,DC,Washington,District of Columbia,6113,2012-04,
20015,Washington,DC,Washington,District of Columbia,6113,2012-05,
20015,Washington,DC,Washington,District of Columbia,6113,2012-06,
20015,Washington,DC,Washington,District of Columbia,6113,2012-07,
20015,Washington,DC,Washington,District of Columbia,6113,2012-08,
20015,Washington,DC,Washington,District of Columbia,6113,2012-09,
20015,Washington,DC,Washington,District of Columbia,6113,2012-10,
20015,Washington,DC,Washington,District of Columbia,6113,2012-11,
20015,Washington,DC,Washington,District of Columbia,6113,2012-12,
20015,Washington,DC,Washington,District of Columbia,6113,2013-01,
20015,Washington,DC,Washington,District of Columbia,6113,2013-02,
20015,Washington,DC,Washington,District of Columbia,6113,2013-03,
20015,Washington,DC,Washington,District of Columbia,6113,2013-04,
20015,Washington,DC,Washington,District of Columbia,6113,2013-05,1049000
20015,Washington,DC,Washington,District of Columbia,6113,2013-06,949000
20015,Washington,DC,Washington,District of Columbia,6113,2013-07,869500
20015,Washington,DC,Washington,District of Columbia,6113,2013-08,849900
20015,Washington,DC,Washington,District of Columbia,6113,2013-09,875000
20015,Washington,DC,Washington,District of Columbia,6113,2013-10,880000
20015,Washington,DC,Washington,District of Columbia,6113,2013-11,979900
20015,Washington,DC,Washington,District of Columbia,6113,2013-12,899000
20015,Washington,DC,Washington,District of Columbia,6113,2014-01,1002500
20015,Washington,DC,Washington,District of Columbia,6113,2014-02,1027000
20015,Washington,DC,Washington,District of Columbia,6113,2014-03,1044000
20015,Washington,DC,Washington,District of Columbia,6113,2014-04,1050000
20015,Washington,DC,Washington,District of Columbia,6113,2014-05,971750
20015,Washington,DC,Washington,District of Columbia,6113,2014-06,975000
20015,Washington,DC,Washington,District of Columbia,6113,2014-07,961500
20015,Washington,DC,Washington,District of Columbia,6113,2014-08,939000
20015,Washington,DC,Washington,District of Columbia,6113,2014-09,949975
20015,Washington,DC,Washington,District of Columbia,6113,2014-10,871500
20015,Washington,DC,Washington,District of Columbia,6113,2014-11,968500
20015,Washington,DC,Washington,District of Columbia,6113,2014-12,979000
20015,Washington,DC,Washington,District of Columbia,6113,2015-01,950000
20015,Washington,DC,Washington,District of Columbia,6113,2015-02,950000
20015,Washington,DC,Washington,District of Columbia,6113,2015-03,1039000
20015,Washington,DC,Washington,District of Columbia,6113,2015-04,1039000
20015,Washington,DC,Washington,District of Columbia,6113,2015-05,990000
20015,Washington,DC,Washington,District of Columbia,6113,2015-06,985000
20015,Washington,DC,Washington,District of Columbia,6113,2015-07,929500
20015,Washington,DC,Washington,District of Columbia,6113,2015-08,949000
20015,Washington,DC,Washington,District of Columbia,6113,2015-09,969000
20015,Washington,DC,Washington,District of Columbia,6113,2015-10,944500
20015,Washington,DC,Washington,District of Columbia,6113,2015-11,949000
20015,Washington,DC,Washington,District of Columbia,6113,2015-12,980000
20015,Washington,DC,Washington,District of Columbia,6113,2016-01,959000
20015,Washington,DC,Washington,District of Columbia,6113,2016-02,947000
20015,Washington,DC,Washington,District of Columbia,6113,2016-03,954500
20015,Washington,DC,Washington,District of Columbia,6113,2016-04,962500
20015,Washington,DC,Washington,District of Columbia,6113,2016-05,980000
20015,Washington,DC,Washington,District of Columbia,6113,2016-06,980000
20015,Washington,DC,Washington,District of Columbia,6113,2016-07,975000
20015,Washington,DC,Washington,District of Columbia,6113,2016-08,991250
