,Rank,Rank_Year,School,School URL,District,District URL,City,City URL,Zip,County,Low Grade,High Grade,Is Title I,Is Charter,Is Magnet,Is Virtual,Number Students,Number Fulltime Teachers,Student/Teacher Ratio,Percent Free/Disc Lunch,Percent African American,Percent American Indian,Percent Asian,Percent Hispanic,Percent Pacific Islander,Percent Two or More Races,Percent White,Average Standard Score,Rank Change from Prior Year,SchoolDigger Star Rating
0,1,2009-10,Benjamin Banneker Academy High School,https://www.schooldigger.com/go/DC/schools/0003000153/school.aspx,District Of Columbia Public Schools,https://www.schooldigger.com/go/DC/district/00030/search.aspx,Washington,https://www.schooldigger.com/go/DC/city/Washington/search.aspx,20001,District Of Columbia,09,12,Yes,No,Yes,No,393,34.0,11.5,52.2,86.8,0.0,3.3,8.9,,,1.0,99.2,,5
1,2,2009-10,School Without Walls High School,https://www.schooldigger.com/go/DC/schools/0003000131/school.aspx,District Of Columbia Public Schools,https://www.schooldigger.com/go/DC/district/00030/search.aspx,Washington,https://www.schooldigger.com/go/DC/city/Washington/search.aspx,20037,District Of Columbia,09,12,Yes,No,Yes,No,441,43.0,10.2,24.9,59.4,0.5,5.2,8.4,,,26.5,98.9,,5
2,3,2009-10,McKinley Technology High School,https://www.schooldigger.com/go/DC/schools/0003000267/school.aspx,District Of Columbia Public Schools,https://www.schooldigger.com/go/DC/district/00030/search.aspx,Washington,https://www.schooldigger.com/go/DC/city/Washington/search.aspx,20002,District Of Columbia,09,12,Yes,No,Yes,No,705,59.0,11.9,47.0,96.3,0.0,0.9,2.6,,,0.3,91.9,,5
3,4,2009-10,Thurgood Marshall Academy Pcs,https://www.schooldigger.com/go/DC/schools/0003400249/school.aspx,Thurgood Marshall Academy Pcs,https://www.schooldigger.com/go/DC/district/00034/search.aspx,Washington,https://www.schooldigger.com/go/DC/city/Washington/search.aspx,20020,District Of Columbia,09,12,Yes,Yes,No,No,389,34.0,11.4,72.2,99.7,0.0,0.0,0.3,,,0.0,86.0,,4
4,5,2009-10,Ellington School Of The Arts,https://www.schooldigger.com/go/DC/schools/0003000016/school.aspx,District Of Columbia Public Schools,https://www.schooldigger.com/go/DC/district/00030/search.aspx,Washington,https://www.schooldigger.com/go/DC/city/Washington/search.aspx,20007,District Of Columbia,09,12,No,No,Yes,No,491,20.0,24.5,37.5,85.7,0.0,0.8,5.3,,,8.1,85.2,,4
5,6,2009-10,Wilson High School,https://www.schooldigger.com/go/DC/schools/0003000133/school.aspx,District Of Columbia Public Schools,https://www.schooldigger.com/go/DC/district/00030/search.aspx,Washington,https://www.schooldigger.com/go/DC/city/Washington/search.aspx,20016,District Of Columbia,09,12,No,No,No,No,1483,112.0,13.2,42.5,51.1,0.1,8.1,17.3,,,23.3,84.8,,4
6,7,2009-10,Washington Latin Pcs Upper School,https://www.schooldigger.com/go/DC/schools/0001900423/school.aspx,Washington Latin Pcs,https://www.schooldigger.com/go/DC/district/00019/search.aspx,Washington,https://www.schooldigger.com/go/DC/city/Washington/search.aspx,20011,District Of Columbia,09,12,No,Yes,No,No,122,26.0,4.6,,68.9,1.6,6.6,9.0,,,13.9,84.6,,4
7,8,2009-10,Coolidge Senior High School,https://www.schooldigger.com/go/DC/schools/0003000081/school.aspx,District Of Columbia Public Schools,https://www.schooldigger.com/go/DC/district/00030/search.aspx,Washington,https://www.schooldigger.com/go/DC/city/Washington/search.aspx,20011,District Of Columbia,09,12,Yes,No,No,No,581,51.0,11.3,77.3,91.9,0.0,0.2,7.9,,,0.0,67.5,,4
8,9,2009-10,Seed Pcs Of Washington Dc,https://www.schooldigger.com/go/DC/schools/0002200236/school.aspx,Seed Pcs Of Washington Dc,https://www.schooldigger.com/go/DC/district/00022/search.aspx,Washington,https://www.schooldigger.com/go/DC/city/Washington/search.aspx,20019,District Of Columbia,06,12,Yes,Yes,No,No,337,46.0,7.3,77.5,99.1,0.0,0.0,0.6,,,0.3,62.2,,4
9,10,2009-10,Friendship Pcs Woodson Collegiate Campus,https://www.schooldigger.com/go/DC/schools/0000800338/school.aspx,Friendship Pcs,https://www.schooldigger.com/go/DC/district/00008/search.aspx,Washington,https://www.schooldigger.com/go/DC/city/Washington/search.aspx,20019,District Of Columbia,09,12,Yes,Yes,No,No,1219,61.0,19.9,68.6,99.7,0.1,0.0,0.2,,,0.1,60.8,,3
10,11,2009-10,Phelps Architecture Construction and Engineering High School,https://www.schooldigger.com/go/DC/schools/0003000407/school.aspx,District Of Columbia Public Schools,https://www.schooldigger.com/go/DC/district/00030/search.aspx,Washington,https://www.schooldigger.com/go/DC/city/Washington/search.aspx,20003,District Of Columbia,09,12,Yes,No,Yes,No,239,26.0,9.1,73.6,95.4,0.0,2.1,2.1,,,0.4,58.7,,3
11,12,2009-10,Washington Math Science Tech Pcs,https://www.schooldigger.com/go/DC/schools/0002600240/school.aspx,Washington Math Science Pcs,https://www.schooldigger.com/go/DC/district/00026/search.aspx,Washington,https://www.schooldigger.com/go/DC/city/Washington/search.aspx,20002,District Of Columbia,09,12,Yes,Yes,No,No,368,36.0,10.2,53.5,98.9,0.0,0.0,1.1,,,0.0,57.6,,3
12,13,2009-10,Perry Street Prep Pcs,https://www.schooldigger.com/go/DC/schools/0001100225/school.aspx,Perry Street Preparatory Pcs,https://www.schooldigger.com/go/DC/district/00011/search.aspx,Washington,https://www.schooldigger.com/go/DC/city/Washington/search.aspx,20018,District Of Columbia,PK,12,Yes,Yes,No,No,741,66.0,11.2,71.8,97.7,0.0,0.3,2.0,,,0.0,56.2,,3
13,14,2009-10,Cesar Chavez For Public Policy Capitol Hill Pcs,https://www.schooldigger.com/go/DC/schools/0000500219/school.aspx,Cesar Chavez Public Pcs,https://www.schooldigger.com/go/DC/district/00005/search.aspx,Washington,https://www.schooldigger.com/go/DC/city/Washington/search.aspx,20003,District Of Columbia,09,12,Yes,Yes,No,No,427,57.0,7.4,63.5,83.8,0.0,0.2,15.7,,,0.2,55.6,,3
14,15,2009-10,Idea Pcs,https://www.schooldigger.com/go/DC/schools/0001300227/school.aspx,Idea Pcs,https://www.schooldigger.com/go/DC/district/00013/search.aspx,Washington,https://www.schooldigger.com/go/DC/city/Washington/search.aspx,20019,District Of Columbia,09,12,Yes,Yes,No,No,468,39.0,12.0,85.7,98.3,0.2,0.6,0.6,,,0.2,52.3,,3
15,16,2009-10,Roosevelt High School At Macfarland,https://www.schooldigger.com/go/DC/schools/0003000008/school.aspx,District Of Columbia Public Schools,https://www.schooldigger.com/go/DC/district/00030/search.aspx,Washington,https://www.schooldigger.com/go/DC/city/Washington/search.aspx,20011,District Of Columbia,09,12,Yes,No,No,No,684,66.0,10.3,79.5,70.8,0.0,0.4,28.5,,,0.3,43.6,,2
16,17,2009-10,Columbia Heights Ec,https://www.schooldigger.com/go/DC/schools/0003000396/school.aspx,District Of Columbia Public Schools,https://www.schooldigger.com/go/DC/district/00030/search.aspx,Washington,https://www.schooldigger.com/go/DC/city/Washington/search.aspx,20010,District Of Columbia,06,12,Yes,No,No,No,1276,106.0,12.0,88.9,30.3,0.0,2.7,66.5,,,0.5,43.2,,2
17,18,2009-10,Dunbar High School,https://www.schooldigger.com/go/DC/schools/0003000079/school.aspx,District Of Columbia Public Schools,https://www.schooldigger.com/go/DC/district/00030/search.aspx,Washington,https://www.schooldigger.com/go/DC/city/Washington/search.aspx,20001,District Of Columbia,09,12,Yes,No,No,No,837,66.0,12.6,91.8,98.2,0.0,0.2,1.4,,,0.1,31.3,,2
18,19,2009-10,Ballou Senior High School,https://www.schooldigger.com/go/DC/schools/0003000084/school.aspx,District Of Columbia Public Schools,https://www.schooldigger.com/go/DC/district/00030/search.aspx,Washington,https://www.schooldigger.com/go/DC/city/Washington/search.aspx,20032,District Of Columbia,09,12,Yes,No,No,No,1162,88.0,13.2,81.7,99.6,0.1,0.0,0.2,,,0.2,30.1,,2
19,20,2009-10,Hospitality High School,https://www.schooldigger.com/go/DC/schools/0001000224/school.aspx,Washington Hospitality Foundation,https://www.schooldigger.com/go/DC/district/00010/search.aspx,Washington,https://www.schooldigger.com/go/DC/city/Washington/search.aspx,20001,District Of Columbia,09,12,Yes,No,No,No,174,25.0,6.9,82.2,95.4,0.0,0.0,4.6,,,0.0,29.7,,2
20,21,2009-10,Maya Angelou Pcs Evans High School,https://www.schooldigger.com/go/DC/schools/0001400391/school.aspx,Maya Angelou Pcs,https://www.schooldigger.com/go/DC/district/00014/search.aspx,Washington,https://www.schooldigger.com/go/DC/city/Washington/search.aspx,20019,District Of Columbia,09,12,Yes,Yes,No,No,416,29.0,14.3,40.4,99.8,0.0,0.0,0.2,,,0.0,23.6,,2
21,22,2009-10,Cardozo Ec,https://www.schooldigger.com/go/DC/schools/0003000082/school.aspx,District Of Columbia Public Schools,https://www.schooldigger.com/go/DC/district/00030/search.aspx,Washington,https://www.schooldigger.com/go/DC/city/Washington/search.aspx,20009,District Of Columbia,06,12,Yes,No,No,No,631,63.0,10.0,76.2,73.4,0.3,2.4,23.8,,,0.2,22.7,,1
22,23,2009-10,Woodson H D High School,https://www.schooldigger.com/go/DC/schools/0003000055/school.aspx,District Of Columbia Public Schools,https://www.schooldigger.com/go/DC/district/00030/search.aspx,Washington,https://www.schooldigger.com/go/DC/city/Washington/search.aspx,20019,District Of Columbia,09,12,Yes,No,No,No,545,54.0,10.0,,100.0,0.0,0.0,0.0,,,0.0,21.6,,1
23,24,2009-10,Washington Metropolitan High School Formerly Yea,https://www.schooldigger.com/go/DC/schools/0003000397/school.aspx,District Of Columbia Public Schools,https://www.schooldigger.com/go/DC/district/00030/search.aspx,Washington,https://www.schooldigger.com/go/DC/city/Washington/search.aspx,20001,District Of Columbia,09,12,Yes,No,No,No,126,,,,100.0,0.0,0.0,0.0,,,0.0,20.1,,1
24,25,2009-10,Luke Moore Alternative High School,https://www.schooldigger.com/go/DC/schools/0003000198/school.aspx,District Of Columbia Public Schools,https://www.schooldigger.com/go/DC/district/00030/search.aspx,Washington,https://www.schooldigger.com/go/DC/city/Washington/search.aspx,20017,District Of Columbia,09,12,Yes,No,No,No,336,25.0,13.4,85.7,98.8,0.0,0.0,1.2,,,0.0,19.6,,1
25,26,2009-10,Anacostia Senior High School,https://www.schooldigger.com/go/DC/schools/0003000085/school.aspx,District Of Columbia Public Schools,https://www.schooldigger.com/go/DC/district/00030/search.aspx,Washington,https://www.schooldigger.com/go/DC/city/Washington/search.aspx,20020,District Of Columbia,09,12,Yes,No,No,No,836,64.0,13.0,88.2,100.0,0.0,0.0,0.0,,,0.0,17.7,,1
26,27,2009-10,Spingarn Senior High School,https://www.schooldigger.com/go/DC/schools/0003000130/school.aspx,District Of Columbia Public Schools,https://www.schooldigger.com/go/DC/district/00030/search.aspx,Washington,https://www.schooldigger.com/go/DC/city/Washington/search.aspx,20002,District Of Columbia,09,12,(n/a),No,(n/a),No,538,43.0,12.5,92.0,99.1,0.0,0.2,0.7,,,0.0,14.4,,0
27,28,2009-10,Options Pcs,https://www.schooldigger.com/go/DC/schools/0001800232/school.aspx,Options Pcs,https://www.schooldigger.com/go/DC/district/00018/search.aspx,Washington,https://www.schooldigger.com/go/DC/city/Washington/search.aspx,20002,District Of Columbia,07,12,Yes,Yes,No,No,319,61.0,5.2,84.0,99.1,0.0,0.6,0.3,,,0.0,10.4,,0
28,1,2010-11,Mamie D Lee School,https://www.schooldigger.com/go/DC/schools/0003000090/school.aspx,District Of Columbia Public Schools,https://www.schooldigger.com/go/DC/district/00030/search.aspx,Washington,https://www.schooldigger.com/go/DC/city/Washington/search.aspx,20011,District Of Columbia,01,12,Yes,No,No,No,83,21.0,3.9,96.4,92.8,0.0,1.2,6.0,0.0,0.0,0.0,97.2,,5
29,2,2010-11,School Without Walls High School,https://www.schooldigger.com/go/DC/schools/0003000131/school.aspx,District Of Columbia Public Schools,https://www.schooldigger.com/go/DC/district/00030/search.aspx,Washington,https://www.schooldigger.com/go/DC/city/Washington/search.aspx,20037,District Of Columbia,09,12,Yes,No,Yes,No,456,39.1,11.6,22.6,52.0,0.7,3.7,12.5,0.4,2.6,28.1,96.9,0.0,5
30,3,2010-11,Benjamin Banneker Academy High School,https://www.schooldigger.com/go/DC/schools/0003000153/school.aspx,District Of Columbia Public Schools,https://www.schooldigger.com/go/DC/district/00030/search.aspx,Washington,https://www.schooldigger.com/go/DC/city/Washington/search.aspx,20001,District Of Columbia,09,12,Yes,No,Yes,No,427,30.0,14.2,48.7,86.2,0.0,1.6,11.2,0.0,0.9,0.0,96.1,-2.0,5
31,4,2010-11,McKinley Technology High School,https://www.schooldigger.com/go/DC/schools/0003000267/school.aspx,District Of Columbia Public Schools,https://www.schooldigger.com/go/DC/district/00030/search.aspx,Washington,https://www.schooldigger.com/go/DC/city/Washington/search.aspx,20002,District Of Columbia,09,12,Yes,No,Yes,No,689,48.0,14.3,53.6,95.2,0.4,0.4,3.0,0.0,0.6,0.3,93.0,-1.0,4
32,5,2010-11,Ellington School Of The Arts,https://www.schooldigger.com/go/DC/schools/0003000016/school.aspx,District Of Columbia Public Schools,https://www.schooldigger.com/go/DC/district/00030/search.aspx,Washington,https://www.schooldigger.com/go/DC/city/Washington/search.aspx,20007,District Of Columbia,09,12,No,No,Yes,No,506,13.0,38.9,37.8,79.8,0.0,1.2,8.3,0.0,2.4,8.3,88.8,0.0,4
33,6,2010-11,Thurgood Marshall Academy Pcs,https://www.schooldigger.com/go/DC/schools/0003400249/school.aspx,Thurgood Marshall Academy Pcs,https://www.schooldigger.com/go/DC/district/00034/search.aspx,Washington,https://www.schooldigger.com/go/DC/city/Washington/search.aspx,20020,District Of Columbia,09,12,Yes,Yes,No,No,388,32.5,11.9,80.2,99.5,0.0,0.0,0.3,0.0,0.3,0.0,80.7,-2.0,4
34,7,2010-11,Washington Latin Pcs Upper School,https://www.schooldigger.com/go/DC/schools/0001900423/school.aspx,Washington Latin Pcs,https://www.schooldigger.com/go/DC/district/00019/search.aspx,Washington,https://www.schooldigger.com/go/DC/city/Washington/search.aspx,20011,District Of Columbia,09,12,No,Yes,No,No,167,20.2,8.2,0.0,67.1,0.6,3.0,12.6,0.0,4.8,12.0,76.4,0.0,4
35,8,2010-11,Perry Street Prep Pcs,https://www.schooldigger.com/go/DC/schools/0001100225/school.aspx,Perry Street Preparatory Pcs,https://www.schooldigger.com/go/DC/district/00011/search.aspx,Washington,https://www.schooldigger.com/go/DC/city/Washington/search.aspx,20018,District Of Columbia,PK,12,Yes,Yes,No,No,749,60.0,12.4,77.8,97.2,0.0,0.0,2.7,0.0,0.1,0.0,71.0,5.0,4
36,9,2010-11,Seed Pcs Of Washington Dc,https://www.schooldigger.com/go/DC/schools/0002200236/school.aspx,Seed Pcs Of Washington Dc,https://www.schooldigger.com/go/DC/district/00022/search.aspx,Washington,https://www.schooldigger.com/go/DC/city/Washington/search.aspx,20019,District Of Columbia,06,12,Yes,Yes,No,No,341,87.0,3.9,55.1,99.7,0.0,0.0,0.3,0.0,0.0,0.0,70.4,0.0,4
37,10,2010-11,Washington Math Science Tech Pcs,https://www.schooldigger.com/go/DC/schools/0002600240/school.aspx,Washington Math Science Pcs,https://www.schooldigger.com/go/DC/district/00026/search.aspx,Washington,https://www.schooldigger.com/go/DC/city/Washington/search.aspx,20002,District Of Columbia,09,12,Yes,Yes,No,No,351,31.0,11.3,87.2,100.0,0.0,0.0,0.0,0.0,0.0,0.0,67.9,2.0,3
38,11,2010-11,Wilson High School,https://www.schooldigger.com/go/DC/schools/0003000133/school.aspx,District Of Columbia Public Schools,https://www.schooldigger.com/go/DC/district/00030/search.aspx,Washington,https://www.schooldigger.com/go/DC/city/Washington/search.aspx,20016,District Of Columbia,09,12,No,No,No,No,1518,102.0,14.8,45.6,49.5,0.3,6.6,18.2,0.2,3.1,22.1,67.4,-5.0,3
39,12,2010-11,Phelps Architecture Construction and Engineering High School,https://www.schooldigger.com/go/DC/schools/0003000407/school.aspx,District Of Columbia Public Schools,https://www.schooldigger.com/go/DC/district/00030/search.aspx,Washington,https://www.schooldigger.com/go/DC/city/Washington/search.aspx,20003,District Of Columbia,09,12,Yes,No,Yes,No,301,30.0,10.0,69.8,91.7,0.0,1.7,4.7,0.0,1.7,0.3,66.1,-1.0,3
40,13,2010-11,Cesar Chavez For Public Policy Capitol Hill Pcs,https://www.schooldigger.com/go/DC/schools/0000500219/school.aspx,Cesar Chavez Public Pcs,https://www.schooldigger.com/go/DC/district/00005/search.aspx,Washington,https://www.schooldigger.com/go/DC/city/Washington/search.aspx,20003,District Of Columbia,09,12,Yes,Yes,No,No,411,42.0,9.7,72.0,83.9,0.5,0.2,14.1,0.0,1.0,0.2,58.6,1.0,3
41,14,2010-11,Hospitality High School,https://www.schooldigger.com/go/DC/schools/0001000224/school.aspx,Washington Hospitality Foundation,https://www.schooldigger.com/go/DC/district/00010/search.aspx,Washington,https://www.schooldigger.com/go/DC/city/Washington/search.aspx,20001,District Of Columbia,09,12,Yes,No,No,No,154,18.0,8.5,78.6,92.9,0.0,0.0,7.1,0.0,0.0,0.0,58.3,6.0,3
42,15,2010-11,Columbia Heights Ec,https://www.schooldigger.com/go/DC/schools/0003000396/school.aspx,District Of Columbia Public Schools,https://www.schooldigger.com/go/DC/district/00030/search.aspx,Washington,https://www.schooldigger.com/go/DC/city/Washington/search.aspx,20010,District Of Columbia,06,12,Yes,No,No,No,1272,96.1,13.2,89.2,28.2,0.0,2.4,67.0,0.1,0.5,1.9,58.3,2.0,3
43,16,2010-11,Friendship Pcs Woodson Collegiate Campus,https://www.schooldigger.com/go/DC/schools/0000800338/school.aspx,Friendship Pcs,https://www.schooldigger.com/go/DC/district/00008/search.aspx,Washington,https://www.schooldigger.com/go/DC/city/Washington/search.aspx,20019,District Of Columbia,09,12,Yes,Yes,No,No,1231,66.0,18.6,64.7,99.6,0.0,0.0,0.2,0.0,0.2,0.0,49.9,-6.0,2
44,17,2010-11,Coolidge Senior High School,https://www.schooldigger.com/go/DC/schools/0003000081/school.aspx,District Of Columbia Public Schools,https://www.schooldigger.com/go/DC/district/00030/search.aspx,Washington,https://www.schooldigger.com/go/DC/city/Washington/search.aspx,20011,District Of Columbia,09,12,Yes,No,No,No,678,40.0,16.9,73.5,89.8,0.1,0.0,9.9,0.0,0.0,0.1,36.4,-9.0,2
45,18,2010-11,Idea Pcs,https://www.schooldigger.com/go/DC/schools/0001300227/school.aspx,Idea Pcs,https://www.schooldigger.com/go/DC/district/00013/search.aspx,Washington,https://www.schooldigger.com/go/DC/city/Washington/search.aspx,20019,District Of Columbia,09,12,Yes,Yes,No,No,389,41.0,9.4,89.0,100.0,0.0,0.0,0.0,0.0,0.0,0.0,35.4,-3.0,2
46,19,2010-11,Luke Moore Alternative High School,https://www.schooldigger.com/go/DC/schools/0003000198/school.aspx,District Of Columbia Public Schools,https://www.schooldigger.com/go/DC/district/00030/search.aspx,Washington,https://www.schooldigger.com/go/DC/city/Washington/search.aspx,20017,District Of Columbia,09,12,Yes,No,No,No,277,16.0,17.3,98.9,94.6,0.0,0.0,5.4,0.0,0.0,0.0,26.5,6.0,2
47,20,2010-11,Cardozo Ec,https://www.schooldigger.com/go/DC/schools/0003000082/school.aspx,District Of Columbia Public Schools,https://www.schooldigger.com/go/DC/district/00030/search.aspx,Washington,https://www.schooldigger.com/go/DC/city/Washington/search.aspx,20009,District Of Columbia,06,12,Yes,No,No,No,607,54.0,11.2,78.3,73.0,0.0,1.2,24.9,0.3,0.7,0.0,24.7,2.0,2
48,21,2010-11,Roosevelt High School At Macfarland,https://www.schooldigger.com/go/DC/schools/0003000008/school.aspx,District Of Columbia Public Schools,https://www.schooldigger.com/go/DC/district/00030/search.aspx,Washington,https://www.schooldigger.com/go/DC/city/Washington/search.aspx,20011,District Of Columbia,09,12,Yes,No,No,No,622,53.0,11.7,71.7,77.0,0.2,0.5,21.4,0.5,0.3,0.2,22.4,-5.0,2
49,22,2010-11,Dunbar High School,https://www.schooldigger.com/go/DC/schools/0003000079/school.aspx,District Of Columbia Public Schools,https://www.schooldigger.com/go/DC/district/00030/search.aspx,Washington,https://www.schooldigger.com/go/DC/city/Washington/search.aspx,20001,District Of Columbia,09,12,Yes,No,No,No,766,51.0,15.0,99.6,97.3,0.0,0.3,2.3,0.0,0.0,0.1,20.3,-4.0,1
50,23,2010-11,Maya Angelou Pcs Evans High School,https://www.schooldigger.com/go/DC/schools/0001400391/school.aspx,Maya Angelou Pcs,https://www.schooldigger.com/go/DC/district/00014/search.aspx,Washington,https://www.schooldigger.com/go/DC/city/Washington/search.aspx,20019,District Of Columbia,09,12,Yes,Yes,No,No,264,31.0,8.5,0.0,99.2,0.4,0.0,0.4,0.0,0.0,0.0,18.4,-2.0,1
51,24,2010-11,Ballou Senior High School,https://www.schooldigger.com/go/DC/schools/0003000084/school.aspx,District Of Columbia Public Schools,https://www.schooldigger.com/go/DC/district/00030/search.aspx,Washington,https://www.schooldigger.com/go/DC/city/Washington/search.aspx,20032,District Of Columbia,09,12,Yes,No,No,No,1064,84.0,12.6,89.2,99.3,0.1,0.0,0.3,0.1,0.0,0.2,18.2,-5.0,1
52,25,2010-11,Spingarn Senior High School,https://www.schooldigger.com/go/DC/schools/0003000130/school.aspx,District Of Columbia Public Schools,https://www.schooldigger.com/go/DC/district/00030/search.aspx,Washington,https://www.schooldigger.com/go/DC/city/Washington/search.aspx,20002,District Of Columbia,09,12,(n/a),No,(n/a),No,516,39.0,13.2,95.9,99.6,0.0,0.0,0.4,0.0,0.0,0.0,14.0,2.0,1
53,26,2010-11,Woodson H D High School,https://www.schooldigger.com/go/DC/schools/0003000055/school.aspx,District Of Columbia Public Schools,https://www.schooldigger.com/go/DC/district/00030/search.aspx,Washington,https://www.schooldigger.com/go/DC/city/Washington/search.aspx,20019,District Of Columbia,09,12,Yes,No,No,No,721,101.0,7.1,67.3,99.6,0.0,0.0,0.3,0.0,0.1,0.0,13.0,-3.0,1
54,27,2010-11,Options Pcs,https://www.schooldigger.com/go/DC/schools/0001800232/school.aspx,Options Pcs,https://www.schooldigger.com/go/DC/district/00018/search.aspx,Washington,https://www.schooldigger.com/go/DC/city/Washington/search.aspx,20002,District Of Columbia,07,12,Yes,Yes,No,No,373,64.0,5.8,66.8,99.2,0.0,0.0,0.3,0.0,0.0,0.5,12.9,1.0,1
55,28,2010-11,Washington Metropolitan High School Formerly Yea,https://www.schooldigger.com/go/DC/schools/0003000397/school.aspx,District Of Columbia Public Schools,https://www.schooldigger.com/go/DC/district/00030/search.aspx,Washington,https://www.schooldigger.com/go/DC/city/Washington/search.aspx,20001,District Of Columbia,09,12,Yes,No,No,No,218,17.0,12.8,89.5,97.7,0.0,0.0,1.4,0.0,0.9,0.0,12.3,-4.0,0
56,29,2010-11,Anacostia Senior High School,https://www.schooldigger.com/go/DC/schools/0003000085/school.aspx,District Of Columbia Public Schools,https://www.schooldigger.com/go/DC/district/00030/search.aspx,Washington,https://www.schooldigger.com/go/DC/city/Washington/search.aspx,20020,District Of Columbia,09,12,Yes,No,No,No,858,67.0,12.8,85.9,99.5,0.0,0.0,0.5,0.0,0.0,0.0,11.4,-3.0,0
57,1,2011-12,School Without Walls High School,https://www.schooldigger.com/go/DC/schools/0003000131/school.aspx,District Of Columbia Public Schools,https://www.schooldigger.com/go/DC/district/00030/search.aspx,Washington,https://www.schooldigger.com/go/DC/city/Washington/search.aspx,20037,District Of Columbia,09,12,Yes,No,Yes,No,536,36.0,14.8,22.6,46.6,0.7,3.7,6.7,0.6,4.5,37.1,98.2,1.0,5
58,2,2011-12,McKinley Technology High School,https://www.schooldigger.com/go/DC/schools/0003000267/school.aspx,District Of Columbia Public Schools,https://www.schooldigger.com/go/DC/district/00030/search.aspx,Washington,https://www.schooldigger.com/go/DC/city/Washington/search.aspx,20002,District Of Columbia,09,12,Yes,No,Yes,No,670,46.5,14.4,50.6,93.3,0.6,0.4,3.6,0.3,1.3,0.4,96.7,2.0,5
59,3,2011-12,Benjamin Banneker Academy High School,https://www.schooldigger.com/go/DC/schools/0003000153/school.aspx,District Of Columbia Public Schools,https://www.schooldigger.com/go/DC/district/00030/search.aspx,Washington,https://www.schooldigger.com/go/DC/city/Washington/search.aspx,20001,District Of Columbia,09,12,Yes,No,Yes,No,413,28.4,14.4,61.0,85.0,0.0,2.9,10.2,0.2,1.5,0.2,96.6,0.0,5
60,4,2011-12,Thurgood Marshall Academy Pcs,https://www.schooldigger.com/go/DC/schools/0003400249/school.aspx,Thurgood Marshall Academy Pcs,https://www.schooldigger.com/go/DC/district/00034/search.aspx,Washington,https://www.schooldigger.com/go/DC/city/Washington/search.aspx,20020,District Of Columbia,09,12,Yes,Yes,No,No,389,31.0,12.5,76.4,99.7,0.0,0.0,0.0,0.0,0.0,0.3,89.2,2.0,5
61,5,2011-12,Seed Pcs Of Washington Dc,https://www.schooldigger.com/go/DC/schools/0002200236/school.aspx,Seed Pcs Of Washington Dc,https://www.schooldigger.com/go/DC/district/00022/search.aspx,Washington,https://www.schooldigger.com/go/DC/city/Washington/search.aspx,20019,District Of Columbia,06,12,Yes,Yes,No,No,344,60.0,5.7,67.7,99.1,0.0,0.0,0.9,0.0,0.0,0.0,83.5,4.0,4
62,6,2011-12,Ellington School Of The Arts,https://www.schooldigger.com/go/DC/schools/0003000016/school.aspx,District Of Columbia Public Schools,https://www.schooldigger.com/go/DC/district/00030/search.aspx,Washington,https://www.schooldigger.com/go/DC/city/Washington/search.aspx,20007,District Of Columbia,09,12,No,No,Yes,No,518,7.0,74.0,37.5,78.6,0.0,1.4,9.1,0.2,1.9,8.9,80.1,-1.0,4
63,7,2011-12,Kipp Dc College Prep Pcs,https://www.schooldigger.com/go/DC/schools/0003100421/school.aspx,Kipp Academy Pcs,https://www.schooldigger.com/go/DC/district/00031/search.aspx,Washington,https://www.schooldigger.com/go/DC/city/Washington/search.aspx,20020,District Of Columbia,06,12,Yes,Yes,No,No,330,24.0,13.7,81.2,100.0,0.0,0.0,0.0,0.0,0.0,0.0,75.7,,4
64,8,2011-12,Washington Latin Pcs Upper School,https://www.schooldigger.com/go/DC/schools/0001900423/school.aspx,Washington Latin Pcs,https://www.schooldigger.com/go/DC/district/00019/search.aspx,Washington,https://www.schooldigger.com/go/DC/city/Washington/search.aspx,20011,District Of Columbia,09,12,No,Yes,No,No,225,26.8,8.3,36.9,66.7,0.4,3.6,13.3,0.0,4.4,11.6,75.6,-1.0,4
65,9,2011-12,Wilson High School,https://www.schooldigger.com/go/DC/schools/0003000133/school.aspx,District Of Columbia Public Schools,https://www.schooldigger.com/go/DC/district/00030/search.aspx,Washington,https://www.schooldigger.com/go/DC/city/Washington/search.aspx,20016,District Of Columbia,09,12,No,No,No,No,1635,106.9,15.2,36.1,49.2,0.2,7.6,19.0,0.2,3.9,19.9,73.9,2.0,4
66,10,2011-12,Washington Math Science Tech Pcs,https://www.schooldigger.com/go/DC/schools/0002600240/school.aspx,Washington Math Science Pcs,https://www.schooldigger.com/go/DC/district/00026/search.aspx,Washington,https://www.schooldigger.com/go/DC/city/Washington/search.aspx,20002,District Of Columbia,09,12,Yes,Yes,No,No,349,50.0,6.9,77.9,99.4,0.0,0.0,0.6,0.0,0.0,0.0,72.7,0.0,4
67,11,2011-12,Phelps Architecture Construction and Engineering High School,https://www.schooldigger.com/go/DC/schools/0003000407/school.aspx,District Of Columbia Public Schools,https://www.schooldigger.com/go/DC/district/00030/search.aspx,Washington,https://www.schooldigger.com/go/DC/city/Washington/search.aspx,20003,District Of Columbia,09,12,Yes,No,Yes,No,329,28.0,11.7,75.1,94.2,0.0,1.2,3.3,0.0,0.9,0.3,64.2,1.0,3
68,12,2011-12,Cesar Chavez For Public Policy Capitol Hill Pcs,https://www.schooldigger.com/go/DC/schools/0000500219/school.aspx,Cesar Chavez Public Pcs,https://www.schooldigger.com/go/DC/district/00005/search.aspx,Washington,https://www.schooldigger.com/go/DC/city/Washington/search.aspx,20003,District Of Columbia,09,12,Yes,Yes,No,No,390,40.2,9.6,65.9,85.4,0.3,0.3,14.1,0.0,0.0,0.0,56.6,1.0,3
69,13,2011-12,National Collegiate Prep Pcs,https://www.schooldigger.com/go/DC/schools/0007900424/school.aspx,National Collegiate Prep,https://www.schooldigger.com/go/DC/district/00079/search.aspx,Washington,https://www.schooldigger.com/go/DC/city/Washington/search.aspx,20032,District Of Columbia,09,12,Yes,Yes,No,No,202,20.0,10.1,84.7,99.0,0.0,0.0,1.0,0.0,0.0,0.0,55.9,,3
70,14,2011-12,Friendship Pcs Woodson Collegiate Campus,https://www.schooldigger.com/go/DC/schools/0000800338/school.aspx,Friendship Pcs,https://www.schooldigger.com/go/DC/district/00008/search.aspx,Washington,https://www.schooldigger.com/go/DC/city/Washington/search.aspx,20019,District Of Columbia,09,12,Yes,Yes,No,No,1110,71.0,15.6,71.0,99.1,0.0,0.2,0.4,0.0,0.0,0.4,55.1,2.0,3
71,15,2011-12,Columbia Heights Ec,https://www.schooldigger.com/go/DC/schools/0003000396/school.aspx,District Of Columbia Public Schools,https://www.schooldigger.com/go/DC/district/00030/search.aspx,Washington,https://www.schooldigger.com/go/DC/city/Washington/search.aspx,20010,District Of Columbia,06,12,Yes,No,No,No,1206,98.0,12.3,,32.7,0.0,2.4,63.4,0.3,0.0,1.2,53.3,0.0,3
72,16,2011-12,Idea Pcs,https://www.schooldigger.com/go/DC/schools/0001300227/school.aspx,Idea Pcs,https://www.schooldigger.com/go/DC/district/00013/search.aspx,Washington,https://www.schooldigger.com/go/DC/city/Washington/search.aspx,20019,District Of Columbia,09,12,Yes,Yes,No,No,362,42.0,8.6,86.2,99.7,0.0,0.0,0.3,0.0,0.0,0.0,39.0,2.0,3
73,17,2011-12,Coolidge Senior High School,https://www.schooldigger.com/go/DC/schools/0003000081/school.aspx,District Of Columbia Public Schools,https://www.schooldigger.com/go/DC/district/00030/search.aspx,Washington,https://www.schooldigger.com/go/DC/city/Washington/search.aspx,20011,District Of Columbia,09,12,Yes,No,No,No,547,43.0,12.7,71.5,87.0,0.2,0.4,11.9,0.0,0.0,0.5,35.3,0.0,2
74,18,2011-12,Cardozo Ec,https://www.schooldigger.com/go/DC/schools/0003000082/school.aspx,District Of Columbia Public Schools,https://www.schooldigger.com/go/DC/district/00030/search.aspx,Washington,https://www.schooldigger.com/go/DC/city/Washington/search.aspx,20009,District Of Columbia,06,12,Yes,No,No,No,477,49.5,9.6,77.6,70.9,0.0,0.4,27.3,0.2,0.6,0.6,29.1,2.0,2
75,19,2011-12,Perry Street Prep Pcs,https://www.schooldigger.com/go/DC/schools/0001100225/school.aspx,Perry Street Preparatory Pcs,https://www.schooldigger.com/go/DC/district/00011/search.aspx,Washington,https://www.schooldigger.com/go/DC/city/Washington/search.aspx,20018,District Of Columbia,PK,12,Yes,Yes,No,No,946,62.0,15.2,71.8,97.3,0.0,0.5,2.2,0.0,0.0,0.0,28.0,-11.0,2
76,20,2011-12,Hospitality High School,https://www.schooldigger.com/go/DC/schools/0001000224/school.aspx,Washington Hospitality Foundation,https://www.schooldigger.com/go/DC/district/00010/search.aspx,Washington,https://www.schooldigger.com/go/DC/city/Washington/search.aspx,20001,District Of Columbia,09,12,Yes,No,No,No,196,21.0,9.3,84.7,90.3,0.0,0.5,9.2,0.0,0.0,0.0,27.1,-6.0,2
77,21,2011-12,Booker T Washington Pcs,https://www.schooldigger.com/go/DC/schools/0000300217/school.aspx,Booker T Washington Pcs,https://www.schooldigger.com/go/DC/district/00003/search.aspx,Washington,https://www.schooldigger.com/go/DC/city/Washington/search.aspx,20009,District Of Columbia,09,12,(n/a),Yes,(n/a),No,216,22.0,9.8,81.9,95.8,0.0,0.0,4.2,0.0,0.0,0.0,26.8,,2
78,22,2011-12,Dunbar High School,https://www.schooldigger.com/go/DC/schools/0003000079/school.aspx,District Of Columbia Public Schools,https://www.schooldigger.com/go/DC/district/00030/search.aspx,Washington,https://www.schooldigger.com/go/DC/city/Washington/search.aspx,20001,District Of Columbia,09,12,Yes,No,No,No,593,47.0,12.6,68.5,96.5,0.3,0.5,1.9,0.0,0.5,0.3,23.4,0.0,2
79,23,2011-12,Ballou Senior High School,https://www.schooldigger.com/go/DC/schools/0003000084/school.aspx,District Of Columbia Public Schools,https://www.schooldigger.com/go/DC/district/00030/search.aspx,Washington,https://www.schooldigger.com/go/DC/city/Washington/search.aspx,20032,District Of Columbia,09,12,Yes,No,No,No,951,69.0,13.7,63.3,99.5,0.0,0.0,0.4,0.0,0.1,0.0,20.6,1.0,1
80,24,2011-12,Woodson H D High School,https://www.schooldigger.com/go/DC/schools/0003000055/school.aspx,District Of Columbia Public Schools,https://www.schooldigger.com/go/DC/district/00030/search.aspx,Washington,https://www.schooldigger.com/go/DC/city/Washington/search.aspx,20019,District Of Columbia,09,12,Yes,No,No,No,810,52.0,15.5,78.9,99.1,0.1,0.0,0.5,0.0,0.1,0.1,19.2,2.0,1
81,25,2011-12,Roosevelt High School At Macfarland,https://www.schooldigger.com/go/DC/schools/0003000008/school.aspx,District Of Columbia Public Schools,https://www.schooldigger.com/go/DC/district/00030/search.aspx,Washington,https://www.schooldigger.com/go/DC/city/Washington/search.aspx,20011,District Of Columbia,09,12,Yes,No,No,No,496,47.0,10.5,73.6,74.0,0.2,0.6,24.4,0.2,0.2,0.4,15.9,-4.0,1
82,26,2011-12,Luke Moore Alternative High School,https://www.schooldigger.com/go/DC/schools/0003000198/school.aspx,District Of Columbia Public Schools,https://www.schooldigger.com/go/DC/district/00030/search.aspx,Washington,https://www.schooldigger.com/go/DC/city/Washington/search.aspx,20017,District Of Columbia,09,12,Yes,No,No,No,293,17.0,17.2,54.3,95.9,0.3,0.0,3.4,0.0,0.0,0.3,15.2,-7.0,1
83,27,2011-12,Maya Angelou Pcs Evans High School,https://www.schooldigger.com/go/DC/schools/0001400391/school.aspx,Maya Angelou Pcs,https://www.schooldigger.com/go/DC/district/00014/search.aspx,Washington,https://www.schooldigger.com/go/DC/city/Washington/search.aspx,20019,District Of Columbia,09,12,Yes,Yes,No,No,289,35.0,8.2,67.1,99.7,0.0,0.0,0.3,0.0,0.0,0.0,14.2,-4.0,1
84,28,2011-12,Anacostia Senior High School,https://www.schooldigger.com/go/DC/schools/0003000085/school.aspx,District Of Columbia Public Schools,https://www.schooldigger.com/go/DC/district/00030/search.aspx,Washington,https://www.schooldigger.com/go/DC/city/Washington/search.aspx,20020,District Of Columbia,09,12,Yes,No,No,No,784,61.0,12.8,88.5,99.0,0.0,0.0,0.8,0.3,0.0,0.0,13.9,1.0,1
85,29,2011-12,Spingarn Senior High School,https://www.schooldigger.com/go/DC/schools/0003000130/school.aspx,District Of Columbia Public Schools,https://www.schooldigger.com/go/DC/district/00030/search.aspx,Washington,https://www.schooldigger.com/go/DC/city/Washington/search.aspx,20002,District Of Columbia,09,12,(n/a),No,(n/a),No,450,40.4,11.1,57.1,99.6,0.0,0.0,0.2,0.2,0.0,0.0,12.8,-4.0,0
86,30,2011-12,Washington Metropolitan High School Formerly Yea,https://www.schooldigger.com/go/DC/schools/0003000397/school.aspx,District Of Columbia Public Schools,https://www.schooldigger.com/go/DC/district/00030/search.aspx,Washington,https://www.schooldigger.com/go/DC/city/Washington/search.aspx,20001,District Of Columbia,09,12,Yes,No,No,No,253,20.9,12.0,85.4,97.2,0.0,0.0,2.4,0.0,0.4,0.0,10.1,-2.0,0
87,31,2011-12,Options Pcs,https://www.schooldigger.com/go/DC/schools/0001800232/school.aspx,Options Pcs,https://www.schooldigger.com/go/DC/district/00018/search.aspx,Washington,https://www.schooldigger.com/go/DC/city/Washington/search.aspx,20002,District Of Columbia,07,12,Yes,Yes,No,No,361,66.0,5.4,88.6,99.2,0.0,0.0,0.3,0.0,0.0,0.6,8.4,-4.0,0
88,1,2013-14,Benjamin Banneker Academy High School,https://www.schooldigger.com/go/DC/schools/0003000153/school.aspx,District Of Columbia Public Schools,https://www.schooldigger.com/go/DC/district/00030/search.aspx,Washington,https://www.schooldigger.com/go/DC/city/Washington/search.aspx,20001,District Of Columbia,09,12,Yes,No,Yes,No,430,26.5,16.2,99.3,86.5,0.0,1.4,10.2,0.0,1.6,0.2,97.3,2.0,5
89,2,2013-14,School Without Walls High School,https://www.schooldigger.com/go/DC/schools/0003000131/school.aspx,District Of Columbia Public Schools,https://www.schooldigger.com/go/DC/district/00030/search.aspx,Washington,https://www.schooldigger.com/go/DC/city/Washington/search.aspx,20037,District Of Columbia,09,12,Yes,No,Yes,No,585,63.5,9.2,99.5,42.6,0.2,4.8,10.1,0.0,6.7,35.7,97.1,-1.0,5
90,3,2013-14,McKinley Technology High School,https://www.schooldigger.com/go/DC/schools/0003000267/school.aspx,District Of Columbia Public Schools,https://www.schooldigger.com/go/DC/district/00030/search.aspx,Washington,https://www.schooldigger.com/go/DC/city/Washington/search.aspx,20002,District Of Columbia,09,12,Yes,No,Yes,No,674,65.0,10.3,99.6,91.8,0.3,0.1,5.0,0.1,2.1,0.4,94.9,-1.0,5
91,4,2013-14,Kipp Dc College Prep Pcs,https://www.schooldigger.com/go/DC/schools/0003100421/school.aspx,Kipp Academy Pcs,https://www.schooldigger.com/go/DC/district/00031/search.aspx,Washington,https://www.schooldigger.com/go/DC/city/Washington/search.aspx,20020,District Of Columbia,06,12,Yes,Yes,No,No,424,34.4,12.3,99.3,99.1,0.0,0.0,0.2,0.0,0.7,0.0,90.2,3.0,5
92,5,2013-14,Thurgood Marshall Academy Pcs,https://www.schooldigger.com/go/DC/schools/0003400249/school.aspx,Thurgood Marshall Academy Pcs,https://www.schooldigger.com/go/DC/district/00034/search.aspx,Washington,https://www.schooldigger.com/go/DC/city/Washington/search.aspx,20020,District Of Columbia,09,12,Yes,Yes,No,No,399,32.2,12.3,99.3,99.7,0.0,0.0,0.3,0.0,0.0,0.0,87.0,-1.0,4
93,6,2013-14,Seed Pcs Of Washington Dc,https://www.schooldigger.com/go/DC/schools/0002200236/school.aspx,Seed Pcs Of Washington Dc,https://www.schooldigger.com/go/DC/district/00022/search.aspx,Washington,https://www.schooldigger.com/go/DC/city/Washington/search.aspx,20019,District Of Columbia,06,12,Yes,Yes,No,No,342,45.0,7.6,99.1,99.4,0.0,0.0,0.6,0.0,0.0,0.0,86.5,-1.0,4
94,7,2013-14,Ellington School Of The Arts,https://www.schooldigger.com/go/DC/schools/0003000016/school.aspx,District Of Columbia Public Schools,https://www.schooldigger.com/go/DC/district/00030/search.aspx,Washington,https://www.schooldigger.com/go/DC/city/Washington/search.aspx,20007,District Of Columbia,09,12,No,No,Yes,No,541,6.0,90.1,99.5,76.0,0.0,2.8,9.8,0.0,2.0,9.4,85.6,-1.0,4
95,8,2013-14,Wilson High School,https://www.schooldigger.com/go/DC/schools/0003000133/school.aspx,District Of Columbia Public Schools,https://www.schooldigger.com/go/DC/district/00030/search.aspx,Washington,https://www.schooldigger.com/go/DC/city/Washington/search.aspx,20016,District Of Columbia,09,12,No,No,No,No,1696,121.5,13.9,99.8,46.1,0.2,7.5,17.5,0.2,3.8,24.7,80.9,1.0,4
96,9,2013-14,Washington Latin Pcs Upper School,https://www.schooldigger.com/go/DC/schools/0001900423/school.aspx,Washington Latin Pcs,https://www.schooldigger.com/go/DC/district/00019/search.aspx,Washington,https://www.schooldigger.com/go/DC/city/Washington/search.aspx,20011,District Of Columbia,09,12,No,Yes,No,No,274,28.5,9.5,98.9,61.3,0.0,2.6,16.8,0.0,1.5,17.9,77.4,-1.0,4
97,10,2013-14,Idea Pcs,https://www.schooldigger.com/go/DC/schools/0001300227/school.aspx,Idea Pcs,https://www.schooldigger.com/go/DC/district/00013/search.aspx,Washington,https://www.schooldigger.com/go/DC/city/Washington/search.aspx,20019,District Of Columbia,09,12,Yes,Yes,No,No,199,24.0,8.2,98.5,100.0,0.0,0.0,0.0,0.0,0.0,0.0,71.7,6.0,4
98,11,2013-14,Cesar Chavez For Public Policy Capitol Hill Pcs,https://www.schooldigger.com/go/DC/schools/0000500219/school.aspx,Cesar Chavez Public Pcs,https://www.schooldigger.com/go/DC/district/00005/search.aspx,Washington,https://www.schooldigger.com/go/DC/city/Washington/search.aspx,20003,District Of Columbia,09,12,Yes,Yes,No,No,389,37.0,10.5,99.2,81.5,0.0,0.0,18.3,0.0,0.3,0.0,71.2,1.0,3
99,12,2013-14,Cesar Chavez PCS for Public Policy Parkside High School,https://www.schooldigger.com/go/DC/schools/0000500456/school.aspx,Cesar Chavez Public Pcs,https://www.schooldigger.com/go/DC/district/00005/search.aspx,Washington,https://www.schooldigger.com/go/DC/city/Washington/search.aspx,20019,District Of Columbia,09,12,Yes,Yes,No,No,373,32.0,11.6,99.2,90.3,0.0,0.0,9.4,0.0,0.0,0.3,69.5,,3
100,13,2013-14,Friendship Pcs Woodson Collegiate Campus,https://www.schooldigger.com/go/DC/schools/0000800338/school.aspx,Friendship Pcs,https://www.schooldigger.com/go/DC/district/00008/search.aspx,Washington,https://www.schooldigger.com/go/DC/city/Washington/search.aspx,20019,District Of Columbia,09,12,Yes,Yes,No,No,914,63.2,14.4,99.7,99.9,0.0,0.0,0.1,0.0,0.0,0.0,50.9,1.0,3
101,14,2013-14,Washington Math Science Tech Pcs,https://www.schooldigger.com/go/DC/schools/0002600240/school.aspx,Washington Math Science Pcs,https://www.schooldigger.com/go/DC/district/00026/search.aspx,Washington,https://www.schooldigger.com/go/DC/city/Washington/search.aspx,20002,District Of Columbia,09,12,Yes,Yes,No,No,333,32.0,10.4,99.1,98.2,0.3,0.0,0.9,0.0,0.0,0.6,49.7,-4.0,3
102,15,2013-14,Phelps Architecture Construction and Engineering High School,https://www.schooldigger.com/go/DC/schools/0003000407/school.aspx,District Of Columbia Public Schools,https://www.schooldigger.com/go/DC/district/00030/search.aspx,Washington,https://www.schooldigger.com/go/DC/city/Washington/search.aspx,20003,District Of Columbia,09,12,Yes,No,Yes,No,319,32.0,9.9,99.1,94.4,0.0,0.6,4.1,0.0,0.9,0.0,47.5,-4.0,3
103,16,2013-14,Columbia Heights Ec,https://www.schooldigger.com/go/DC/schools/0003000396/school.aspx,District Of Columbia Public Schools,https://www.schooldigger.com/go/DC/district/00030/search.aspx,Washington,https://www.schooldigger.com/go/DC/city/Washington/search.aspx,20010,District Of Columbia,06,12,Yes,No,No,No,1266,93.0,13.6,99.8,32.5,0.0,2.3,63.7,0.4,0.2,0.9,45.6,-1.0,3
104,17,2013-14,Cardozo Ec,https://www.schooldigger.com/go/DC/schools/0003000082/school.aspx,District Of Columbia Public Schools,https://www.schooldigger.com/go/DC/district/00030/search.aspx,Washington,https://www.schooldigger.com/go/DC/city/Washington/search.aspx,20009,District Of Columbia,06,12,Yes,No,No,No,681,63.5,10.7,99.6,61.5,0.1,0.6,32.9,0.1,0.7,4.0,35.2,1.0,2
105,18,2013-14,Coolidge Senior High School,https://www.schooldigger.com/go/DC/schools/0003000081/school.aspx,District Of Columbia Public Schools,https://www.schooldigger.com/go/DC/district/00030/search.aspx,Washington,https://www.schooldigger.com/go/DC/city/Washington/search.aspx,20011,District Of Columbia,09,12,Yes,No,No,No,433,39.5,10.9,99.3,84.8,0.7,2.1,11.8,0.0,0.7,0.0,34.3,-1.0,2
106,19,2013-14,Dunbar High School,https://www.schooldigger.com/go/DC/schools/0003000079/school.aspx,District Of Columbia Public Schools,https://www.schooldigger.com/go/DC/district/00030/search.aspx,Washington,https://www.schooldigger.com/go/DC/city/Washington/search.aspx,20001,District Of Columbia,09,12,Yes,No,No,No,628,41.5,15.1,99.5,97.5,0.0,0.2,2.2,0.0,0.0,0.2,33.2,3.0,2
107,20,2013-14,Perry Street Prep Pcs,https://www.schooldigger.com/go/DC/schools/0001100225/school.aspx,Perry Street Preparatory Pcs,https://www.schooldigger.com/go/DC/district/00011/search.aspx,Washington,https://www.schooldigger.com/go/DC/city/Washington/search.aspx,20018,District Of Columbia,PK,12,Yes,Yes,No,No,815,65.5,12.4,99.6,97.9,0.4,0.1,1.6,0.0,0.0,0.0,30.4,-1.0,2
108,21,2013-14,Hospitality High School,https://www.schooldigger.com/go/DC/schools/0001000224/school.aspx,Washington Hospitality Foundation,https://www.schooldigger.com/go/DC/district/00010/search.aspx,Washington,https://www.schooldigger.com/go/DC/city/Washington/search.aspx,20001,District Of Columbia,09,12,Yes,No,No,No,182,19.0,9.5,98.4,94.5,0.0,0.0,5.5,0.0,0.0,0.0,29.0,-1.0,2
109,22,2013-14,National Collegiate Prep Pcs,https://www.schooldigger.com/go/DC/schools/0007900424/school.aspx,National Collegiate Prep,https://www.schooldigger.com/go/DC/district/00079/search.aspx,Washington,https://www.schooldigger.com/go/DC/city/Washington/search.aspx,20032,District Of Columbia,09,12,Yes,Yes,No,No,330,28.0,11.7,99.1,99.7,0.0,0.0,0.3,0.0,0.0,0.0,27.7,-9.0,2
110,23,2013-14,Maya Angelou Pcs Evans High School,https://www.schooldigger.com/go/DC/schools/0001400391/school.aspx,Maya Angelou Pcs,https://www.schooldigger.com/go/DC/district/00014/search.aspx,Washington,https://www.schooldigger.com/go/DC/city/Washington/search.aspx,20019,District Of Columbia,09,12,Yes,Yes,No,No,296,35.8,8.2,99.0,100.0,0.0,0.0,0.0,0.0,0.0,0.0,21.3,4.0,1
111,24,2013-14,Anacostia Senior High School,https://www.schooldigger.com/go/DC/schools/0003000085/school.aspx,District Of Columbia Public Schools,https://www.schooldigger.com/go/DC/district/00030/search.aspx,Washington,https://www.schooldigger.com/go/DC/city/Washington/search.aspx,20020,District Of Columbia,09,12,Yes,No,No,No,751,60.0,12.5,99.6,99.5,0.0,0.0,0.4,0.0,0.1,0.0,17.3,4.0,1
112,25,2013-14,Woodson H D High School,https://www.schooldigger.com/go/DC/schools/0003000055/school.aspx,District Of Columbia Public Schools,https://www.schooldigger.com/go/DC/district/00030/search.aspx,Washington,https://www.schooldigger.com/go/DC/city/Washington/search.aspx,20019,District Of Columbia,09,12,Yes,No,No,No,762,58.5,13.0,99.6,99.7,0.0,0.0,0.1,0.0,0.0,0.1,16.6,-1.0,1
113,26,2013-14,Luke Moore Alternative High School,https://www.schooldigger.com/go/DC/schools/0003000198/school.aspx,District Of Columbia Public Schools,https://www.schooldigger.com/go/DC/district/00030/search.aspx,Washington,https://www.schooldigger.com/go/DC/city/Washington/search.aspx,20017,District Of Columbia,09,12,Yes,No,No,No,364,17.5,20.8,99.2,96.2,0.3,0.0,3.0,0.3,0.0,0.3,13.5,0.0,1
114,27,2013-14,Ballou Senior High School,https://www.schooldigger.com/go/DC/schools/0003000084/school.aspx,District Of Columbia Public Schools,https://www.schooldigger.com/go/DC/district/00030/search.aspx,Washington,https://www.schooldigger.com/go/DC/city/Washington/search.aspx,20032,District Of Columbia,09,12,Yes,No,No,No,678,64.5,10.5,99.6,97.9,0.0,0.0,1.3,0.0,0.1,0.6,12.9,-4.0,1
115,28,2013-14,Roosevelt High School At Macfarland,https://www.schooldigger.com/go/DC/schools/0003000008/school.aspx,District Of Columbia Public Schools,https://www.schooldigger.com/go/DC/district/00030/search.aspx,Washington,https://www.schooldigger.com/go/DC/city/Washington/search.aspx,20011,District Of Columbia,09,12,Yes,No,No,No,438,43.0,10.1,99.3,68.3,0.7,0.2,29.7,0.2,0.2,0.7,12.9,-3.0,1
116,29,2013-14,Washington Metropolitan High School Formerly Yea,https://www.schooldigger.com/go/DC/schools/0003000397/school.aspx,District Of Columbia Public Schools,https://www.schooldigger.com/go/DC/district/00030/search.aspx,Washington,https://www.schooldigger.com/go/DC/city/Washington/search.aspx,20001,District Of Columbia,09,12,Yes,No,No,No,280,18.0,15.5,98.9,96.8,0.0,0.0,1.4,0.7,0.7,0.4,10.5,1.0,0
117,30,2013-14,Options Pcs,https://www.schooldigger.com/go/DC/schools/0001800232/school.aspx,Options Pcs,https://www.schooldigger.com/go/DC/district/00018/search.aspx,Washington,https://www.schooldigger.com/go/DC/city/Washington/search.aspx,20002,District Of Columbia,07,12,Yes,Yes,No,No,376,55.0,6.8,99.2,100.0,0.0,0.0,0.0,0.0,0.0,0.0,6.7,1.0,0
118,31,2013-14,Booker T Washington Pcs,https://www.schooldigger.com/go/DC/schools/0000300217/school.aspx,Booker T Washington Pcs,https://www.schooldigger.com/go/DC/district/00003/search.aspx,Washington,https://www.schooldigger.com/go/DC/city/Washington/search.aspx,20009,District Of Columbia,09,12,(n/a),Yes,(n/a),No,177,,,98.3,93.2,0.0,0.0,6.8,0.0,0.0,0.0,6.5,-10.0,0
119,1,2014-15,School Without Walls High School,https://www.schooldigger.com/go/DC/schools/0003000131/school.aspx,District Of Columbia Public Schools,https://www.schooldigger.com/go/DC/district/00030/search.aspx,Washington,https://www.schooldigger.com/go/DC/city/Washington/search.aspx,20037,District Of Columbia,09,12,Yes,No,Yes,No,590,39.0,15.1,99.5,39.0,0.0,6.3,12.2,0.0,5.9,36.6,100.0,1.0,5
120,2,2014-15,Benjamin Banneker Academy High School,https://www.schooldigger.com/go/DC/schools/0003000153/school.aspx,District Of Columbia Public Schools,https://www.schooldigger.com/go/DC/district/00030/search.aspx,Washington,https://www.schooldigger.com/go/DC/city/Washington/search.aspx,20001,District Of Columbia,09,12,Yes,No,Yes,No,449,26.0,17.2,99.3,81.1,0.4,1.8,14.0,0.2,2.2,0.2,95.3,-1.0,5
121,3,2014-15,Washington Latin Pcs Upper School,https://www.schooldigger.com/go/DC/schools/0001900423/school.aspx,Washington Latin Pcs,https://www.schooldigger.com/go/DC/district/00019/search.aspx,Washington,https://www.schooldigger.com/go/DC/city/Washington/search.aspx,20011,District Of Columbia,09,12,No,Yes,No,No,304,51.0,5.9,27.0,58.2,0.0,3.9,0.0,0.0,1.6,36.2,93.9,6.0,5
122,4,2014-15,Thurgood Marshall Academy Pcs,https://www.schooldigger.com/go/DC/schools/0003400249/school.aspx,Thurgood Marshall Academy Pcs,https://www.schooldigger.com/go/DC/district/00034/search.aspx,Washington,https://www.schooldigger.com/go/DC/city/Washington/search.aspx,20020,District Of Columbia,09,12,Yes,Yes,No,No,395,34.0,11.6,73.4,99.5,0.0,0.0,0.5,0.0,0.0,0.0,77.1,1.0,4
123,5,2014-15,Wilson High School,https://www.schooldigger.com/go/DC/schools/0003000133/school.aspx,District Of Columbia Public Schools,https://www.schooldigger.com/go/DC/district/00030/search.aspx,Washington,https://www.schooldigger.com/go/DC/city/Washington/search.aspx,20016,District Of Columbia,09,12,No,No,No,No,1788,114.0,15.6,99.8,43.3,0.2,6.9,19.9,0.3,4.4,25.1,68.4,3.0,4
124,6,2014-15,Ellington School Of The Arts,https://www.schooldigger.com/go/DC/schools/0003000016/school.aspx,District Of Columbia Public Schools,https://www.schooldigger.com/go/DC/district/00030/search.aspx,Washington,https://www.schooldigger.com/go/DC/city/Washington/search.aspx,20007,District Of Columbia,09,12,No,No,Yes,No,523,5.0,104.6,99.4,76.5,0.4,2.7,10.7,0.0,1.9,7.8,62.5,1.0,4
125,7,2014-15,Kipp Dc College Prep Pcs,https://www.schooldigger.com/go/DC/schools/0003100421/school.aspx,Kipp Academy Pcs,https://www.schooldigger.com/go/DC/district/00031/search.aspx,Washington,https://www.schooldigger.com/go/DC/city/Washington/search.aspx,20020,District Of Columbia,06,12,Yes,Yes,No,No,454,38.0,11.9,99.3,99.1,0.0,0.0,0.2,0.0,0.7,0.0,58.0,-3.0,4
126,8,2014-15,Capital City High School Pcs,https://www.schooldigger.com/go/DC/schools/0003500475/school.aspx,Capital City Pcs,https://www.schooldigger.com/go/DC/district/00035/search.aspx,Washington,https://www.schooldigger.com/go/DC/city/Washington/search.aspx,20011,District Of Columbia,09,12,Yes,Yes,No,No,329,36.0,9.1,83.9,35.0,0.0,2.7,59.6,0.6,1.2,0.9,56.4,,4
127,9,2014-15,McKinley Technology High School,https://www.schooldigger.com/go/DC/schools/0003000267/school.aspx,District Of Columbia Public Schools,https://www.schooldigger.com/go/DC/district/00030/search.aspx,Washington,https://www.schooldigger.com/go/DC/city/Washington/search.aspx,20002,District Of Columbia,09,12,Yes,No,Yes,No,645,64.0,10.0,99.5,91.9,0.3,0.5,5.1,0.2,1.1,0.9,54.0,-6.0,4
128,10,2014-15,National Collegiate Prep Pcs,https://www.schooldigger.com/go/DC/schools/0007900424/school.aspx,National Collegiate Prep,https://www.schooldigger.com/go/DC/district/00079/search.aspx,Washington,https://www.schooldigger.com/go/DC/city/Washington/search.aspx,20032,District Of Columbia,09,12,Yes,Yes,No,No,306,24.0,12.7,100.0,99.7,0.0,0.0,0.0,0.0,0.0,0.3,50.3,12.0,3
129,11,2014-15,Cesar Chavez For Public Policy Capitol Hill Pcs,https://www.schooldigger.com/go/DC/schools/0000500219/school.aspx,Cesar Chavez Public Pcs,https://www.schooldigger.com/go/DC/district/00005/search.aspx,Washington,https://www.schooldigger.com/go/DC/city/Washington/search.aspx,20003,District Of Columbia,09,12,Yes,Yes,No,No,358,36.0,9.9,99.2,81.3,0.0,0.0,18.7,0.0,0.0,0.0,47.1,0.0,3
130,12,2014-15,Washington Math Science Tech Pcs,https://www.schooldigger.com/go/DC/schools/0002600240/school.aspx,Washington Math Science Pcs,https://www.schooldigger.com/go/DC/district/00026/search.aspx,Washington,https://www.schooldigger.com/go/DC/city/Washington/search.aspx,20002,District Of Columbia,09,12,Yes,Yes,No,No,335,27.0,12.4,100.0,97.9,0.0,0.0,1.2,0.0,0.0,0.9,43.4,2.0,3
131,13,2014-15,Idea Pcs,https://www.schooldigger.com/go/DC/schools/0001300227/school.aspx,Idea Pcs,https://www.schooldigger.com/go/DC/district/00013/search.aspx,Washington,https://www.schooldigger.com/go/DC/city/Washington/search.aspx,20019,District Of Columbia,09,12,Yes,Yes,No,No,217,23.0,9.4,100.0,97.7,0.0,0.0,2.3,0.0,0.0,0.0,41.3,-3.0,3
132,14,2014-15,Phelps Architecture Construction and Engineering High School,https://www.schooldigger.com/go/DC/schools/0003000407/school.aspx,District Of Columbia Public Schools,https://www.schooldigger.com/go/DC/district/00030/search.aspx,Washington,https://www.schooldigger.com/go/DC/city/Washington/search.aspx,20003,District Of Columbia,09,12,Yes,No,Yes,No,323,32.0,10.0,100.0,95.7,0.0,0.0,3.4,0.0,0.9,0.0,38.5,1.0,3
133,15,2014-15,Hospitality High School,https://www.schooldigger.com/go/DC/schools/0001000224/school.aspx,Washington Hospitality Foundation,https://www.schooldigger.com/go/DC/district/00010/search.aspx,Washington,https://www.schooldigger.com/go/DC/city/Washington/search.aspx,20001,District Of Columbia,09,12,Yes,No,No,No,171,14.0,12.2,100.0,93.0,0.0,0.0,7.0,0.0,0.0,0.0,36.8,6.0,3
134,16,2014-15,Cesar Chavez PCS for Public Policy Parkside High School,https://www.schooldigger.com/go/DC/schools/0000500456/school.aspx,Cesar Chavez Public Pcs,https://www.schooldigger.com/go/DC/district/00005/search.aspx,Washington,https://www.schooldigger.com/go/DC/city/Washington/search.aspx,20019,District Of Columbia,09,12,Yes,Yes,No,No,356,33.0,10.7,100.0,91.0,0.0,0.0,8.4,0.3,0.0,0.3,30.1,-4.0,2
135,17,2014-15,Friendship Pcs Woodson Collegiate Campus,https://www.schooldigger.com/go/DC/schools/0000800338/school.aspx,Friendship Pcs,https://www.schooldigger.com/go/DC/district/00008/search.aspx,Washington,https://www.schooldigger.com/go/DC/city/Washington/search.aspx,20019,District Of Columbia,09,12,Yes,Yes,No,No,883,66.0,13.3,100.0,99.8,0.0,0.0,0.2,0.0,0.0,0.0,29.4,-4.0,2
136,18,2014-15,Columbia Heights Ec,https://www.schooldigger.com/go/DC/schools/0003000396/school.aspx,District Of Columbia Public Schools,https://www.schooldigger.com/go/DC/district/00030/search.aspx,Washington,https://www.schooldigger.com/go/DC/city/Washington/search.aspx,20010,District Of Columbia,06,12,Yes,No,No,No,1384,96.0,14.4,99.8,32.4,0.0,1.7,64.7,0.1,0.3,0.7,29.4,-2.0,2
137,19,2014-15,Coolidge Senior High School,https://www.schooldigger.com/go/DC/schools/0003000081/school.aspx,District Of Columbia Public Schools,https://www.schooldigger.com/go/DC/district/00030/search.aspx,Washington,https://www.schooldigger.com/go/DC/city/Washington/search.aspx,20011,District Of Columbia,09,12,Yes,No,No,No,395,36.0,10.9,100.0,81.5,0.0,0.5,17.2,0.0,0.5,0.3,29.0,-1.0,2
138,20,2014-15,Dunbar High School,https://www.schooldigger.com/go/DC/schools/0003000079/school.aspx,District Of Columbia Public Schools,https://www.schooldigger.com/go/DC/district/00030/search.aspx,Washington,https://www.schooldigger.com/go/DC/city/Washington/search.aspx,20001,District Of Columbia,09,12,Yes,No,No,No,653,42.0,15.5,100.0,97.2,0.2,0.2,2.3,0.0,0.2,0.0,28.8,-1.0,2
139,21,2014-15,Cardozo Ec,https://www.schooldigger.com/go/DC/schools/0003000082/school.aspx,District Of Columbia Public Schools,https://www.schooldigger.com/go/DC/district/00030/search.aspx,Washington,https://www.schooldigger.com/go/DC/city/Washington/search.aspx,20009,District Of Columbia,06,12,Yes,No,No,No,781,72.0,10.8,100.0,52.6,0.0,0.6,43.4,0.1,0.6,2.6,27.1,-4.0,2
140,22,2014-15,Perry Street Prep Pcs,https://www.schooldigger.com/go/DC/schools/0001100225/school.aspx,Perry Street Preparatory Pcs,https://www.schooldigger.com/go/DC/district/00011/search.aspx,Washington,https://www.schooldigger.com/go/DC/city/Washington/search.aspx,20018,District Of Columbia,PK,12,Yes,Yes,No,No,619,75.0,8.2,78.5,96.6,0.3,0.3,2.3,0.2,0.3,0.0,26.8,-2.0,1
141,23,2014-15,Anacostia Senior High School,https://www.schooldigger.com/go/DC/schools/0003000085/school.aspx,District Of Columbia Public Schools,https://www.schooldigger.com/go/DC/district/00030/search.aspx,Washington,https://www.schooldigger.com/go/DC/city/Washington/search.aspx,20020,District Of Columbia,09,12,Yes,No,No,No,661,56.0,11.8,100.0,99.7,0.0,0.0,0.2,0.0,0.2,0.0,24.9,1.0,1
142,24,2014-15,Ballou Senior High School,https://www.schooldigger.com/go/DC/schools/0003000084/school.aspx,District Of Columbia Public Schools,https://www.schooldigger.com/go/DC/district/00030/search.aspx,Washington,https://www.schooldigger.com/go/DC/city/Washington/search.aspx,20032,District Of Columbia,09,12,Yes,No,No,No,755,82.0,9.2,100.0,97.1,0.0,0.0,2.1,0.0,0.1,0.7,23.7,3.0,1
143,24,2014-15,Maya Angelou Pcs Evans High School,https://www.schooldigger.com/go/DC/schools/0001400391/school.aspx,Maya Angelou Pcs,https://www.schooldigger.com/go/DC/district/00014/search.aspx,Washington,https://www.schooldigger.com/go/DC/city/Washington/search.aspx,20019,District Of Columbia,09,12,Yes,Yes,No,No,250,27.0,9.2,100.0,100.0,0.0,0.0,0.0,0.0,0.0,0.0,23.7,-1.0,0
144,24,2014-15,Roosevelt High School At Macfarland,https://www.schooldigger.com/go/DC/schools/0003000008/school.aspx,District Of Columbia Public Schools,https://www.schooldigger.com/go/DC/district/00030/search.aspx,Washington,https://www.schooldigger.com/go/DC/city/Washington/search.aspx,20011,District Of Columbia,09,12,Yes,No,No,No,476,60.0,7.9,100.0,61.6,0.2,0.0,37.0,0.0,0.0,1.3,23.7,4.0,0
145,24,2014-15,Woodson H D High School,https://www.schooldigger.com/go/DC/schools/0003000055/school.aspx,District Of Columbia Public Schools,https://www.schooldigger.com/go/DC/district/00030/search.aspx,Washington,https://www.schooldigger.com/go/DC/city/Washington/search.aspx,20019,District Of Columbia,09,12,Yes,No,No,No,639,58.0,11.0,100.0,99.7,0.0,0.0,0.2,0.0,0.0,0.2,23.7,1.0,1
146,1,2015-16,Benjamin Banneker Academy High School,https://www.schooldigger.com/go/DC/schools/0003000153/school.aspx,District Of Columbia Public Schools,https://www.schooldigger.com/go/DC/district/00030/search.aspx,Washington,https://www.schooldigger.com/go/DC/city/Washington/search.aspx,20001,District Of Columbia,9,12,Yes,No,Yes,nan,430,26.5,16.2,99.3,86.5,0.0,1.4,10.2,0.0,1.6,0.2,100.0,1.0,5
147,2,2015-16,School Without Walls High School,https://www.schooldigger.com/go/DC/schools/0003000131/school.aspx,District Of Columbia Public Schools,https://www.schooldigger.com/go/DC/district/00030/search.aspx,Washington,https://www.schooldigger.com/go/DC/city/Washington/search.aspx,20037,District Of Columbia,9,12,No,No,Yes,nan,585,63.5,9.2,99.5,42.6,0.2,4.8,10.1,0.0,6.7,35.7,94.4,-1.0,5
148,3,2015-16,Washington Latin Pcs Upper School,https://www.schooldigger.com/go/DC/schools/0001900423/school.aspx,Washington Latin Pcs,https://www.schooldigger.com/go/DC/district/00019/search.aspx,Washington,https://www.schooldigger.com/go/DC/city/Washington/search.aspx,20011,District Of Columbia,9,12,No,Yes,No,nan,274,28.5,9.5,98.9,61.3,0.0,2.6,16.8,0.0,1.5,17.9,88.0,0.0,5
149,4,2015-16,Thurgood Marshall Academy Pcs,https://www.schooldigger.com/go/DC/schools/0003400249/school.aspx,Thurgood Marshall Academy Pcs,https://www.schooldigger.com/go/DC/district/00034/search.aspx,Washington,https://www.schooldigger.com/go/DC/city/Washington/search.aspx,20020,District Of Columbia,9,12,Yes,Yes,No,nan,399,32.2,12.3,99.3,99.7,0.0,0.0,0.3,0.0,0.0,0.0,87.9,0.0,4
150,5,2015-16,Kipp Dc College Prep Pcs,https://www.schooldigger.com/go/DC/schools/0003100421/school.aspx,Kipp Academy Pcs,https://www.schooldigger.com/go/DC/district/00031/search.aspx,Washington,https://www.schooldigger.com/go/DC/city/Washington/search.aspx,20020,District Of Columbia,9,12,Yes,Yes,No,nan,424,34.4,12.3,99.3,99.1,0.0,0.0,0.2,0.0,0.7,0.0,75.0,2.0,4
151,6,2015-16,McKinley Technology High School,https://www.schooldigger.com/go/DC/schools/0003000267/school.aspx,District Of Columbia Public Schools,https://www.schooldigger.com/go/DC/district/00030/search.aspx,Washington,https://www.schooldigger.com/go/DC/city/Washington/search.aspx,20002,District Of Columbia,9,12,Yes,No,Yes,nan,674,65.0,10.3,99.6,91.8,0.3,0.1,5.0,0.1,2.1,0.4,62.7,3.0,4
152,7,2015-16,Ellington School Of The Arts,https://www.schooldigger.com/go/DC/schools/0003000016/school.aspx,District Of Columbia Public Schools,https://www.schooldigger.com/go/DC/district/00030/search.aspx,Washington,https://www.schooldigger.com/go/DC/city/Washington/search.aspx,20007,District Of Columbia,9,12,No,No,Yes,nan,541,6.0,90.1,99.5,76.0,0.0,2.8,9.8,0.0,2.0,9.4,62.6,-1.0,4
153,8,2015-16,Capital City High School Pcs,https://www.schooldigger.com/go/DC/schools/0003500475/school.aspx,Capital City Pcs,https://www.schooldigger.com/go/DC/district/00035/search.aspx,Washington,https://www.schooldigger.com/go/DC/city/Washington/search.aspx,20011,District Of Columbia,9,12,Yes,Yes,No,nan,337,34.0,9.9,99.1,37.4,0.3,2.7,56.4,0.3,2.1,0.9,56.0,0.0,4
154,9,2015-16,Idea Pcs,https://www.schooldigger.com/go/DC/schools/0001300227/school.aspx,Idea Pcs,https://www.schooldigger.com/go/DC/district/00013/search.aspx,Washington,https://www.schooldigger.com/go/DC/city/Washington/search.aspx,20019,District Of Columbia,9,12,Yes,Yes,No,nan,199,24.0,8.2,98.5,100.0,0.0,0.0,0.0,0.0,0.0,0.0,44.8,4.0,4
155,10,2015-16,National Collegiate Prep Pcs,https://www.schooldigger.com/go/DC/schools/0007900424/school.aspx,National Collegiate Prep,https://www.schooldigger.com/go/DC/district/00079/search.aspx,Washington,https://www.schooldigger.com/go/DC/city/Washington/search.aspx,20032,District Of Columbia,9,12,Yes,Yes,No,nan,330,28.0,11.7,99.1,99.7,0.0,0.0,0.3,0.0,0.0,0.0,42.5,0.0,3
156,11,2015-16,Cesar Chavez For Public Policy Parkside Middle School Pcs,https://www.schooldigger.com/go/DC/schools/0000500456/school.aspx,Cesar Chavez Public Pcs,https://www.schooldigger.com/go/DC/district/00005/search.aspx,Washington,https://www.schooldigger.com/go/DC/city/Washington/search.aspx,20019,District Of Columbia,9,12,Yes,Yes,No,nan,373,32.0,11.6,99.2,90.3,0.0,0.0,9.4,0.0,0.0,0.3,40.5,5.0,3
157,12,2015-16,Wilson High School,https://www.schooldigger.com/go/DC/schools/0003000133/school.aspx,District Of Columbia Public Schools,https://www.schooldigger.com/go/DC/district/00030/search.aspx,Washington,https://www.schooldigger.com/go/DC/city/Washington/search.aspx,20016,District Of Columbia,9,12,Yes,No,No,nan,1696,121.5,13.9,99.8,46.1,0.2,7.5,17.5,0.2,3.8,24.7,39.9,-7.0,3
158,13,2015-16,Cesar Chavez For Public Policy Capitol Hill Pcs,https://www.schooldigger.com/go/DC/schools/0000500219/school.aspx,Cesar Chavez Public Pcs,https://www.schooldigger.com/go/DC/district/00005/search.aspx,Washington,https://www.schooldigger.com/go/DC/city/Washington/search.aspx,20003,District Of Columbia,9,12,Yes,Yes,No,nan,389,37.0,10.5,99.2,81.5,0.0,0.0,18.3,0.0,0.3,0.0,38.5,-2.0,3
159,14,2015-16,Friendship Pcs Woodson Collegiate Campus,https://www.schooldigger.com/go/DC/schools/0000800338/school.aspx,Friendship Pcs,https://www.schooldigger.com/go/DC/district/00008/search.aspx,Washington,https://www.schooldigger.com/go/DC/city/Washington/search.aspx,20019,District Of Columbia,9,12,Yes,Yes,No,nan,914,63.2,14.4,99.7,99.9,0.0,0.0,0.1,0.0,0.0,0.0,32.5,3.0,3
160,15,2015-16,Washington Math Science Tech Pcs,https://www.schooldigger.com/go/DC/schools/0002600240/school.aspx,Washington Math Science Pcs,https://www.schooldigger.com/go/DC/district/00026/search.aspx,Washington,https://www.schooldigger.com/go/DC/city/Washington/search.aspx,20002,District Of Columbia,9,12,Yes,Yes,No,nan,333,32.0,10.4,99.1,98.2,0.3,0.0,0.9,0.0,0.0,0.6,32.1,-3.0,3
161,16,2015-16,Phelps Architecture Construction And Engineering H,https://www.schooldigger.com/go/DC/schools/0003000407/school.aspx,District Of Columbia Public Schools,https://www.schooldigger.com/go/DC/district/00030/search.aspx,Washington,https://www.schooldigger.com/go/DC/city/Washington/search.aspx,20003,District Of Columbia,9,12,Yes,No,Yes,nan,319,32.0,9.9,99.1,94.4,0.0,0.6,4.1,0.0,0.9,0.0,31.9,-2.0,2
162,17,2015-16,Coolidge Senior High School,https://www.schooldigger.com/go/DC/schools/0003000081/school.aspx,District Of Columbia Public Schools,https://www.schooldigger.com/go/DC/district/00030/search.aspx,Washington,https://www.schooldigger.com/go/DC/city/Washington/search.aspx,20011,District Of Columbia,9,12,Yes,No,No,nan,433,39.5,10.9,99.3,84.8,0.7,2.1,11.8,0.0,0.7,0.0,28.9,2.0,2
163,18,2015-16,Columbia Heights Ec,https://www.schooldigger.com/go/DC/schools/0003000396/school.aspx,District Of Columbia Public Schools,https://www.schooldigger.com/go/DC/district/00030/search.aspx,Washington,https://www.schooldigger.com/go/DC/city/Washington/search.aspx,20010,District Of Columbia,6,12,Yes,No,Yes,nan,1266,93.0,13.6,99.8,32.5,0.0,2.3,63.7,0.4,0.2,0.9,27.6,0.0,2
164,19,2015-16,Roosevelt High School At Macfarland,https://www.schooldigger.com/go/DC/schools/0003000008/school.aspx,District Of Columbia Public Schools,https://www.schooldigger.com/go/DC/district/00030/search.aspx,Washington,https://www.schooldigger.com/go/DC/city/Washington/search.aspx,20011,District Of Columbia,9,12,Yes,No,No,nan,438,43.0,10.1,99.3,68.3,0.7,0.2,29.7,0.2,0.2,0.7,26.5,5.0,2
165,20,2015-16,Dunbar High School,https://www.schooldigger.com/go/DC/schools/0003000079/school.aspx,District Of Columbia Public Schools,https://www.schooldigger.com/go/DC/district/00030/search.aspx,Washington,https://www.schooldigger.com/go/DC/city/Washington/search.aspx,20001,District Of Columbia,9,12,Yes,No,No,nan,628,41.5,15.1,99.5,97.5,0.0,0.2,2.2,0.0,0.0,0.2,25.1,0.0,2
166,21,2015-16,Cardozo Ec,https://www.schooldigger.com/go/DC/schools/0003000082/school.aspx,District Of Columbia Public Schools,https://www.schooldigger.com/go/DC/district/00030/search.aspx,Washington,https://www.schooldigger.com/go/DC/city/Washington/search.aspx,20009,District Of Columbia,6,12,Yes,No,No,nan,681,63.5,10.7,99.6,61.5,0.1,0.6,32.9,0.1,0.7,4.0,24.7,0.0,2
167,22,2015-16,Woodson H D High School,https://www.schooldigger.com/go/DC/schools/0003000055/school.aspx,District Of Columbia Public Schools,https://www.schooldigger.com/go/DC/district/00030/search.aspx,Washington,https://www.schooldigger.com/go/DC/city/Washington/search.aspx,20019,District Of Columbia,9,12,Yes,No,No,nan,762,58.5,13.0,99.6,99.7,0.0,0.0,0.1,0.0,0.0,0.1,24.4,2.0,1
168,23,2015-16,Ballou Senior High School,https://www.schooldigger.com/go/DC/schools/0003000084/school.aspx,District Of Columbia Public Schools,https://www.schooldigger.com/go/DC/district/00030/search.aspx,Washington,https://www.schooldigger.com/go/DC/city/Washington/search.aspx,20032,District Of Columbia,9,12,Yes,No,No,nan,678,64.5,10.5,99.6,97.9,0.0,0.0,1.3,0.0,0.1,0.6,23.4,1.0,1
169,24,2015-16,Anacostia Senior High School,https://www.schooldigger.com/go/DC/schools/0003000085/school.aspx,District Of Columbia Public Schools,https://www.schooldigger.com/go/DC/district/00030/search.aspx,Washington,https://www.schooldigger.com/go/DC/city/Washington/search.aspx,20020,District Of Columbia,9,12,Yes,No,No,nan,751,60.0,12.5,99.6,99.5,0.0,0.0,0.4,0.0,0.1,0.0,22.9,-1.0,1
170,25,2015-16,Luke Moore Alternative High School,https://www.schooldigger.com/go/DC/schools/0003000198/school.aspx,District Of Columbia Public Schools,https://www.schooldigger.com/go/DC/district/00030/search.aspx,Washington,https://www.schooldigger.com/go/DC/city/Washington/search.aspx,20017,District Of Columbia,9,12,Yes,No,No,nan,364,17.5,20.8,99.2,96.2,0.3,0.0,3.0,0.3,0.0,0.3,21.3,,0
171,25,2015-16,Maya Angelou Pcs Evans High School,https://www.schooldigger.com/go/DC/schools/0001400391/school.aspx,Maya Angelou Pcs,https://www.schooldigger.com/go/DC/district/00014/search.aspx,Washington,https://www.schooldigger.com/go/DC/city/Washington/search.aspx,20019,District Of Columbia,9,12,Yes,Yes,No,nan,296,35.8,8.2,99.0,100.0,0.0,0.0,0.0,0.0,0.0,0.0,21.3,-1.0,1
172,25,2015-16,Washington Metropolitan High School Formerly Yea,https://www.schooldigger.com/go/DC/schools/0003000397/school.aspx,District Of Columbia Public Schools,https://www.schooldigger.com/go/DC/district/00030/search.aspx,Washington,https://www.schooldigger.com/go/DC/city/Washington/search.aspx,20001,District Of Columbia,9,12,Yes,No,No,nan,280,18.0,15.5,98.9,96.8,0.0,0.0,1.4,0.7,0.7,0.4,21.3,,0
